DatasetName,ACTR8_S(333) ACTR8_S(412) ACTR8_S(562),ACTR8_S(21) ACTR8_S(444) ACTR8_S(57),ACTR8_S(132)
RM2024_Intensity D4-1___3,,,
RB2022_4_PostEndurance,,,
FSO2013_Ratio M/L normalized Rep3,,,
SR2019_MCF7_Biol_repl_3,,,
RKK2015_IKKb(K44M)+TNF-α/IKKb(K44M),,,
SR2019_LM2_Biol_repl_1,,,
RCJD2014_15min_1,,,
AS2011_Ratio H/L Normalized by Proteins Inhi_1,,,
CK2022_7 16-1,,,
NJH2025_Sub12_HIIT_Mid,,,
AH2018_LFQ_IT_1_C,,,0.4874671736628892
RKK2015_TNF-α/basal,,,
JJ2018_Ratio H/M normalized pP2,,,
NJH2025_Sub12_MICT_Pre,,,
NJH2025_Sub7_MICT_Post,,,
DL2023_control-3,,,
ZX2022_Control Replicate 2,,,
HS2024_6_B_T3,,,
JW2015_Intensity pre1,,,
IMM2018_normalised rep. int. Empty-3,,,
AMK2021_30R_p5,,,
FSO2013_Ratio M/L normalized Rep1,,,
SR2019_MDAMB231_Biol_repl_4,,,
GF2025_P2_Sph,,,
FSO2012_Ratio -/+ 3-MB-PP1 exp. wt2b,,,
NJH2025_Sub13_HIIT_Mid,,,
CP2009_Ratio M/L,,,
NJH2025_Sub7_HIIT_Post,,,
KBE2022_Log2_Ex_44_T,,,0.4821795589726769
DB2022_Intensity L2,,,
TM2022_mock.4h.C,,,
AST2020_anti-CD3.2,,,
CW2012_10 µM Erl/control Experiment 1 Replicate B,,,
HS2024_7_B_N1,,,
FSO2013_Ratio M/L normalized Rep1___1,,,
SAS2015_AZD/DMSO_Exp3,,,
RM2024_Intensity D0-2___3,,,
RM2024_Intensity D6-1,,,
RB2022_8_RecoverySprint,,,
RB2022_5_PreEndurance,,,
CKC2017_log2 normalized phosphoproteomics_30min_rep#2,,,
EP2017_Untreated R#4 normalized log2 ratio,0.5236297941133803,0.518906614589965,
WZ2023_Pu_010_30min,0.5604795280152185,,0.5848702535918155
AS2011_Ratio H/L Proteins RNAi_2,,,0.3546213802131391
RB2022_4_PreStrength,,,
NJH2024_Sub4_MICT_Post,,,
AH2018_LFQ_M_1_X,,,0.6258107534598597
RB2022_8_RecoveryEndurance,,,
KBE2022_Log2_Ex_14_U,,,0.4896787343996409
FSO2013_Ratio M/L normalized Rep3___3,,,
AH2018_TMTMS3_1_C,0.5499804866103398,,0.4174621095591796
JJ2018_Ratio H/L normalized___1,,,
ZQ2022_C2,,,
RB2022_5_PreSprint,,,
PG2020_Intensity 8h_C,,,
AH2018_SILAC_MR_2_N,0.5635662058813762,,0.6435347518588771
MV2014_Ratio M/L normalized A1___2 (2 min),,,
TM2022_S2.8h.B,,,
MV2014_Ratio M/H normalized B3___1 (30 min),,,
FSO2012_Ratio -/+ 3-MB-PP1 exp. as4a,,,
RNJ2017_Log2_ratio_Tsup:Tstim_D2,,,
RM2024_Intensity D6-1___2,,,
NJH2025_Sub7_MICT_Mid,,,
LY2019_P1+,,,0.3703483109737992
AS2011_Ratio H/L Proteins Inhi_2,,,
BS2014_Log2(Ratio H/L normalized),,,
UK2020_HCM_2,,,
FSO2013_Ratio H/L normalized Rep2___2,,,
EP2017_Pervanadate R#3 normalized log2 ratio,0.5561464678845668,0.4929467408426828,
RM2024_Intensity D4-3___3,,,
RB2022_5_PreStrength,,,
NJH2024_Sub4_MICT_Mid,,,
TM2022_S2.4h.A,,,
RB2022_5_PostStrength,,,
GF2025_P6_Sph,,,0.5210098719629445
RB2022_2_PreSprint,,,
ZX2022_CB treated Replicate 3,,,
RM2024_Intensity D6-2___3,,,
WZ2023_Pe_025_10min,0.5462582918221237,,0.5496063640071239
AS2011_Ratio H/L Normalized by Proteins RNAi_1,,,
AST2020_anti-CD3+PDL2.1,,,
KBE2022_Log2_Ex_34_U,,,0.4908816378278543
WZ2023_Pu_005_10min,0.5593493202149089,,0.5511334345899515
AS2011_Ratio H/L RNAi_2_1,,,
NJH2024_Sub9_HIIT_Mid,,,
CK2022_9 40-1,,,
KTGR2014_Ratio H L Normalized Rep1_Rapamycin_0_15,,,
LG2023_GSK3α-1_intensity,,,
WZ2023_Pu_025_30min,0.5636625769765568,,0.5692844613696182
AH2018_SILAC_MR_2_X,0.5623534714635192,,0.6293580402528554
HS2024_4_PD_T2,,,
NJH2024_Sub4_HIIT_Pre,,,
RB2022_2_RecoverySprint,,,
AS2011_Ratio H/L Protein RNAi_1,,,
RM2024_Intensity D2-1___2,,,
CR2017_Ratio Replicate 1.4,0.5722697110656538,,0.5942300111242108
FR2021_Norm.Intensity.B,,,
RM2024_Intensity D6-2___1,,,
YC2018_Log2(SKBR3-LR/SKBR3)_Rep.2-1,,,
RB2022_5_PostSprint,,,
EJN2021_3_Rest_Basal,,,
CR2017_Ratio Replicate 1.3,,,0.6477028604789584
AS2011_Ratio H/L Normalized by Protein RNAi_2,,,
KTGR2014_Ratio-Rapa 7 mins,,,
AMK2021_120R_p1,,,
AH2018_SILAC_3_X,,,0.6295541990786854
JJ2018_Ratio M/L normalized pP3,,,
AH2018_SILAC_M_2_N,0.5569683038917647,,0.6316491331169846
HS2024_7_PD_T2,,,
FSO2013_Ratio H/L normalized Rep1___1,,,
AH2018_LFQ_1_C,,,0.5710183324936285
AS2011_Ratio H/L Normalized Inhi_1_3,,,0.3461672049017875
KBE2022_Log2_Ex_28_T,,,0.5029055870841979
HS2024_3_B_N1,,,
RM2024_Intensity D4-2___3,,,
WZ2023_Pe_025_30min,0.5445278414505318,,0.5652964778212491
CK2022_11 40-1,,,
CW2012_10 µM Erl/control Experiment 3 Replicate B,,,
AH2018_SILAC_2_X,,,0.6272322250062325
MV2014_Ratio H/M normalized A2___2 (2 min),,,
AS2011_Ratio H/L RNAi_1_2,,,
KS2014_Intensity E15_1,,,0.6178147637438866
FSO2013_Ratio H/L normalized Rep2,,,
WZ2023_Pu_005_20min,0.5582832567407167,,0.5829040041457377
NJH2024_Sub10_MICT_Post,,,
RM2024_Intensity D2-3___1,,,
CR2017_Ratio Replicate 1.5,0.5392121947997007,,0.5439674513465017
CW2012_10 µM Gef/control Experiment 2 Replicate B,,,
HS2024_7_B_T3,,,
CKC2017_log2 normalized phosphoproteomics_60min_rep#1,,,
AS2011_Ratio H/L RNAi_1,,,
JC2019_Normalised_intensity_A_TiOx_Testis_sample_URO0059,,,
AH2018_LFQ_M_1_C,,,0.594077351804136
NJH2025_Sub7_MICT_Pre,,,
SR2019_SKBR3_Biol_repl_2,,,
HS2024_9_B_T2,,,
KTGR2014_Ratio-AA 7 mins,,,
MV2014_Ratio L/H normalized B3___3 (5 min),,,
HS2024_3_PD_T1,,,
FSO2013_Ratio M/L normalized Rep3___2,,,
SR2019_BT549_Biol_repl_3,,,
RCJD2014_20min_mean,,,
FR2021_Norm.Intensity.H,,,
RB2022_2_PreStrength,,,
DB2022_LFQ intensity L1.2,,,
HS2024_4_B_N1,,,
KTGR2014_Ratio H M Normalized Rep2_Rapamycin_0_15,,,
CK2022_1 16-1,,,
CK2022_1 200-1,,,
PG2020_Intensity Mock_10h_D,0.48603293593906666,,0.4001121150105722
SR2019_MCF10A_Biol_repl_2,,,
JJ2018_Ratio M/L normalized pP2___2,,,
HS2024_6_PD_T1,,,
JVO2010_Ratio M/L Normalized by Protein ThymON - Log2 G1/S,0.6790821923011962,0.5193936072352596,0.52633217855014
RB2022_6_RecoveryEndurance,,,
FSO2012_Ratio -/+ 3-MB-PP1 exp. wt3b,,,
EP2017_Mitotic R#2 normalized log2 ratio,0.5649538148605252,0.521111936812103,
RCJD2014_5min_1,,,
RM2024_Intensity D4-1___1,,,
DL2023_24h-1,,,
YC2018_Log2(SKBR3-LR/SKBR3)_Rep.1-1,,,
FSO2012_Ratio -/+ 3-MB-PP1 exp. as2b,,,
TM2022_S2.4h.C,,,
SAS2015_PLX/AZD_Exp2,,,
CR2017_Ratio Replicate 3.3,0.572942992379211,,0.5725285669546748
PG2020_Intensity 2h_C,,,
VOI2024_Veh2 di,,,
ZX2022_CB treated Replicate 2,,,
KBE2022_Log2_Ex_8_T,,,0.4624760577671165
NJH2025_Sub10_MICT_Post,,,
HS2024_6_I_T3,,,
RN2012_L11,,,0.4906408010128676
AS2011_Ratio H/L Normalized Inhi_2_2,,,
IMM2018_normalised rep. int. Empty-1,,,
HS2024_5_PD_T1,,,
AH2018_LFQ_M_2_C,,,0.6289943330931919
CK2022_3 40-1,,,
RBK2021_1260T Early,,,
NJH2024_Sub4_HIIT_Post,,,
HS2024_4_I_T1,,,
YA2020_Reporter_intensity_Cancer_No.5,,,0.3736581848265554
HH2022_Reporter intensity 8,,,
ZQ2022_N2,,,
FSO2012_Ratio -/+ 3-MB-PP1 exp. wt1b,,,
FSO2013_Ratio H/L normalized Rep3___3,,,
AH2018_TMTMS3_2_N,,,0.5469520376438058
EJN2021_5_Rest_Basal,,,
NJH2025_Sub2_HIIT_Post,,,
NJH2025_Sub1_MICT_Post,,,
HS2024_9_B_T1,,,
FSO2012_Ratio -/+ 3-MB-PP1 exp. wt1a,,,
JAW2011_Ratio H/L LS2_1,,,
JVO2010_Log2 Ratio H/M Normalized aphidicolin,0.5315151781197326,0.518114208078712,0.5224939810804972
NJH2024_Sub6_HIIT_Pre,,,
AH2018_SILAC_3_N,,,0.6288902830606294
YA2020_Reporter_intensity_Normal_No.1,,,0.3855909814433148
HS2024_3_B_T1,,,
JJ2018_Ratio H/L normalized___2,,,
RM2024_Intensity D0-2,,,
MV2014_Ratio M/L normalized B1___2 (5 min),,,
RB2022_7_PostStrength,,,
RB2022_1_PostEndurance,,,
CR2017_Ratio Replicate 3,,,0.4201672251100239
SR2019_Hs578T_Biol_repl_3,,,
MV2014_Ratio L/H normalized B3___1 (5 min),,,
RBK2021_1244T Early,,,
RB2022_3_PostSprint,,,
NJH2024_Sub13_MICT_Mid,,,
KTGR2014_Ratio-AA 2 mins,,,
GF2025_P7_Sph,,,0.5437172518909192
HS2024_8_I_T3,,,
CF2017_EOC 3,,,
LATM2013_Normalized Log2 Ratio (Medium/Light) Forward,,,
HS2024_6_PD_T3,,,
DL2023_12h-2,,,
RM2024_Intensity D6-3___1,,,
FS2019_Ctr1,,,
WZ2023_Pu_010_20min,0.5625615553423116,,0.5711933594351434
AS2011_Ratio H/L_3,,,
CK2022_1 40-1,,,
RNJ2017_Log2_ratio_Tsup:Trest_D1,,,
CK2022_8 16-1,,,
KS2014_Intensity N3,0.5802112548731151,0.5222984010355279,0.7081899648278215
RB2022_4_RecoveryEndurance,,,
RB2022_5_RecoveryEndurance,,,
JAW2011_Ratio H/L LS1a_2,,,
NJH2024_Sub12_HIIT_Mid,,,
AH2018_LFQ_IT_1_N,,,0.5051114264233315
FSO2013_Ratio H/M normalized Rep2,,,
RAM2015_Log2 A,0.5583223041747897,,
HS2024_8_PD_T1,,,
JJ2018_Ratio H/L normalized pP2,,,
CF2017_OSE 27,,,
KS2014_Intensity E15_2,0.5369527493574654,,0.5723931762862797
BS2014_Log2(Ratio H/L protein),,,
PG2020_Intensity 8h_A,,,
HS2024_7_I_T1,,,
VOI2024_Veh3 di,,,
RKK2015_TNF-α+SC-514/basal,,,
SR2019_JIMT1_Biol_repl_1,,,0.4524504669734118
HW2015_Ratio H/L normalized Exp2,,,
HS2024_3_I_N1,,,
AH2018_SILAC_M_3_X,,,0.630712988075625
NJH2024_Sub9_HIIT_Post,,,
AS2011_Ratio H/L RNAi_1_3,,,
GRW2016_Ratio H/L normalized SILAC 1___2,,,
NJH2025_Sub1_HIIT_Pre,,,
YC2018_Log2(SKBR3-LR/SKBR3)_Rep.1-2,,,
NJH2024_Sub4_HIIT_Mid,,,
VOI2024_0.1uM 2 h_1 di,,,
KBE2022_Log2_Ex_6_T,,,0.4943250865495453
RM2024_Intensity D4-3___1,,,
AH2018_LFQ_4_X,,,0.6133138261503172
AS2011_Inhi 2_Ratio H/L normalized by corresponding protein level (H:TAL treatment; L: MA treatment),,,
RB2022_8_PostEndurance,,,
NJH2025_Sub4_MICT_Mid,,,
YP2020_Intensity C30_R1_mult_log2,,,
AST2020_anti-CD3.1,,,
NJH2025_Sub4_HIIT_Post,,,
EP2017_Untreated R#4 log2 ratio,0.5246656103566663,0.5206091222587679,
HS2024_6_B_N1,,,
KBE2022_Log2_Ex_27_T,,,0.4733928573218751
CW2012_10 µM Gef/control Experiment 1 Replicate A,,,
VOI2024_0.1uM 24 h_1 mono,,,
AMK2021_120R_p5,,,
AS2011_Ratio H/L Proteins,,,0.3258186475639166
NJH2024_Sub7_HIIT_Post,,,
NJH2015_TMT Subject 1 127_N/126 (Exercise/Basal) (normalized),,,
AS2011_Ratio H/L RNAi_2_2,,,
RB2022_7_RecoveryStrength,,,
AH2018_SILAC_IT_3_X,,,0.6513461056936741
JAW2011_Ratio H/L,,,
PG2020_Intensity 10h_C,,,0.3398323141233881
FSO2013_Ratio M/L normalized Rep2,,,
CP2009_Ratio H/M Normalized (50 nM dasatinib vs 5 nM dasatinib),,,
HH2022_Reporter intensity 5,,,
SR2019_HCC1954_Biol_repl_2,,,
CK2022_14 40-1,,,
RB2022_6_PreSprint,,,
NJH2025_Sub12_MICT_Mid,,,
PG2020_Intensity 4h_D,,,0.4543492051906412
NJH2025_Sub2_MICT_Post,,,
AH2018_LFQ_4_C,,,0.5927632640289379
DL2023_control-1,,,
AR2021_ALG 10 μM,,,
JAW2011_Ratio H/L LS2_2,,,
AH2018_SILAC_IT_3_N,,,0.6543546104361748
EJN2021_4_Rest_Ins,,,
RN2012_H05,,,0.5893439262521756
NJH2024_Sub7_HIIT_Mid,,,
GF2025_P2_Adh,,,
FSO2012_Ratio -/+ 3-MB-PP1 exp. as4b,,,
RB2022_8_PostSprint,,,
EJN2021_1_Rest_Ins,,,
HH2022_Reporter intensity 3,,,
FSO2012_Ratio -/+ 3-MB-PP1 exp. wt4b,,,
AH2018_SILAC_IT_1_C,,,0.4805230343274138
JW2021_After_3,,,
GF2025_P8_Sph,,,0.469168775666685
FSO2012_Ratio -/+ 3-MB-PP1 exp. wt4,,,
JJ2018_Ratio M/L normalized pP2___1,,,
AH2018_SILAC_2_N,,,0.6297560159132226
CK2022_11 200-1,,,
CK2022_12 200-1,,,
AS2011_Ratio H/L Normalized by Protein RNAi_1,,,
RM2024_Intensity D2-1___3,,,
NJH2024_Sub1_MICT_Pre,,,
HH2022_Reporter intensity 9,,,
WZ2023_Su_010_20min,0.554665485038116,,0.5816654198387327
AH2018_TMTMS2_2_N,0.5612991930693236,,0.4223133062133437
NJH2024_Sub13_MICT_Pre,,,
KBE2022_Log2_Ex_41_U,,,0.496090892140405
NJH2015_TMT Subject 3 129_N/128_C (Exercise/Basal) (normalized),,,
AH2018_TMTMS3_Pool,,,0.5347567945638696
KS2014_Intensity N4,0.583931054535462,,0.735005509551387
NJH2024_Sub1_HIIT_Post,,,
MM2018_Ratio H/L replicate2,,,0.621879842600418
RM2024_Intensity D4-2___2,,,
NJH2024_Sub13_HIIT_Pre,,,
CF2017_OSE 26,,,
CK2022_14 200-1,,,
SR2019_Hs578T_Biol_repl_1,,,
RB2022_7_PostSprint,,,
TM2022_mock.4h.A,,,
NJH2025_Sub12_HIIT_Pre,,,
AH2018_TMTMS3_1_N,,,0.5278503917858796
AST2020_anti-CD3+PDL2.2,,,
PG2020_Intensity Mock_10h_A,,,0.4091460268671794
JW2021_After_2,,,
NJH2024_Sub2_MICT_Post,,,
EJN2021_2_Rest_Ins,,,
SR2019_LM2_Biol_repl_4,,,
CP2009_Ratio H/M,,,
JAW2011_Ratio H/L HS,,,
CK2022_13 16-1,,,
GF2025_P1_Adh,,,
GF2025_P1_Sph,,,
EJN2021_5_Ex_Basal,,,
HS2024_7_I_T3,,,
JJ2018_Ratio H/L normalized pP2___2,,,
WZ2023_Pe_010_10min,0.5470816175477541,,0.5607912636685574
CF2017_EOC 1,,,
CK2022_3 200-1,,,
AH2018_LFQ_IT_3_C,,,0.6251900898837602
SR2019_Hs578T_Biol_repl_2,,,
NJH2024_Sub12_HIIT_Post,,,
JJ2018_Ratio H/L normalized pP1___2,,,
MV2014_Ratio H/L normalized A1___2 (10 min),,,
NJH2024_Sub10_MICT_Mid,,,
NJH2024_Sub13_MICT_Post,,,
BS2014_Log2(Ratio H/L normalized Rep_1),,,
RB2022_3_RecoverySprint,,,
NJH2025_Sub1_HIIT_Mid,,,
RCJD2014_20min_2,,,
FSO2012_Ratio -/+ 3-MB-PP1 exp. wt2,,,
HS2024_6_PD_T2,,,
HS2024_5_B_T1,,,
CW2012_10 µM Gef/control Experiment 2 Replicate A,,,
DL2023_12h-3,,,
SR2019_MDAMB231_Biol_repl_2,,,
HS2024_3_B_T2,,,
RB2022_6_PreStrength,,,
CK2022_2 40-1,,,
RB2022_1_PostSprint,,,
CK2022_4 200-1,,,
JW2021_Before_2,,,
TM2022_S2.12h.A,,,
MV2014_Ratio L/M normalized B2___2 (30 min),,,
CK2022_5 16-1,,,
AR2021_ALG 1 μM,0.5676905369811968,,
HS2024_4_B_T1,,,
MV2014_Ratio M/H normalized A3___1 (10 min),,,
SR2019_BT549_Biol_repl_4,,,
EJN2021_1_Rest_Basal,,,
NJH2025_Sub8_MICT_Post,,,
RCJD2014_5min_3,,,
CR2017_Ratio Replicate 3.2,0.5632193054484081,,0.5682197924178385
FSO2012_Ratio -/+ 3-MB-PP1 exp. as3a,,,
GF2025_P7_Adh,,,0.4541000010599559
CK2022_9 16-1,,,
NJH2024_Sub6_HIIT_Post,,,
AMK2021_30R_p3,,,
AS2011_Ratio H/L Normalized RNAi_2,,,0.3770907350289003
RM2024_Intensity D0-2___2,,,
KS2014_Intensity pY_N4,,,
CK2022_13 200-1,,,
AS2011_Ratio H/L Normalized_2,,,
PG2020_Intensity 6h_D,,,0.2163560188435379
CK2022_16 16-1,,,
FS2019_db/db3,,,
CK2022_15 40-1,,,
NJH2024_Sub9_MICT_Pre,,,
BS2014_Log2(Ratio H/L unmodified peptide),,,
WZ2023_Su_005_10min,0.5591244345949239,,0.585478393583411
RM2009_Ratio M/L (M:15 min timepoint;L:0 min. timepoint),,,0.6012683401444515
KBE2022_Log2_Ex_41_T,,,0.4865867758425037
AMK2021_Ctrl_p1,,,
AH2018_LFQ_IT_3_X,,,0.6269273949082598
HS2024_5_PD_T3,,,
AH2018_TMTMS3_3_X,,,0.5351527892831839
FSO2012_Ratio -/+ 3-MB-PP1 exp. as2,,,
KBE2022_Log2_Ex_40_U,,,0.4738933403769629
AH2018_LFQ_M_1_N,0.5411815661809573,,0.6257602039301907
KBE2022_Log2_Ex_27_U,,,0.4771996020123337
HW2015_Ratio M/L normalized Exp3,,,
RKK2015_TNF-α/IKKb(K44M),,,
AH2018_SILAC_M_1_N,,,0.5091550996781123
HW2015_Ratio M/L normalized Exp1,,,
RB2022_5_RecoveryStrength,,,
YP2020_Intensity P10_R1_mult_log2,,,
RB2022_7_PreStrength,,,
YA2020_Reporter_intensity_Normal_No.4,,,0.3853990435675727
NJH2025_Sub13_HIIT_Pre,,,
PG2020_Intensity CT_D,,,0.4279552082704768
NJH2025_Sub9_MICT_Post,,,
VOI2024_Veh1 mono,,,
CK2022_12 16-1,,,
RN2012_L13,,,0.4831397722078447
LG2023_Control-1_intensity,,,
RM2024_Intensity D6-3___2,,,
KBE2022_Log2_Ex_8_U,,,0.4517291722572315
SR2019_SKBR3_Biol_repl_3,,,
NJH2024_Sub1_MICT_Post,,,
HS2024_3_I_T2,,,
KTGR2014_Ratio M L Normalized Rep2_Rapamycin_0_15,,,
RM2024_Intensity D0-3___3,,,
HS2024_6_I_T2,,,
CW2012_10 µM Erl/control Experiment 2 Replicate B,,,
AS2011_Ratio H/L Protein Inhi_1,,,0.3804255223873267
FSO2013_Ratio H/M normalized Rep2___1,,,
GRW2016_Ratio M/L normalized SILAC 5a___2,,,
CK2022_10 40-1,,,
NJH2024_Sub12_HIIT_Pre,,,
NJH2024_Sub8_MICT_Pre,,,
RM2024_Intensity D0-1___1,,,
LY2019_P3+,,,0.5634585702117957
HH2022_Reporter intensity 6,,,
RB2022_2_RecoveryStrength,,,
KTGR2014_Ratio-AA 15 mins,,,
AS2011_Ratio H/L Normalized RNAi_2_2,,,
KS2014_Intensity pY_N3,,,
MV2014_Ratio H/L normalized B1___2 (30 min),,,
LY2019_P5-,,,0.2396302754893317
HW2015_Ratio M/L normalized Exp2,,,
SR2019_HCC1419_Biol_repl_1,,,
AH2018_TMTMS2_3_X,0.555714710566689,,0.4308480900332175
GF2025_P3_Adh,,,
SR2019_JIMT1_Biol_repl_2,,,0.4726182560176984
AH2018_TMTMS2_1_C,0.5465278535455741,,0.4256932882555239
RM2024_Intensity D0-1___2,,,
LY2019_P4+,,,0.4395028804076845
KBE2022_Log2_Ex_19_U,,,0.5062447746273058
CKC2017_log2 normalized phosphoproteomics_0min_rep#1,,,
RB2022_4_PostStrength,,,
LG2023_GSK3α-3_intensity,,,
YA2020_Reporter_intensity_Cancer_No.1,,,0.4462985839176677
AST2020_Control,,,
JAW2011_Ratio H/L LS1a,,,
RCJD2014_5min_mean,,,
NJH2015_iTRAQ Subject 4 114/115 (Exercise/Basal) (normalized),,,
NJH2025_Sub1_MICT_Mid,,,
TM2022_S2.12h.C,,,
NJH2025_Sub9_MICT_Mid,,,
CKC2017_log2 normalized phosphoproteomics_120min_rep#2,,,
AS2011_Ratio H/L Normalized Inhi_1_2,,,0.3461672049017875
FSO2013_Ratio M/L normalized Rep2___1,,,
LG2023_Control-2_intensity,,,
NJH2024_Sub8_HIIT_Pre,,,
KS2014_Intensity pY_N2,,,
RB2022_5_RecoverySprint,,,
RB2022_7_RecoverySprint,,,
YA2020_Reporter_intensity_Normal_No.3,,,0.3995440878771282
HS2024_8_B_T2,,,
AH2018_LFQ_1_X,,,0.6029849576351962
RM2024_Intensity D6-1___1,,,
RCJD2014_10min_2,,,
FR2021_Norm.Intensity.M,,,
RM2024_Intensity D0-3___1,,,
KS2014_Intensity N2,0.5797643733243327,0.5023060985312638,0.7038500535139719
HH2022_Reporter intensity 1,,,
HH2022_Reporter intensity 2,,,
RM2024_Intensity D6-2___2,,,
FSO2012_Ratio -/+ 3-MB-PP1 exp. as1,,,
RM2024_Intensity D2-3___2,,,
YA2020_Reporter_intensity_Normal_No.5,,,0.3517177698723324
SR2019_MCF7_Biol_repl_1,,,
FSO2012_Ratio -/+ 3-MB-PP1 exp. as1a,,,
HS2024_8_B_T1,,,
NJH2025_Sub6_HIIT_Pre,,,
RNJ2017_Log2_ratio_Tsup:Tstim_D1,,,
EP2017_Untreated R#2 log2 ratio,0.590169551003224,0.5522330627611596,
SR2019_LM2_Biol_repl_3,,,
RB2022_4_RecoveryStrength,,,
CR2017_Ratio Replicate 2,,,0.4759512199942761
CW2012_10 µM Erl/control Experiment 2 Replicate A,,,
FSO2013_Ratio H/M normalized Rep3,,,
AR2021_KD 72h,,,
MV2014_Ratio H/M normalized B2___3 (5 min),,,
KBE2022_Log2_Ex_18_U,,,0.4771048039634215
AS2011_Ratio H/L Inhi_1_1,,,
NJH2024_Sub8_MICT_Post,,,
AH2018_TMTMS3_3_C,,,0.5312891321523849
KBE2022_Log2_Ex_9_U,,,0.5121446999783119
AH2018_SILAC_M_3_N,,,0.6305601137347585
KBE2022_Log2_Ex_13_T,,,0.4712913039884328
RM2024_Intensity D0-3,,,
SR2019_SKBR3_Biol_repl_1,,,
PG2020_Intensity Mock_10h_C,,,0.4895228639310447
CF2017_OSE 29,,,
YB2013_Ratio_H_L_Normalized_in_experiment_1,,,
NJH2025_Sub1_HIIT_Post,,,
DL2023_24h-2,,,
HS2024_7_B_N2,,,
PG2020_Intensity 10h_A,,,
RN2012_L12,,,0.5617063491182633
MV2014_Ratio M/L normalized B1___3 (5 min),,,
NJH2024_Sub8_MICT_Mid,,,
AH2018_LFQ_IT_4_C,,,0.6283767844874958
SAS2015_PLX/AZD_Exp1,,,
FR2021_Norm.Intensity.A,,,
FSO2013_Ratio H/M normalized Rep1___1,,,
JW2015_Intensity cap2,,,
BS2014_Log2(Ratio H/L normalized Rep_2),,,
NJH2024_Sub6_MICT_Post,,,
CK2022_8 40-1,,,
RB2022_7_RecoveryEndurance,,,
NJH2025_Sub12_HIIT_Post,,,
EJN2021_4_Ex_Basal,,,
TM2022_S2.12h.B,,,
RN2012_L15,,,0.5662857901550269
KS2014_Intensity pY_PV3,,,
TM2022_S2.4h.B,,,
PG2020_Intensity 4h_A,,,0.2978300449099434
FSO2013_Ratio H/M normalized Rep2___2,,,
TM2022_mock.4h.B,,,
KBE2022_Log2_Ex_24_U,,,0.4890557971764414
NJH2025_Sub13_MICT_Mid,,,
KS2014_Intensity C3,0.557517458830727,,0.5525056679303305
RB2022_1_PreSprint,,,
HS2024_4_I_N1,,,
CK2022_7 200-1,,,
CK2022_5 200-1,,,
CKC2017_log2 normalized phosphoproteomics_120min_rep#3,,,
FSO2013_Ratio H/L normalized Rep2___1,,,
NJH2024_Sub10_HIIT_Mid,,,
RB2022_2_PostEndurance,,,
AH2018_LFQ_2_C,,,0.6067604151072256
AH2018_SILAC_MR_1_X,0.520276070241651,,0.6103993902992979
KTGR2014_Ratio H M Normalized Rep1_Rapamycin_0_15,,,
IMM2018_normalised rep. int. Empty-2,,,
RM2024_Intensity D4-1,,,
KBE2022_Log2_Ex_25_U,,,0.50913158100373
AH2018_SILAC_3_C,,,0.6287930809768697
EJN2021_5_Rest_Ins,,,
VOI2024_0.1uM 24 h_3 di,,,
RNJ2017_Log2_ratio_Tstim:Trest_D3,,,
DB2022_LFQ intensity L2.1,,,
FSO2013_Ratio H/M normalized Rep1,,,
CK2022_4 16-1,,,
AS2011_Ratio H/L,,,0.2889859213411959
SR2019_MCF7_Biol_repl_4,,,
EJN2021_2_Ex_Ins,,,
AS2011_Ratio H/L Inhi_2_3,,,
JAW2011_Ratio H/L LS1a_1,,,
AH2018_LFQ_1_N,,,0.6065026208888797
SAS2015_PLX/DMSO_Exp1,,,
SFR2015_HL_log2_ratio_avg_c,,,
JJ2018_Ratio M/L normalized pP2,,,
NJH2024_Sub7_MICT_Mid,,,
PG2020_Intensity 6h_B,,,
FSO2013_Ratio H/L normalized Rep3,,,
GRW2016_Ratio H/L normalized SILAC 2___2,,,
RKK2015_IKKb(K44M)+TNF-α/TNF-α,,,
JJ2018_Ratio M/L normalized,,,
KTGR2014_Ratio-AA 30 mins,,,
JW2021_After_1,,,
NJH2025_Sub2_MICT_Mid,,,
HS2024_6_B_N2,,,
KBE2022_Log2_Ex_9_T,,,0.4893191096716006
AH2018_SILAC_IT_2_N,,,0.6549520032128398
AH2018_SILAC_IT_1_X,,,0.6471573714657879
HW2015_Ratio H/L normalized Exp3,,,
HS2024_7_PD_T1,,,
UK2020_UA_2,,,
RM2024_Intensity D2-1___1,,,
GF2025_P10_Sph,,,0.5235695751391702
WZ2023_Pe_025_20min,0.5435174918475444,,0.5543833719400222
JVO2010_Log2 Ratio M/L Normalized aphidicolin,0.5364988572706917,0.5206060476541915,0.5299694998069358
AH2018_LFQ_2_N,0.5671713984683974,,0.6000250181610148
HS2024_4_I_N2,,,
AH2018_TMTMS2_3_N,0.5552614483699957,,0.4428211595175556
RN2012_H06,,,0.5793336517529998
AS2011_Inhi 1_Ratio H/L normalized by corresponding protein level (H:TAL treatment; L: MA treatment),,,0.560208222430686
HS2024_4_PD_T3,,,
WZ2023_Su_005_30min,0.5573605183141065,,0.5758098453262475
SR2019_HCC1419_Biol_repl_4,,,
JJ2018_Ratio H/M normalized___2,,,
SR2019_JIMT1_Biol_repl_3,,,
AS2011_Ratio H/L Protein,,,0.3258186475639166
UK2020_HCM_3,,,
NJH2024_Sub10_HIIT_Post,,,
CR2017_Ratio Replicate 3.1,,,0.4256613650547348
WZ2023_Su_025_10min,0.5539546152563606,,0.5733077460049462
AH2018_LFQ_IT_4_X,,,0.6294370926574026
CP2009_Ratio H/L,,,
VOI2024_0.1uM 24 h_3 mono,,,
RB2022_4_RecoverySprint,,,
RM2024_Intensity D6-3,,,
WZ2023_Su_005_20min,0.5591462148875018,,0.5866972990956191
CW2012_10 µM Gef/control Experiment 1 Replicate B,,,
SFR2015_HL_log2_ratio_avg_a,,,
CW2012_10 µM Erl/control Experiment 3 Replicate A,,,
RB2022_1_PreEndurance,,,
FSO2012_Ratio -/+ 3-MB-PP1 exp. wt3a,,,
LG2023_GSK3α-2_intensity,,,
EP2017_Pervanadate R#1 log2 ratio,0.5467636403942316,0.5062418647950485,
NJH2025_Sub6_HIIT_Post,,,
RB2022_6_RecoverySprint,,,
KS2014_Intensity,0.5727480333608055,0.5055215920333972,0.6658680842599379
MV2014_Ratio H/M normalized A2___1 (2 min),,,
PG2020_Intensity 8h_D,,,
LY2019_P7+,,,0.3452100720393077
EP2017_Untreated R#1 normalized log2 ratio,0.5796611562556477,0.5337052381849827,
RN2012_L10,,,0.6208520268792037
PG2020_Intensity 4h_C,,,0.3619983232395395
EP2017_Mitotic R#3 normalized log2 ratio,0.5644678904384044,0.5265888232070534,
FSO2012_Ratio -/+ 3-MB-PP1 exp. as4,,,
DB2022_LFQ intensity L1,,,
KBE2022_Log2_Ex_24_T,,,0.4812160060867577
RB2022_8_PostStrength,,,
AH2018_SILAC_IT_2_X,,,0.6490706632275828
HS2024_4_B_T3,,,
NJH2024_Sub2_HIIT_Post,,,
HS2024_8_B_N2,,,
NJH2025_Sub8_HIIT_Pre,,,
JJ2018_Ratio H/L normalized pP2___1,,,
HS2024_8_I_T2,,,
KBE2022_Log2_Ex_6_U,,,0.4673590597949849
LATM2013_Normalized Log2 Ratio (Light/Medium) Reverse,,,
CR2017_Ratio Replicate 1.1,,,0.4962164303544599
CKC2017_log2 normalized phosphoproteomics_30min_rep#1,,,
MV2014_Ratio M/H normalized B3___2 (30 min),,,
CK2022_16 200-1,,,
VOI2024_0.1uM 2 h_3 di,,,
EP2017_Mitotic R#1 normalized log2 ratio,0.5685833335353986,0.5255199218211372,
GF2025_P9_Sph,,,0.5988594719235949
CK2022_6 200-1,,,
NJH2024_Sub7_MICT_Post,,,
AH2018_TMTMS3_2_X,,,0.5286074524777069
NJH2024_Sub8_HIIT_Post,,,
DB2022_LFQ intensity R1,,,
JW2015_Intensity cap3,,,
SR2019_HCC1954_Biol_repl_1,,,0.326767691915607
HS2024_4_I_T2,,,
NJH2024_Sub2_MICT_Mid,,,
VOI2024_0.1uM 2 h_2 mono,,,
CP2009_Ratio M/L Normalized (5 nM dasatinib vs Ctrl),,,
FSO2012_Ratio -/+ 3-MB-PP1 exp. as3b,,,
HS2024_4_PD_T1,,,
SAS2015_AZD/DMSO_Exp1,,,
NJH2024_Sub1_MICT_Mid,,,
IMM2018_normalised rep. int. CDK5L-3,,,
HS2024_3_B_T3,,,
MV2014_Ratio L/H normalized A3___2 (2 min),,,
NJH2025_Sub13_MICT_Pre,,,
SR2019_MDAMB231_Biol_repl_3,,,
GRW2016_Ratio H/L normalized SILAC 4___1,,,
MM2018_Ratio H/L replicate1,,,0.6174240519272335
PG2020_Intensity 2h_D,,,0.4431985935571347
EP2017_Untreated R#3 normalized log2 ratio,0.5305421971818841,0.45869579837382596,
MV2014_Ratio M/H normalized A3___3 (10 min),,,
NJH2024_Sub7_HIIT_Pre,,,
JAW2011_Ratio H/L LS2,,,
CK2022_8 200-1,,,
KS2014_Intensity pY_C4,,,
CR2017_Ratio Replicate 3.5,0.5865224898035956,,0.5590191862628952
RB2022_7_PostEndurance,,,
NJH2025_Sub4_HIIT_Pre,,,
CKC2017_log2 normalized phosphoproteomics_90min_rep#3,,,
TM2022_mock.12h.A,,,
JJ2018_Ratio H/L normalized pP1,,,
EP2017_Pervanadate R#2 normalized log2 ratio,0.5581140513597735,0.5131716732733401,
AS2011_Ratio H/L Normalized by Protein (Unnormalized),,,0.3273537074123576
KS2014_Intensity pY_E5_4,,,
RM2024_Intensity D4-3___2,,,
CKC2017_log2 normalized phosphoproteomics_15min_rep#1,,,
AH2018_SILAC_2_C,,,0.6254965691959647
AS2011_RNAi 2_Ratio H/L normalized by corresponding protein level (H: shPlk1; L: shEg5),,,
HS2024_7_I_N1,,,
KBE2022_Log2_Ex_29_T,,,0.4883893621233228
HS2024_7_I_T2,,,
AS2011_Ratio H/L Normalized RNAi_2_3,,,
CW2012_10 µM Gef/control Experiment 3 Replicate B,,,
HS2024_6_B_T2,,,
AMK2021_45I_p5,,,
CW2012_10 µM Erl/control Experiment 1 Replicate A,,,
SAS2015_PLX/DMSO_Exp2,,,
EJN2021_1_Ex_Basal,,,
FR2021_Intensity.M,,,
RB2022_2_PostSprint,,,
AH2018_SILAC_MR_3_N,0.5640139621150394,,0.6297775477309198
MV2014_Ratio H/L normalized B1___3 (30 min),,,
CF2017_FTE 13,,,
PG2020_Intensity CT_C,,,0.2762510198354154
ZCP2016_Ratio H/L Rep 1,,,
FS2019_db/db2,,,
KS2014_Intensity pY_PV4,,,
KBE2022_Log2_Ex_39_U,,,0.4951301915864371
EP2017_Untreated R#3 log2 ratio,0.532824107862405,0.4599334727869729,
RB2022_2_PostStrength,,,
AS2011_Ratio H/L Normalized_1,,,0.3738485675930973
MV2014_Ratio M/H normalized A3___2 (10 min),,,
CR2017_Ratio Replicate 3.4,0.5992349725512027,,0.5302335104646283
HS2024_8_PD_T2,,,
FS2019_Ctr2,,,
RB2022_6_PreEndurance,,,
FR2021_Norm.Intensity.G,,,
NJH2025_Sub9_HIIT_Post,,,
CKC2017_log2 normalized phosphoproteomics_0min_rep#3,,,
RM2024_Intensity D4-3,,,
HS2024_8_B_N1,,,
NJH2025_Sub10_MICT_Mid,,,
KBE2022_Log2_Ex_15_U,,,0.4744441792383143
AS2011_Ratio H/L Normalized Inhi_2,,,
RKK2015_TNF-α/SC-514,,,
RB2022_3_PreSprint,,,
CR2017_Ratio Replicate 2.3,0.53432079994714,,0.5379262217636586
RM2009_Ratio M/L Normalized by Corresponding Protein Level (M:15 min timepoint;L:0 min. timepoint),,,0.6427826206556723
CP2009_Ratio H/L Normalized (50 nM dasatinib vs Ctrl),,,
GF2025_P4_Adh,,,
YA2020_Reporter_intensity_Normal_No.2,,,0.3883028992500748
YP2020_Intensity P30_R2_mult_log2,,,
NJH2025_Sub13_MICT_Post,,,
HS2024_4_B_N2,,,
HS2024_3_PD_T3,,,
AMK2021_120R_p3,,,
MV2014_Ratio L/H normalized A3___3 (2 min),,,
NJH2025_Sub10_HIIT_Pre,,,
FR2021_Intensity.G,,,
RAM2015_Log2 C,0.5753306356150715,0.4958772770323294,
AS2011_Ratio H/L Proteins Inhi_1,,,0.4539659875077418
FSO2013_Ratio H/M normalized Rep1___3,,,
AH2018_LFQ_M_2_N,0.574713860779616,,0.6233841026712954
MV2014_Ratio M/L normalized A1___3 (2 min),,,
KBE2022_Log2_Ex_40_T,,,0.4774527989435605
CK2022_2 16-1,,,
RAM2015_Log2 B,0.5752572557090971,,
YP2020_Intensity C10_R1_mult_log2,,,
FSO2013_Ratio M/L normalized Rep1___2,,,
NJH2025_Sub8_MICT_Pre,,,
EJN2021_4_Rest_Basal,,,
YB2013_Ratio_H_L_Normalized_in_experiment_2,,,
JJ2018_Ratio H/M normalized pP3___1,,,
VOI2024_Veh2 mono,,,
HS2024_6_B_T1,,,
UK2020_HCM_5,,,
NJH2025_Sub10_HIIT_Post,,,
VOI2024_0.1uM 2 h_3 mono,,,
JW2015_Intensity pre3,,,
AS2011_Ratio H/L Normalized Inhi_2_1,,,
DL2023_24h-3,,,
HS2024_7_PD_T3,,,
PG2020_Intensity Mock_10h_B,,,0.3926344702855456
WZ2023_Su_025_30min,0.5551412873318683,,0.5693247043700588
AH2018_LFQ_4_N,,,0.6061309912036379
CR2017_Ratio Replicate 1.2,,,0.6596769389166661
AS2011_Ratio H/L Normalized by Proteins,,,0.3485614091249576
RB2022_6_RecoveryStrength,,,
HS2024_8_I_N1,,,
AMK2021_Ctrl_p3,,,
AS2011_Ratio H/L Protein Inhi_2,,,
HH2022_Reporter intensity 7,,,
AH2018_SILAC_M_1_X,,,0.5058370591833766
RB2022_7_PreEndurance,,,
VOI2024_0.1uM 24 h_2 di,,,
DL2023_control-2,,,
LY2019_P6+,,,0.4443595996415441
DB2022_LFQ intensity R2,,,
GF2025_P6_Adh,,,0.6003383070994655
VOI2024_Veh1 di,,,
AS2011_Ratio H/L RNAi_2,,,0.3842535127109616
FSO2012_Ratio -/+ 3-MB-PP1 exp. as3,,,
VOI2024_Veh3 mono,,,
HS2024_5_I_T2,,,
NJH2025_Sub7_HIIT_Mid,,,
MV2014_Ratio H/L normalized B1___1 (30 min),,,
RM2009_Ratio H/L (H:60 min timepoint;L:0 min. timepoint),,,0.6121979404131744
RB2022_6_PostSprint,,,
KTGR2014_Ratio H L Normalized Rep2_Rapamycin_0_15,,,
AS2011_Ratio H/L Inhi_1,,,0.409795262406966
AS2011_Ratio H/L Normalized RNAi_1_2,,,
AH2018_TMTMS3_2_C,,,0.5175007049469387
SR2019_Hs578T_Biol_repl_4,,,
RB2022_8_PreStrength,,,
KS2014_Intensity C5,0.5504973364054285,,0.6006852787395289
RM2024_Intensity D0-1,,,
CW2012_10 µM Gef/control Experiment 3 Replicate A,,,
YP2020_Intensity P30_R1_mult_log2,,,
NJH2025_Sub2_HIIT_Pre,,,
RB2022_3_RecoveryEndurance,,,
RNJ2017_Log2_ratio_Tstim:Trest_D2,,,
GF2025_P9_Adh,,,0.641700458091589
RB2022_3_PostStrength,,,
TM2022_S2.8h.A,,,
AS2011_Ratio H/L RNAi_1_1,,,
AS2011_Ratio H/L Normalized by Proteins RNAi_2,,,
FSO2012_Ratio -/+ 3-MB-PP1 exp. wt1,,,
AS2011_Ratio H/L Normalized by Protein Inhi_1,,,
NJH2025_Sub2_MICT_Pre,,,
MV2014_Ratio L/M normalized A2___3 (10 min),,,
MV2014_Ratio H/M normalized A2___3 (2 min),,,
HS2024_4_B_T2,,,
SR2019_BT549_Biol_repl_1,,,
AH2018_LFQ_M_4_N,,,0.6285357060625283
NJH2024_Sub8_HIIT_Mid,,,
PG2020_Intensity 8h_B,,,
AH2018_LFQ_2_X,,,0.63462503410579
PG2020_Intensity 2h_B,,,0.3806227228316489
AS2011_Ratio H/L Proteins RNAi_1,,,
RB2022_4_PostSprint,,,
KS2014_Intensity E15_3,,,0.5810894500642997
GF2025_P3_Sph,,,
DB2022_LFQ intensity L2,,,
MV2014_Ratio H/L normalized A1___1 (10 min),,,
AH2018_SILAC_1_C,,,0.4875034310703534
NJH2024_Sub1_HIIT_Pre,,,
FSO2013_Ratio M/L normalized Rep2___2,,,
NJH2015_TMT Subject 4 130_N/129_C (Exercise/Basal) (normalized),,,
AS2011_Ratio H/L RNAi_2_3,,,
AH2018_SILAC_IT_1_N,,,0.6544374693512098
KTGR2014_Ratio H M Normalized Rep2_AA_starvation_0_15,,,
RB2022_4_PreEndurance,,,
JJ2018_Ratio M/L normalized pP1,,,
CR2017_Ratio Replicate 2.4,0.5115366391413879,,0.5106824214224936
ZQ2022_N1,,,
LY2019_P6-,,,0.1848913156164084
RM2024_Intensity D2-3,,,
UK2020_HCM_1,,,
JW2015_Intensity pre2,,,
KTGR2014_Ratio M L Normalized Rep1_AA_starvation_0_15,,,
RM2024_Intensity D2-1,,,
NJH2025_Sub12_MICT_Post,,,
MV2014_Ratio H/M normalized B2___2 (5 min),,,
RN2012_L14,,,0.5695451524569566
AH2018_LFQ_3_N,,,0.5821407617326737
RKK2015_TNF-α/IKKb,,,
SFR2015_HL_log2_ratio_std_b,,,
UK2020_UA_1,,,
KBE2022_Log2_Ex_13_U,,,0.4629541013706272
AS2011_Ratio H/L Normalized Inhi_1,,,0.4076346889004706
RNJ2017_Log2_ratio_Tsup:Trest_D2,,,
RB2022_1_RecoverySprint,,,
CKC2017_log2 normalized phosphoproteomics_120min_rep#1,,,
JJ2018_Ratio H/L normalized pP3,,,
CK2022_7 40-1,,,
AS2011_Ratio H/L Inhi_1_3,,,0.6035697001459104
NJH2025_Sub10_HIIT_Mid,,,
KTGR2014_Ratio H L Normalized Rep2_AA_starvation_0_15,,,
JAW2011_Ratio H/L LS1b_1,,,
PG2020_Intensity 4h_B,,,0.3915066122547517
SR2019_BT549_Biol_repl_2,,,
RM2024_Intensity D4-2,,,
DB2022_LFQ intensity R2.2,,,
JJ2018_Ratio H/L normalized,,,
RB2022_5_PostEndurance,,,
HS2024_5_PD_T2,,,
WZ2023_Su_025_20min,0.5555076873574901,,0.5779356001991647
RM2024_Intensity D2-2___1,,,
IMM2018_normalised rep. int. CDK5L-2,,,
LY2019_P8-,,,0.6133594827104045
JVO2010_Ratio H/M Normalized by Protein ThymON - Log2 G2,0.6851083890900442,0.522156724462799,0.5346215302327584
CKC2017_log2 normalized phosphoproteomics_15min_rep#3,,,
FSO2013_Ratio H/L normalized Rep1,,,
NJH2024_Sub2_HIIT_Pre,,,
CKC2017_log2 normalized phosphoproteomics_60min_rep#2,,,
CK2022_13 40-1,,,
FSO2012_Ratio -/+ 3-MB-PP1 exp. wt4a,,,
RN2012_H02,,,0.5427681743876401
PG2020_Intensity 10h_D,,,
RB2022_8_PreEndurance,,,
HS2024_3_B_N2,,,
EJN2021_4_Ex_Ins,,,
AS2011_Ratio H/L Normalized by Protein,,,0.3485614091249576
EJN2021_1_Ex_Ins,,,
EP2017_Pervanadate R#3 log2 ratio,0.5578356721334722,0.4953997104684639,
FSO2013_Ratio M/L normalized Rep1___3,,,
NJH2025_Sub4_HIIT_Mid,,,
RCJD2014_5min_2,,,
RB2022_6_PostStrength,,,
AH2018_SILAC_MR_3_C,0.5641930674461125,,0.6247022005320034
AH2018_LFQ_M_4_C,,,0.6167360036116175
NJH2024_Sub4_MICT_Pre,,,
AS2011_Ratio H/L Normalized Inhi_1_1,,,0.6035697001459104
DL2023_12h-1,,,
MV2014_Ratio L/M normalized B2___1 (30 min),,,
DB2022_LFQ intensity L1.1,,,
NJH2025_Sub6_MICT_Pre,,,
NJH2025_Sub6_MICT_Post,,,
CKC2017_log2 normalized phosphoproteomics_60min_rep#3,,,
RN2012_H04,,,0.5390505951618996
CK2022_6 40-1,,,
DB2022_LFQ intensity R2.1,,,
KBE2022_Log2_Ex_42_U,,,0.4950173718855197
LY2019_P3-,,,0.4075118672165007
FR2021_Intensity.A,,,
EJN2021_3_Ex_Ins,,,
MV2014_Ratio M/L normalized A1___1 (2 min),,,
WZ2023_Pe_005_30min,0.5485443622753746,,0.5759648082051086
HS2024_8_PD_T3,,,
EJN2021_3_Ex_Basal,,,
AST2020_Control.1,,,
JW2015_Intensity cap1,,,
PG2020_Intensity CT_A,,,0.3619286358329473
FS2019_Ctr3,,,
WZ2023_Pu_025_20min,0.5587886686117113,,0.5791529057587194
NJH2025_Sub4_MICT_Post,,,
JVO2010_Ratio H/M Normalized by Protein Noco3h - Log2 Late S,0.5607500921448749,0.5302140714326773,0.558793571142393
GF2025_P10_Adh,,,0.5051587241499118
RB2022_1_RecoveryStrength,,,
SR2019_HCC1954_Biol_repl_4,,,
FR2021_Norm.Intensity.N,,,
HS2024_5_B_N1,,,
FSO2013_Ratio H/M normalized Rep3___3,,,
AH2018_TMTMS2_2_C,0.5480528298585593,,0.4174166195318458
RB2022_4_PreSprint,,,
DB2022_Intensity R2,,,
AH2018_TMTMS2_Pool,,,0.5346184222464038
HS2024_8_I_N2,,,
RB2022_3_RecoveryStrength,,,
NJH2024_Sub6_HIIT_Mid,,,
AH2018_SILAC_M_1_C,,,0.5013326660733485
LY2019_P8+,,,0.5453518237902447
RB2022_2_RecoveryEndurance,,,
JJ2018_Ratio H/M normalized pP2___1,,,
JAW2011_Ratio H/L HS_1,,,
RB2022_3_PostEndurance,,,
KS2014_Intensity pY_PV1,,,
JAW2011_Ratio H/L LS1b_2,,,
SR2019_MCF7_Biol_repl_2,,,
NJH2015_TMT Subject 2 128_N/127_C (Exercise/Basal) (normalized),,,
AS2011_Ratio H/L Normalized RNAi_1_1,,,
AH2018_LFQ_M_4_X,,,0.6369678536442412
NJH2024_Sub6_MICT_Pre,,,
JJ2018_Ratio M/L normalized pP1___2,,,
YP2020_Intensity C30_R2_mult_log2,,,
NJH2024_Sub9_HIIT_Pre,,,
AS2011_Ratio H/L Normalized Inhi_2_3,,,
RM2024_Intensity D0-1___3,,,
FSO2012_Ratio -/+ 3-MB-PP1 exp. wt3,,,
KBE2022_Log2_Ex_28_U,,,0.5088302560036213
GRW2016_Ratio H/L normalized SILAC 1___1,,,
CF2017_FTE 17,,,
LY2019_P2-,,,0.6274335396885528
AH2018_LFQ_IT_1_X,,,0.501736432566656
JJ2018_Ratio H/L normalized pP3___1,,,
RB2022_8_RecoveryStrength,,,
WZ2023_Pe_005_20min,0.5489730177629218,,0.5725485199669473
AST2020_Control.2,,,
NJH2025_Sub6_MICT_Mid,,,
RCJD2014_10min_1,,,
FSO2013_Ratio H/L normalized Rep2___3,,,
JVO2010_Ratio M/L Normalized by Protein Noco3h - Log2 G1,0.5458069828323426,0.515270962120145,0.8512026297090975
HS2024_3_I_T1,,,
FSO2012_Ratio -/+ 3-MB-PP1 exp. as2a,,,
CK2022_4 40-1,,,
SR2019_MCF10A_Biol_repl_4,,,
KS2014_Intensity pY_C5,,,
NJH2025_Sub4_MICT_Pre,,,
NJH2024_Sub9_MICT_Post,,,
CF2017_OSE 28,,,
HS2024_5_B_T2,,,
HS2024_6_I_T1,,,
HS2024_5_B_T3,,,
JJ2018_Ratio H/M normalized pP1___1,,,
KBE2022_Log2_Ex_36_U,,,0.4820136909849193
AH2018_TMTMS3_3_N,,,0.534187718993779
SR2019_HCC1419_Biol_repl_2,,,
FR2021_Intensity.N,,,
AS2011_Ratio H/L Inhi_2_1,,,
AH2018_SILAC_MR_1_C,0.5606485597692208,,0.5288884796079225
NJH2024_Sub1_HIIT_Mid,,,
NJH2025_Sub8_HIIT_Mid,,,
EP2017_Mitotic R#3 log2 ratio,0.5642039299368433,0.5266067231615809,
KBE2022_Log2_Ex_36_T,,,0.4762557574231604
NJH2025_Sub6_HIIT_Mid,,,
WZ2023_Pu_005_30min,0.5571304740472703,,0.5655149800626088
KS2014_Intensity C2,0.5627091891879963,,0.5391371554900485
FSO2013_Ratio H/L normalized Rep1___2,,,
RM2024_Intensity D2-2,,,
KBE2022_Log2_Ex_42_T,,,0.5065672753639894
CK2022_9 200-1,,,
GRW2016_Ratio H/L normalized SILAC 2___1,,,
JJ2018_Ratio H/M normalized pP3___2,,,
DB2022_LFQ intensity R1.1,,,
CK2022_10 200-1,,,
NJH2024_Sub9_MICT_Mid,,,
JAW2011_Ratio H/L_2,,,
HS2024_7_I_N2,,,
RBK2021_1332T Late,,,
LY2019_P1-,,,0.7084138294050673
RKK2015_TNF-α/basal.1,,,
RKK2015_TNF-α/TNF-α+SC-514,,,
CR2017_Ratio Replicate 2.5,0.5505335789326234,,0.4796957475629385
HS2024_3_I_T3,,,
CKC2017_log2 normalized phosphoproteomics_90min_rep#2,,,
AS2011_Ratio H/L Normalized RNAi_1,,,
KS2014_Intensity E15_4,,,
ZQ2022_C3,,,
EJN2021_3_Rest_Ins,,,
YP2020_Intensity P10_R2_mult_log2,,,
MV2014_Ratio H/L normalized A1___3 (10 min),,,
NJH2025_Sub1_MICT_Pre,,,
KBE2022_Log2_Ex_39_T,,,0.4891295088911568
FSO2013_Ratio H/M normalized Rep3___2,,,
RM2024_Intensity D6-2,,,
EP2017_Untreated R#1 log2 ratio,0.5818878479672128,0.5357964079766336,
RKK2015_SC-514/basal,,,
RM2024_Intensity D6-1___3,,,
WZ2023_Pu_010_10min,0.5603951167770579,,0.585383991415496
NJH2025_Sub9_HIIT_Mid,,,
SR2019_SKBR3_Biol_repl_4,,,
HS2024_5_I_T3,,,
KS2014_Intensity N1,0.5765713348170274,0.5058797543744272,0.6816824694945443
NJH2024_Sub12_MICT_Post,,,
TM2022_S2.8h.C,,,
CR2017_Ratio Replicate 1,,,0.5627627633313923
AS2011_RNAi 1_Ratio H/L normalized by corresponding protein level (H: shPlk1; L: shEg5),,,
CKC2017_log2 normalized phosphoproteomics_30min_rep#3,,,
JJ2018_Ratio H/M normalized pP3,,,
AH2018_SILAC_MR_2_C,0.5601867833727896,,0.6229979799540392
LATM2013_Log2 Ratio (Medium/Light) Forward,,,
PG2020_Intensity 2h_A,,,
NJH2024_Sub6_MICT_Mid,,,
NJH2025_Sub13_HIIT_Post,,,
AH2018_SILAC_MR_3_X,0.5624273157352715,,0.6061025532649799
JJ2018_Ratio H/M normalized___1,,,
RCJD2014_15min_2,,,
AS2011_Ratio H/L_2,,,
AS2011_Ratio H/L Normalized,,,0.2935633595125314
RN2012_H03,,,0.5821080558254427
HS2024_5_B_N2,,,
HS2024_5_I_N1,,,
HS2024_6_I_N1,,,
AR2021_KD 48h,,,
FR2021_Intensity.B,,,
RB2022_3_PreEndurance,,,
HS2024_5_I_T1,,,
NJH2024_Sub10_MICT_Pre,,,
SR2019_LM2_Biol_repl_2,,,
AST2020_anti-CD3,,,
SR2019_MDAMB231_Biol_repl_1,,,
RM2024_Intensity D2-3___3,,,
WZ2023_Pe_005_10min,0.5491010483177207,,0.5821527036284962
KBE2022_Log2_Ex_29_U,,,0.4816040846917448
HS2024_7_B_T1,,,
AH2018_LFQ_M_2_X,,,0.6582468195293224
AH2018_LFQ_IT_4_N,,,0.6285217026006304
CK2022_15 200-1,,,
RM2024_Intensity D4-1___2,,,
JJ2018_Ratio H/M normalized,,,
JJ2018_Ratio M/L normalized pP3___1,,,
KBE2022_Log2_Ex_34_T,,,0.4835370070197596
CKC2017_log2 normalized phosphoproteomics_0min_rep#2,,,
LY2019_P2+,,,0.4080102602025946
LATM2013_Log2 Ratio (Light/Medium) Reverse,,,
CK2022_2 200-1,,,
AS2011_Ratio H/L Protein RNAi_2,,,0.3521028534865724
MV2014_Ratio L/H normalized A3___1 (2 min),,,
WZ2023_Su_010_30min,0.5538162449746618,,0.5874041801736927
RN2012_H01,,,0.6543806316021444
KTGR2014_Ratio-Rapa 2 mins,,,
EJN2021_2_Rest_Basal,,,
KS2014_Intensity pY_E5_3,,,
MM2018_Ratio H/L replicate 3,,,0.3364582190265031
EP2017_Pervanadate R#1 normalized log2 ratio,0.5448738788175161,0.5043071524818764,
HS2024_8_B_T3,,,
YA2020_Reporter_intensity_Cancer_No.3,,,0.3846950747214511
KBE2022_Log2_Ex_44_U,,,0.4933549754008959
WZ2023_Pe_010_20min,0.5472581862008844,,0.5561521516853166
KS2014_Intensity pY_C6,,,
AS2011_Ratio H/L Normalized_3,,,
RCJD2014_15min_mean,,,
RB2022_3_PreStrength,,,
NJH2015_iTRAQ Subject 3 116/117 (Exercise/Basal) (normalized),,,
RCJD2014_10min_mean,,,
KS2014_Intensity C1,0.5471193581370867,,0.5743713377410468
FSO2013_Ratio H/M normalized Rep3___1,,,
AH2018_SILAC_M_3_C,,,0.6306545550560981
RKK2015_TNF-α+IKKb/TNF-α,,,
RM2024_Intensity D0-3___2,,,
FSO2012_Ratio -/+ 3-MB-PP1 exp. wt2a,,,
AH2018_SILAC_M_2_C,0.5364180535182804,,0.6273250954426097
AH2018_SILAC_M_2_X,0.5475310973786376,,0.6214149305604975
KTGR2014_Ratio-Rapa 15 mins,,,
RM2024_Intensity D4-2___1,,,
KBE2022_Log2_Ex_15_T,,,0.4754709000200933
VOI2024_0.1uM 24 h_1 di,,,
WZ2023_Su_010_10min,0.5542031249030809,,0.578812838584256
PG2020_Intensity 6h_C,,,
JVO2010_Ratio M/L Normalized by Protein Noco45 - Log2 mitosis,0.5603656307768287,0.5066306843395538,0.6483726755540916
JJ2018_Ratio M/L normalized pP1___1,,,
AH2018_LFQ_M_3_N,0.5607294169725477,,0.6054479448421907
VOI2024_0.1uM 24 h_2 mono,,,
AH2018_TMTMS2_3_C,0.5505809412790414,,0.4358705014029755
CK2022_15 16-1,,,
CK2022_3 16-1,,,
LY2019_P4-,,,0.679130130707069
FSO2013_Ratio H/L normalized Rep3___2,,,
KS2014_Intensity pY_PV2,,,
HS2024_3_I_N2,,,
GF2025_P8_Adh,,,0.5892537789484285
YC2018_Log2(SKBR3-LR/SKBR3)_Rep.2-2,,,
GF2025_P5_Sph,,,
CK2022_10 16-1,,,
KTGR2014_Ratio H L Normalized Rep1_AA_starvation_0_15,,,
VOI2024_0.1uM 2 h_2 di,,,
NJH2015_TMT Pool 131/130_C (Exercise/Basal) (normalized),,,
NJH2024_Sub2_HIIT_Mid,,,
AMK2021_45I_p3,,,
NJH2024_Sub13_HIIT_Mid,,,
DB2022_LFQ intensity R1.2,,,
DB2022_Intensity R1,,,
NJH2024_Sub12_MICT_Mid,,,
KTGR2014_Ratio M L Normalized Rep1_Rapamycin_0_15,,,
UK2020_HCM_4,,,
SAS2015_AZD/DMSO_Exp2,,,
IMM2018_normalised rep. int. CDK5L-1,,,
DB2022_LFQ intensity L2.2,,,
KTGR2014_Ratio H M Normalized Rep1_AA_starvation_0_15,,,
EP2017_Mitotic R#1 log2 ratio,0.5667818692570367,0.5241914471394112,
EJN2021_2_Ex_Basal,,,
RM2009_Ratio H/L Normalized by Corresponding Protein Level (H:60 min timepoint;L:0 min. timepoint),,,0.5928672744744687
KTGR2014_Ratio-Rapa 30 mins,,,
CKC2017_log2 normalized phosphoproteomics_90min_rep#1,,,
CF2017_FTE 16,,,
AR2021_L41 10 μM,0.5837836498278676,,
CF2017_EOC 2,,,
RB2022_6_PostEndurance,,,
AH2018_SILAC_1_N,,,0.5052458857601134
NJH2024_Sub10_HIIT_Pre,,,
AS2011_Ratio H/L Inhi_1_2,,,
UK2020_HCM_6,,,
RB2022_7_PreSprint,,,
NJH2024_Sub2_MICT_Pre,,,
HS2024_3_PD_T2,,,
CK2022_6 16-1,,,
ZX2022_CB treated Replicate 1,,,
BS2014_Log2(Ratio H/L normalized Rep_3),,,
TM2022_mock.12h.C,,,
GRW2016_Ratio M/L normalized SILAC 5a___1,,,
HH2022_Reporter intensity 0,,,
RM2024_Intensity D2-2___2,,,
JC2019_Normalised_intensity_B_TiOx_Testis_sample_URO0126,,,
RB2022_1_PreStrength,,,
JJ2018_Ratio H/M normalized pP2___2,,,
AH2018_TMTMS2_2_X,0.5546179058138784,,0.4215549450670376
AR2021_L41 1 μM,0.5780020585530306,,
JJ2018_Ratio H/M normalized pP1___2,,,
AH2018_TMTMS2_1_N,0.5532419713104556,,0.3991355385618342
NJH2025_Sub10_MICT_Pre,,,
JVO2010_Ratio H/M Normalized by Protein Noco45 - Log2 early S,0.6504601346137749,0.5313604572043041,0.4743110398965884
ZX2022_Control Replicate 3,,,
KS2014_Intensity C4,0.5704610299754025,,0.6202887516778239
AS2011_Ratio H/L Inhi_2,,,
KBE2022_Log2_Ex_18_T,,,0.4890403249372754
NJH2025_Sub9_MICT_Pre,,,
RCJD2014_20min_1,,,
MV2014_Ratio H/M normalized B2___1 (5 min),,,
FSO2013_Ratio M/L normalized Rep2___3,,,
JC2019_Normalised_intensity_C_TiOx_Testis_sample_URO0158,,,
SR2019_MCF10A_Biol_repl_3,,,
HS2024_7_B_T2,,,
SAS2015_PLX/DMSO_Exp3,,,
AMK2021_Ctrl_p5,,,
NJH2025_Sub2_HIIT_Mid,,,
AH2018_LFQ_M_3_C,0.5400216047740667,,0.6055342688407713
CKC2017_log2 normalized phosphoproteomics_15min_rep#2,,,
YA2020_Reporter_intensity_Cancer_No.2,,,0.3647622716286028
FSO2013_Ratio H/M normalized Rep2___3,,,
RB2022_8_PreSprint,,,
AH2018_SILAC_IT_3_C,,,0.4873322246343561
WZ2023_Pu_025_10min,0.5635757611576359,,0.5629487690811594
RM2024_Intensity D2-2___3,,,
AS2011_Ratio H/L_1,,,0.3686417719549965
RCJD2014_10min_3,,,
FSO2013_Ratio M/L normalized Rep3___1,,,
SR2019_JIMT1_Biol_repl_4,,,0.4157080505098041
YP2020_Intensity C10_R2_mult_log2,,,
ZCP2016_Ratio H/L Rep 2,,,
CF2017_EOC 4,,,
JJ2018_Ratio H/L normalized pP1___1,,,
WZ2023_Pe_010_30min,0.5484641551256084,,0.5662964116700648
MV2014_Ratio L/M normalized B2___3 (30 min),,,
AH2018_LFQ_IT_3_N,,,0.6295097546572167
KS2014_Intensity C6,0.5508156253947126,,0.5937131221377601
ZQ2022_N3,,,
HW2015_Ratio H/L normalized Exp1,,,
CK2022_12 40-1,,,
NJH2024_Sub7_MICT_Pre,,,
ZX2022_Control Replicate 1,,,
JJ2018_Ratio H/M normalized pP1,,,
CK2022_16 40-1,,,
AH2018_SILAC_IT_2_C,,,0.4851120532511502
CK2022_5 40-1,,,
AH2018_LFQ_3_X,,,0.6085651001837517
UK2020_UA_3,,,
LY2019_P7-,,,0.636619788162318
GF2025_P5_Adh,,,
RB2022_1_PostStrength,,,
JAW2011_Ratio H/L LS1b,,,
FSO2013_Ratio H/L normalized Rep3___1,,,
SR2019_HCC1954_Biol_repl_3,,,
CR2017_Ratio Replicate 2.2,0.5256205867305431,,0.5147979401458104
VOI2024_0.1uM 2 h_1 mono,,,
MV2014_Ratio L/M normalized A2___1 (10 min),,,
RNJ2017_Log2_ratio_Tsup:Tstim_D3,,,
CK2022_11 16-1,,,
ZQ2022_C1,,,
CR2017_Ratio Replicate 2.1,,,0.4530309319702507
PG2020_Intensity CT_B,0.45694958862529295,,0.0
JJ2018_Ratio M/L normalized___2,,,
AH2018_SILAC_MR_1_N,0.5633708975675268,,0.6263607166703208
KS2014_Intensity pY_E5_1,,,
JW2021_Before_3,,,
NJH2015_iTRAQ Subject 2 117/116 (Exercise/Basal) (normalized),,,
MV2014_Ratio M/H normalized B3___3 (30 min),,,
FS2019_db/db1,,,
NJH2025_Sub9_HIIT_Pre,,,
JAW2011_Ratio H/L_1,,,
RCJD2014_20min_3,,,
AH2018_LFQ_3_C,0.5281136741694867,,0.5813930808506185
JJ2018_Ratio M/L normalized pP3___2,,,
AMK2021_45I_p1,,,
NJH2025_Sub8_HIIT_Post,,,
AH2018_LFQ_M_3_X,,,0.6314749459384265
YA2020_Reporter_intensity_Cancer_No.4,,,0.3955185564326677
KS2014_Intensity pY_E5_2,,,
FSO2013_Ratio H/L normalized Rep1___3,,,
GF2025_P4_Sph,,,
RB2022_2_PreEndurance,,,
JW2021_Before_1,,,
KBE2022_Log2_Ex_25_T,,,0.4951627357328326
AS2011_Ratio H/L Normalized by Proteins Inhi_2,,,
MV2014_Ratio L/M normalized A2___2 (10 min),,,
JJ2018_Ratio M/L normalized___1,,,
FR2021_Intensity.H,,,
CK2022_14 16-1,,,
AST2020_anti-CD3+PDL2,,,
MV2014_Ratio M/L normalized B1___1 (5 min),,,
KBE2022_Log2_Ex_19_T,,,0.4787805729049426
KS2014_Intensity pY_N1,,,
RB2022_1_RecoveryEndurance,,,
FSO2013_Ratio H/M normalized Rep1___2,,,
HS2024_8_I_T1,,,
NJH2015_iTRAQ Subject 1 115/114 (Exercise/Basal) (normalized),,,
EP2017_Mitotic R#2 log2 ratio,0.5634877619226103,0.5196782635792286,
AH2018_TMTMS2_1_X,0.5526600064463788,,0.4117126582387475
KTGR2014_Ratio M L Normalized Rep2_AA_starvation_0_15,,,
ZCP2016_Ratio H/L Rep 3,,,
AS2011_Ratio H/L Normalized RNAi_1_3,,,
SR2019_MCF10A_Biol_repl_1,,,
NJH2025_Sub8_MICT_Mid,,,
EJN2021_5_Ex_Ins,,,
HS2024_6_I_N2,,,
HH2022_Reporter intensity 4,,,
RBK2021_1326T Late,,,
TM2022_mock.12h.B,,,
NJH2024_Sub12_MICT_Pre,,,
RCJD2014_15min_3,,,
MV2014_Ratio L/H normalized B3___2 (5 min),,,
LG2023_Control-3_intensity,,,
JJ2018_Ratio H/L normalized pP3___2,,,
CF2017_FTE 15,,,
HS2024_4_I_T3,,,
AH2018_SILAC_1_X,,,0.5019201847494501
PG2020_Intensity 10h_B,,,
AH2018_TMTMS3_1_X,,,0.526793439124384
CF2017_FTE 14,,,
NJH2024_Sub13_HIIT_Post,,,
RM2024_Intensity D6-3___3,,,
NJH2025_Sub7_HIIT_Pre,,,
RBK2021_1259T Early,,,
RKK2015_IKK+TNF-α/IKKb,,,
FSO2012_Ratio -/+ 3-MB-PP1 exp. as1b,,,
PG2020_Intensity 6h_A,,,0.0
SR2019_HCC1419_Biol_repl_3,,,
KBE2022_Log2_Ex_14_T,,,0.4726364788402909
EP2017_Untreated R#2 normalized log2 ratio,0.5877960669343338,0.5499198169168958,
RM2024_Intensity D0-2___1,,,
DB2022_Intensity L1,,,
LY2019_P5+,,,0.5673879728060185
HS2024_5_I_N2,,,
SAS2015_PLX/AZD_Exp3,,,
EP2017_Pervanadate R#2 log2 ratio,0.5600012569380687,0.5154052632374678,
AS2011_Ratio H/L Normalized RNAi_2_1,,,
