DatasetName,ADAR_S(1110) ADAR_S(112) ADAR_S(1181) ADAR_S(304) ADAR_S(371) ADAR_S(481) ADAR_S(491) ADAR_S(530) ADAR_S(608) ADAR_S(613) ADAR_S(617) ADAR_S(642) ADAR_S(814) ADAR_S(866) ADAR_S(868) ADAR_T(308) ADAR_T(596) ADAR_T(621) ADAR_T(644) ADAR_T(646) ADAR_T(811) ADAR_Y(483),ADAR_S(334) ADAR_S(599) ADAR_S(605) ADAR_S(614) ADAR_S(622) ADAR_S(629) ADAR_S(657) ADAR_S(823) ADAR_S(825) ADAR_S(843) ADAR_T(132) ADAR_T(306) ADAR_T(349) ADAR_T(595) ADAR_T(601) ADAR_T(603) ADAR_T(619) ADAR_T(808)
RM2024_Intensity D4-1___3,,
RB2022_4_PostEndurance,,
FSO2013_Ratio M/L normalized Rep3,,
SR2019_MCF7_Biol_repl_3,,
RKK2015_IKKb(K44M)+TNF-α/IKKb(K44M),,
SR2019_LM2_Biol_repl_1,,0.562694171772703
RCJD2014_15min_1,,
AS2011_Ratio H/L Normalized by Proteins Inhi_1,,
CK2022_7 16-1,,0.5684305717027571
NJH2025_Sub12_HIIT_Mid,,
AH2018_LFQ_IT_1_C,0.412378390688548,0.5739722902280194
RKK2015_TNF-α/basal,,
JJ2018_Ratio H/M normalized pP2,,0.563132740677963
NJH2025_Sub12_MICT_Pre,,
NJH2025_Sub7_MICT_Post,,
DL2023_control-3,,
ZX2022_Control Replicate 2,,0.5576340081124724
HS2024_6_B_T3,,
JW2015_Intensity pre1,,
IMM2018_normalised rep. int. Empty-3,,
AMK2021_30R_p5,,
FSO2013_Ratio M/L normalized Rep1,,
SR2019_MDAMB231_Biol_repl_4,,0.5667643436545083
GF2025_P2_Sph,,0.5547644720069853
FSO2012_Ratio -/+ 3-MB-PP1 exp. wt2b,,
NJH2025_Sub13_HIIT_Mid,,
CP2009_Ratio M/L,,
NJH2025_Sub7_HIIT_Post,,
KBE2022_Log2_Ex_44_T,0.41252406110094136,0.5703979286768789
DB2022_Intensity L2,,
TM2022_mock.4h.C,,
AST2020_anti-CD3.2,0.4117688661509566,
CW2012_10 µM Erl/control Experiment 1 Replicate B,,
HS2024_7_B_N1,,
FSO2013_Ratio M/L normalized Rep1___1,,
SAS2015_AZD/DMSO_Exp3,,
RM2024_Intensity D0-2___3,,
RM2024_Intensity D6-1,,
RB2022_8_RecoverySprint,,
RB2022_5_PreEndurance,,
CKC2017_log2 normalized phosphoproteomics_30min_rep#2,,
EP2017_Untreated R#4 normalized log2 ratio,0.410531412655191,0.5412679749469216
WZ2023_Pu_010_30min,0.41165544719325503,0.5695437211765111
AS2011_Ratio H/L Proteins RNAi_2,,
RB2022_4_PreStrength,,
NJH2024_Sub4_MICT_Post,,
AH2018_LFQ_M_1_X,,0.572426769368423
RB2022_8_RecoveryEndurance,,
KBE2022_Log2_Ex_14_U,,0.5733704319745241
FSO2013_Ratio M/L normalized Rep3___3,,
AH2018_TMTMS3_1_C,0.4078022120148845,0.584699778618933
JJ2018_Ratio H/L normalized___1,,0.5685295027480518
ZQ2022_C2,,
RB2022_5_PreSprint,,
PG2020_Intensity 8h_C,,0.5603852572165979
AH2018_SILAC_MR_2_N,,0.5683583704322591
MV2014_Ratio M/L normalized A1___2 (2 min),,
TM2022_S2.8h.B,,
MV2014_Ratio M/H normalized B3___1 (30 min),,
FSO2012_Ratio -/+ 3-MB-PP1 exp. as4a,,
RNJ2017_Log2_ratio_Tsup:Tstim_D2,,
RM2024_Intensity D6-1___2,,
NJH2025_Sub7_MICT_Mid,,
LY2019_P1+,,0.5844744755653596
AS2011_Ratio H/L Proteins Inhi_2,,
BS2014_Log2(Ratio H/L normalized),,
UK2020_HCM_2,,
FSO2013_Ratio H/L normalized Rep2___2,,
EP2017_Pervanadate R#3 normalized log2 ratio,0.4067003410499985,0.5863069770330465
RM2024_Intensity D4-3___3,,
RB2022_5_PreStrength,,
NJH2024_Sub4_MICT_Mid,,
TM2022_S2.4h.A,,
RB2022_5_PostStrength,,
GF2025_P6_Sph,,0.5596611271803061
RB2022_2_PreSprint,,
ZX2022_CB treated Replicate 3,,0.5566691275691564
RM2024_Intensity D6-2___3,,
WZ2023_Pe_025_10min,0.41263736356549713,0.5725062622411433
AS2011_Ratio H/L Normalized by Proteins RNAi_1,,
AST2020_anti-CD3+PDL2.1,0.4114525839470548,
KBE2022_Log2_Ex_34_U,0.4125410014226358,0.5725174502867111
WZ2023_Pu_005_10min,0.4126560992577027,0.5726787632389736
AS2011_Ratio H/L RNAi_2_1,,
NJH2024_Sub9_HIIT_Mid,,
CK2022_9 40-1,,0.5728909182986034
KTGR2014_Ratio H L Normalized Rep1_Rapamycin_0_15,,
LG2023_GSK3α-1_intensity,,
WZ2023_Pu_025_30min,0.41010871119415226,0.5666082931755035
AH2018_SILAC_MR_2_X,,0.574981206299172
HS2024_4_PD_T2,,
NJH2024_Sub4_HIIT_Pre,,
RB2022_2_RecoverySprint,,
AS2011_Ratio H/L Protein RNAi_1,,
RM2024_Intensity D2-1___2,,
CR2017_Ratio Replicate 1.4,,0.5631215419589276
FR2021_Norm.Intensity.B,,
RM2024_Intensity D6-2___1,,
YC2018_Log2(SKBR3-LR/SKBR3)_Rep.2-1,,
RB2022_5_PostSprint,,
EJN2021_3_Rest_Basal,,
CR2017_Ratio Replicate 1.3,,0.5551855568177506
AS2011_Ratio H/L Normalized by Protein RNAi_2,,
KTGR2014_Ratio-Rapa 7 mins,,
AMK2021_120R_p1,,
AH2018_SILAC_3_X,,0.5730807656764974
JJ2018_Ratio M/L normalized pP3,,0.5609725288000016
AH2018_SILAC_M_2_N,0.41074861493290077,0.568052348631324
HS2024_7_PD_T2,,
FSO2013_Ratio H/L normalized Rep1___1,,
AH2018_LFQ_1_C,,0.5715135014166061
AS2011_Ratio H/L Normalized Inhi_1_3,,
KBE2022_Log2_Ex_28_T,0.41173956407567935,0.5705126030310022
HS2024_3_B_N1,,
RM2024_Intensity D4-2___3,,
WZ2023_Pe_025_30min,0.4109854675695171,0.5686055899079046
CK2022_11 40-1,,0.5729101626093925
CW2012_10 µM Erl/control Experiment 3 Replicate B,,
AH2018_SILAC_2_X,0.41014819039971917,0.5675438463161705
MV2014_Ratio H/M normalized A2___2 (2 min),,
AS2011_Ratio H/L RNAi_1_2,,
KS2014_Intensity E15_1,0.40463307858554987,0.5699578276457521
FSO2013_Ratio H/L normalized Rep2,,
WZ2023_Pu_005_20min,0.41216023609576025,0.5708760005243785
NJH2024_Sub10_MICT_Post,,
RM2024_Intensity D2-3___1,,
CR2017_Ratio Replicate 1.5,,0.5702450745272873
CW2012_10 µM Gef/control Experiment 2 Replicate B,,
HS2024_7_B_T3,,
CKC2017_log2 normalized phosphoproteomics_60min_rep#1,,
AS2011_Ratio H/L RNAi_1,,
JC2019_Normalised_intensity_A_TiOx_Testis_sample_URO0059,,
AH2018_LFQ_M_1_C,0.41569192896713675,0.5739988427462196
NJH2025_Sub7_MICT_Pre,,
SR2019_SKBR3_Biol_repl_2,,0.5700162527254417
HS2024_9_B_T2,,
KTGR2014_Ratio-AA 7 mins,,
MV2014_Ratio L/H normalized B3___3 (5 min),,
HS2024_3_PD_T1,,
FSO2013_Ratio M/L normalized Rep3___2,,
SR2019_BT549_Biol_repl_3,,0.5655968307312051
RCJD2014_20min_mean,,
FR2021_Norm.Intensity.H,,
RB2022_2_PreStrength,,
DB2022_LFQ intensity L1.2,,
HS2024_4_B_N1,,
KTGR2014_Ratio H M Normalized Rep2_Rapamycin_0_15,,
CK2022_1 16-1,,0.5670944993641389
CK2022_1 200-1,,0.5704677762236415
PG2020_Intensity Mock_10h_D,,0.5679898728511428
SR2019_MCF10A_Biol_repl_2,,
JJ2018_Ratio M/L normalized pP2___2,,
HS2024_6_PD_T1,,
JVO2010_Ratio M/L Normalized by Protein ThymON - Log2 G1/S,,
RB2022_6_RecoveryEndurance,,
FSO2012_Ratio -/+ 3-MB-PP1 exp. wt3b,,
EP2017_Mitotic R#2 normalized log2 ratio,0.4113401021964615,0.5807882970383118
RCJD2014_5min_1,,
RM2024_Intensity D4-1___1,,
DL2023_24h-1,,
YC2018_Log2(SKBR3-LR/SKBR3)_Rep.1-1,,
FSO2012_Ratio -/+ 3-MB-PP1 exp. as2b,,
TM2022_S2.4h.C,,
SAS2015_PLX/AZD_Exp2,,
CR2017_Ratio Replicate 3.3,0.41234310605298885,0.5327711646380436
PG2020_Intensity 2h_C,,0.5617323009825606
VOI2024_Veh2 di,,
ZX2022_CB treated Replicate 2,,0.5555423360737038
KBE2022_Log2_Ex_8_T,,0.5697622218619789
NJH2025_Sub10_MICT_Post,,
HS2024_6_I_T3,,
RN2012_L11,,0.5718128079395575
AS2011_Ratio H/L Normalized Inhi_2_2,,
IMM2018_normalised rep. int. Empty-1,,
HS2024_5_PD_T1,,
AH2018_LFQ_M_2_C,0.4172954171290773,0.5753675971910861
CK2022_3 40-1,,0.5733056416580156
RBK2021_1260T Early,,
NJH2024_Sub4_HIIT_Post,,
HS2024_4_I_T1,,
YA2020_Reporter_intensity_Cancer_No.5,,0.5747904703413611
HH2022_Reporter intensity 8,,
ZQ2022_N2,,
FSO2012_Ratio -/+ 3-MB-PP1 exp. wt1b,,
FSO2013_Ratio H/L normalized Rep3___3,,
AH2018_TMTMS3_2_N,0.41343747430222105,0.5707622106484782
EJN2021_5_Rest_Basal,,
NJH2025_Sub2_HIIT_Post,,
NJH2025_Sub1_MICT_Post,,
HS2024_9_B_T1,,
FSO2012_Ratio -/+ 3-MB-PP1 exp. wt1a,,
JAW2011_Ratio H/L LS2_1,,
JVO2010_Log2 Ratio H/M Normalized aphidicolin,,
NJH2024_Sub6_HIIT_Pre,,
AH2018_SILAC_3_N,,0.5737711668154287
YA2020_Reporter_intensity_Normal_No.1,,0.5679976446802212
HS2024_3_B_T1,,
JJ2018_Ratio H/L normalized___2,,
RM2024_Intensity D0-2,,
MV2014_Ratio M/L normalized B1___2 (5 min),,
RB2022_7_PostStrength,,
RB2022_1_PostEndurance,,
CR2017_Ratio Replicate 3,0.4083998605090817,0.5648784631265857
SR2019_Hs578T_Biol_repl_3,,0.5642338166826141
MV2014_Ratio L/H normalized B3___1 (5 min),,
RBK2021_1244T Early,,
RB2022_3_PostSprint,,
NJH2024_Sub13_MICT_Mid,,
KTGR2014_Ratio-AA 2 mins,,
GF2025_P7_Sph,,0.5567789276246942
HS2024_8_I_T3,,
CF2017_EOC 3,,0.5725748002353463
LATM2013_Normalized Log2 Ratio (Medium/Light) Forward,,
HS2024_6_PD_T3,,
DL2023_12h-2,,
RM2024_Intensity D6-3___1,,
FS2019_Ctr1,,
WZ2023_Pu_010_20min,0.4111011826891308,0.5690722964807968
AS2011_Ratio H/L_3,,
CK2022_1 40-1,,0.5729309460965094
RNJ2017_Log2_ratio_Tsup:Trest_D1,,
CK2022_8 16-1,,0.5684651660742418
KS2014_Intensity N3,0.41462286916496927,0.589583256871638
RB2022_4_RecoveryEndurance,,
RB2022_5_RecoveryEndurance,,
JAW2011_Ratio H/L LS1a_2,,
NJH2024_Sub12_HIIT_Mid,,
AH2018_LFQ_IT_1_N,0.40984840392021626,0.5748732508239748
FSO2013_Ratio H/M normalized Rep2,,
RAM2015_Log2 A,0.41205234210633995,0.569785216427711
HS2024_8_PD_T1,,
JJ2018_Ratio H/L normalized pP2,,0.5748381538035006
CF2017_OSE 27,,0.5726746937448897
KS2014_Intensity E15_2,,0.5735671078414364
BS2014_Log2(Ratio H/L protein),,
PG2020_Intensity 8h_A,,0.5590926412330826
HS2024_7_I_T1,,
VOI2024_Veh3 di,,
RKK2015_TNF-α+SC-514/basal,,
SR2019_JIMT1_Biol_repl_1,,0.5678346532035251
HW2015_Ratio H/L normalized Exp2,,
HS2024_3_I_N1,,
AH2018_SILAC_M_3_X,,0.5732731619032922
NJH2024_Sub9_HIIT_Post,,
AS2011_Ratio H/L RNAi_1_3,,
GRW2016_Ratio H/L normalized SILAC 1___2,,
NJH2025_Sub1_HIIT_Pre,,
YC2018_Log2(SKBR3-LR/SKBR3)_Rep.1-2,,
NJH2024_Sub4_HIIT_Mid,,
VOI2024_0.1uM 2 h_1 di,,
KBE2022_Log2_Ex_6_T,0.41087421750945763,0.5712477485727122
RM2024_Intensity D4-3___1,,
AH2018_LFQ_4_X,,0.5682580883070234
AS2011_Inhi 2_Ratio H/L normalized by corresponding protein level (H:TAL treatment; L: MA treatment),,
RB2022_8_PostEndurance,,
NJH2025_Sub4_MICT_Mid,,
YP2020_Intensity C30_R1_mult_log2,,
AST2020_anti-CD3.1,0.41195490721975875,
NJH2025_Sub4_HIIT_Post,,
EP2017_Untreated R#4 log2 ratio,0.410589223475712,0.5417519096153138
HS2024_6_B_N1,,
KBE2022_Log2_Ex_27_T,0.4133349803171804,0.5694849598048961
CW2012_10 µM Gef/control Experiment 1 Replicate A,,
VOI2024_0.1uM 24 h_1 mono,,
AMK2021_120R_p5,,
AS2011_Ratio H/L Proteins,,
NJH2024_Sub7_HIIT_Post,,
NJH2015_TMT Subject 1 127_N/126 (Exercise/Basal) (normalized),,
AS2011_Ratio H/L RNAi_2_2,,
RB2022_7_RecoveryStrength,,
AH2018_SILAC_IT_3_X,0.4090735011158705,0.5792036248682101
JAW2011_Ratio H/L,,
PG2020_Intensity 10h_C,,0.5630794738556416
FSO2013_Ratio M/L normalized Rep2,,
CP2009_Ratio H/M Normalized (50 nM dasatinib vs 5 nM dasatinib),,
HH2022_Reporter intensity 5,,
SR2019_HCC1954_Biol_repl_2,,0.5688047204567344
CK2022_14 40-1,,0.57408967088051
RB2022_6_PreSprint,,
NJH2025_Sub12_MICT_Mid,,
PG2020_Intensity 4h_D,,0.5669024518998891
NJH2025_Sub2_MICT_Post,,
AH2018_LFQ_4_C,,0.5667926416634921
DL2023_control-1,,
AR2021_ALG 10 μM,,
JAW2011_Ratio H/L LS2_2,,
AH2018_SILAC_IT_3_N,0.41063610954171087,0.5733485088614638
EJN2021_4_Rest_Ins,,
RN2012_H05,,0.5735011912425244
NJH2024_Sub7_HIIT_Mid,,
GF2025_P2_Adh,,0.5736976374275267
FSO2012_Ratio -/+ 3-MB-PP1 exp. as4b,,
RB2022_8_PostSprint,,
EJN2021_1_Rest_Ins,,
HH2022_Reporter intensity 3,,0.5694607726402124
FSO2012_Ratio -/+ 3-MB-PP1 exp. wt4b,,
AH2018_SILAC_IT_1_C,0.41233407560914653,0.5738775312831261
JW2021_After_3,,
GF2025_P8_Sph,,0.5533487832530605
FSO2012_Ratio -/+ 3-MB-PP1 exp. wt4,,
JJ2018_Ratio M/L normalized pP2___1,,0.5719573384422213
AH2018_SILAC_2_N,0.4099310490934833,0.5672625861277756
CK2022_11 200-1,,0.5725342766701765
CK2022_12 200-1,,0.5739633207701949
AS2011_Ratio H/L Normalized by Protein RNAi_1,,
RM2024_Intensity D2-1___3,,
NJH2024_Sub1_MICT_Pre,,
HH2022_Reporter intensity 9,0.4103745693464354,
WZ2023_Su_010_20min,0.4118518217777163,0.5697728041863346
AH2018_TMTMS2_2_N,0.4090806616727438,0.584939314913841
NJH2024_Sub13_MICT_Pre,,
KBE2022_Log2_Ex_41_U,0.41118346682694845,0.5708973627103174
NJH2015_TMT Subject 3 129_N/128_C (Exercise/Basal) (normalized),,
AH2018_TMTMS3_Pool,0.4138082301730096,0.5746480257812935
KS2014_Intensity N4,0.41293932594135074,0.5890093415501124
NJH2024_Sub1_HIIT_Post,,
MM2018_Ratio H/L replicate2,,0.5651917323815013
RM2024_Intensity D4-2___2,,
NJH2024_Sub13_HIIT_Pre,,
CF2017_OSE 26,,0.5692637851988938
CK2022_14 200-1,,0.5740966253958049
SR2019_Hs578T_Biol_repl_1,,0.5603818274573319
RB2022_7_PostSprint,,
TM2022_mock.4h.A,,
NJH2025_Sub12_HIIT_Pre,,
AH2018_TMTMS3_1_N,0.41335778004983087,0.5761233252273708
AST2020_anti-CD3+PDL2.2,0.4114644406841699,
PG2020_Intensity Mock_10h_A,,0.5624221430722113
JW2021_After_2,,
NJH2024_Sub2_MICT_Post,,
EJN2021_2_Rest_Ins,,
SR2019_LM2_Biol_repl_4,,0.5612663990514797
CP2009_Ratio H/M,,
JAW2011_Ratio H/L HS,,
CK2022_13 16-1,,0.5716730368427411
GF2025_P1_Adh,,0.5681205562295761
GF2025_P1_Sph,,0.5585654481960955
EJN2021_5_Ex_Basal,,
HS2024_7_I_T3,,
JJ2018_Ratio H/L normalized pP2___2,,
WZ2023_Pe_010_10min,0.4111735032721234,0.56981451876586
CF2017_EOC 1,,0.5767237706771872
CK2022_3 200-1,,0.5710821985934548
AH2018_LFQ_IT_3_C,0.4149228179307373,0.568407153759648
SR2019_Hs578T_Biol_repl_2,,0.5582148597526888
NJH2024_Sub12_HIIT_Post,,
JJ2018_Ratio H/L normalized pP1___2,,
MV2014_Ratio H/L normalized A1___2 (10 min),,
NJH2024_Sub10_MICT_Mid,,
NJH2024_Sub13_MICT_Post,,
BS2014_Log2(Ratio H/L normalized Rep_1),,
RB2022_3_RecoverySprint,,
NJH2025_Sub1_HIIT_Mid,,
RCJD2014_20min_2,,
FSO2012_Ratio -/+ 3-MB-PP1 exp. wt2,,
HS2024_6_PD_T2,,
HS2024_5_B_T1,,
CW2012_10 µM Gef/control Experiment 2 Replicate A,,
DL2023_12h-3,,
SR2019_MDAMB231_Biol_repl_2,,0.5654198347539289
HS2024_3_B_T2,,
RB2022_6_PreStrength,,
CK2022_2 40-1,,0.5730665646030138
RB2022_1_PostSprint,,
CK2022_4 200-1,,0.5717680925632875
JW2021_Before_2,,
TM2022_S2.12h.A,,
MV2014_Ratio L/M normalized B2___2 (30 min),,
CK2022_5 16-1,,0.567319997874618
AR2021_ALG 1 μM,,
HS2024_4_B_T1,,
MV2014_Ratio M/H normalized A3___1 (10 min),,
SR2019_BT549_Biol_repl_4,,0.5671461345473763
EJN2021_1_Rest_Basal,,
NJH2025_Sub8_MICT_Post,,
RCJD2014_5min_3,,
CR2017_Ratio Replicate 3.2,0.41605468270216817,0.5291815694793003
FSO2012_Ratio -/+ 3-MB-PP1 exp. as3a,,
GF2025_P7_Adh,,0.5735686435249455
CK2022_9 16-1,,0.5678287145302594
NJH2024_Sub6_HIIT_Post,,
AMK2021_30R_p3,,
AS2011_Ratio H/L Normalized RNAi_2,,
RM2024_Intensity D0-2___2,,
KS2014_Intensity pY_N4,,
CK2022_13 200-1,,0.57390481111736
AS2011_Ratio H/L Normalized_2,,
PG2020_Intensity 6h_D,,0.5708794872574949
CK2022_16 16-1,,0.572882167135449
FS2019_db/db3,,
CK2022_15 40-1,,0.5749206410687437
NJH2024_Sub9_MICT_Pre,,
BS2014_Log2(Ratio H/L unmodified peptide),,
WZ2023_Su_005_10min,0.4116567371936721,0.5698983590641961
RM2009_Ratio M/L (M:15 min timepoint;L:0 min. timepoint),,
KBE2022_Log2_Ex_41_T,0.41225039068054675,0.5711196723402099
AMK2021_Ctrl_p1,,
AH2018_LFQ_IT_3_X,0.41015410653878936,0.5675820191397318
HS2024_5_PD_T3,,
AH2018_TMTMS3_3_X,0.4129069485508243,0.5752892064888473
FSO2012_Ratio -/+ 3-MB-PP1 exp. as2,,
KBE2022_Log2_Ex_40_U,,0.5705228680204233
AH2018_LFQ_M_1_N,,0.5735915039864435
KBE2022_Log2_Ex_27_U,0.4116051914213724,0.570342975158911
HW2015_Ratio M/L normalized Exp3,,
RKK2015_TNF-α/IKKb(K44M),,
AH2018_SILAC_M_1_N,0.4106778875086135,0.5750226397656895
HW2015_Ratio M/L normalized Exp1,,
RB2022_5_RecoveryStrength,,
YP2020_Intensity P10_R1_mult_log2,,
RB2022_7_PreStrength,,
YA2020_Reporter_intensity_Normal_No.4,,0.5733188928680722
NJH2025_Sub13_HIIT_Pre,,
PG2020_Intensity CT_D,,0.5612892919217685
NJH2025_Sub9_MICT_Post,,
VOI2024_Veh1 mono,,
CK2022_12 16-1,,0.5689956314135387
RN2012_L13,,0.5605335745757972
LG2023_Control-1_intensity,,
RM2024_Intensity D6-3___2,,
KBE2022_Log2_Ex_8_U,,0.5690035612441959
SR2019_SKBR3_Biol_repl_3,,
NJH2024_Sub1_MICT_Post,,
HS2024_3_I_T2,,
KTGR2014_Ratio M L Normalized Rep2_Rapamycin_0_15,,
RM2024_Intensity D0-3___3,,
HS2024_6_I_T2,,
CW2012_10 µM Erl/control Experiment 2 Replicate B,,
AS2011_Ratio H/L Protein Inhi_1,,
FSO2013_Ratio H/M normalized Rep2___1,,
GRW2016_Ratio M/L normalized SILAC 5a___2,,
CK2022_10 40-1,,0.5720204047391659
NJH2024_Sub12_HIIT_Pre,,
NJH2024_Sub8_MICT_Pre,,
RM2024_Intensity D0-1___1,,
LY2019_P3+,,0.5572888934904808
HH2022_Reporter intensity 6,0.4094789940916499,
RB2022_2_RecoveryStrength,,
KTGR2014_Ratio-AA 15 mins,,
AS2011_Ratio H/L Normalized RNAi_2_2,,
KS2014_Intensity pY_N3,,
MV2014_Ratio H/L normalized B1___2 (30 min),,
LY2019_P5-,,0.548800390557147
HW2015_Ratio M/L normalized Exp2,,
SR2019_HCC1419_Biol_repl_1,,0.5704752835488265
AH2018_TMTMS2_3_X,0.40799609735133663,0.5857180697805451
GF2025_P3_Adh,,0.5674884599697472
SR2019_JIMT1_Biol_repl_2,,0.5660068439338981
AH2018_TMTMS2_1_C,0.4081043975439682,0.5864420286151798
RM2024_Intensity D0-1___2,,
LY2019_P4+,,0.574756963890105
KBE2022_Log2_Ex_19_U,,0.5704740488294684
CKC2017_log2 normalized phosphoproteomics_0min_rep#1,,
RB2022_4_PostStrength,,
LG2023_GSK3α-3_intensity,,
YA2020_Reporter_intensity_Cancer_No.1,,0.5709371168096238
AST2020_Control,0.4111978061025558,
JAW2011_Ratio H/L LS1a,,
RCJD2014_5min_mean,,
NJH2015_iTRAQ Subject 4 114/115 (Exercise/Basal) (normalized),,
NJH2025_Sub1_MICT_Mid,,
TM2022_S2.12h.C,,
NJH2025_Sub9_MICT_Mid,,
CKC2017_log2 normalized phosphoproteomics_120min_rep#2,,
AS2011_Ratio H/L Normalized Inhi_1_2,,
FSO2013_Ratio M/L normalized Rep2___1,,
LG2023_Control-2_intensity,,
NJH2024_Sub8_HIIT_Pre,,
KS2014_Intensity pY_N2,,
RB2022_5_RecoverySprint,,
RB2022_7_RecoverySprint,,
YA2020_Reporter_intensity_Normal_No.3,,0.5707946658534513
HS2024_8_B_T2,,
AH2018_LFQ_1_X,,0.5698511805497152
RM2024_Intensity D6-1___1,,
RCJD2014_10min_2,,
FR2021_Norm.Intensity.M,,
RM2024_Intensity D0-3___1,,
KS2014_Intensity N2,0.41687369907477373,0.5832210018383244
HH2022_Reporter intensity 1,0.4126927306462534,0.5691919689194209
HH2022_Reporter intensity 2,0.41293498668353956,0.5698699762369599
RM2024_Intensity D6-2___2,,
FSO2012_Ratio -/+ 3-MB-PP1 exp. as1,,
RM2024_Intensity D2-3___2,,
YA2020_Reporter_intensity_Normal_No.5,,0.572080708462139
SR2019_MCF7_Biol_repl_1,,0.57014162096356
FSO2012_Ratio -/+ 3-MB-PP1 exp. as1a,,
HS2024_8_B_T1,,
NJH2025_Sub6_HIIT_Pre,,
RNJ2017_Log2_ratio_Tsup:Tstim_D1,,
EP2017_Untreated R#2 log2 ratio,0.4161311227396713,0.5225708349143658
SR2019_LM2_Biol_repl_3,,0.5577807835230316
RB2022_4_RecoveryStrength,,
CR2017_Ratio Replicate 2,0.41407620458711764,0.5616405289803427
CW2012_10 µM Erl/control Experiment 2 Replicate A,,
FSO2013_Ratio H/M normalized Rep3,,
AR2021_KD 72h,,0.57008273739267
MV2014_Ratio H/M normalized B2___3 (5 min),,
KBE2022_Log2_Ex_18_U,0.41118783704510925,0.5711380591013596
AS2011_Ratio H/L Inhi_1_1,,
NJH2024_Sub8_MICT_Post,,
AH2018_TMTMS3_3_C,0.41213665480005746,0.5769343095885902
KBE2022_Log2_Ex_9_U,0.4109075392671826,0.5708318436574406
AH2018_SILAC_M_3_N,,0.5738954992079731
KBE2022_Log2_Ex_13_T,,0.5713379327966179
RM2024_Intensity D0-3,,
SR2019_SKBR3_Biol_repl_1,,0.569464314503262
PG2020_Intensity Mock_10h_C,,0.5680270189350881
CF2017_OSE 29,,0.5601496496566482
YB2013_Ratio_H_L_Normalized_in_experiment_1,,
NJH2025_Sub1_HIIT_Post,,
DL2023_24h-2,,
HS2024_7_B_N2,,
PG2020_Intensity 10h_A,,0.5417800770844019
RN2012_L12,,0.5728229700991496
MV2014_Ratio M/L normalized B1___3 (5 min),,
NJH2024_Sub8_MICT_Mid,,
AH2018_LFQ_IT_4_C,,0.5736129444653131
SAS2015_PLX/AZD_Exp1,,
FR2021_Norm.Intensity.A,,
FSO2013_Ratio H/M normalized Rep1___1,,
JW2015_Intensity cap2,,
BS2014_Log2(Ratio H/L normalized Rep_2),,
NJH2024_Sub6_MICT_Post,,
CK2022_8 40-1,,0.5695292608336824
RB2022_7_RecoveryEndurance,,
NJH2025_Sub12_HIIT_Post,,
EJN2021_4_Ex_Basal,,
TM2022_S2.12h.B,,
RN2012_L15,0.4194668610705347,
KS2014_Intensity pY_PV3,0.4139173046533781,
TM2022_S2.4h.B,,
PG2020_Intensity 4h_A,,0.5629439086258169
FSO2013_Ratio H/M normalized Rep2___2,,
TM2022_mock.4h.B,,
KBE2022_Log2_Ex_24_U,0.41077243871058416,0.5703982707713613
NJH2025_Sub13_MICT_Mid,,
KS2014_Intensity C3,,0.5729559416857785
RB2022_1_PreSprint,,
HS2024_4_I_N1,,
CK2022_7 200-1,,0.5676298411196913
CK2022_5 200-1,,0.5670301666283363
CKC2017_log2 normalized phosphoproteomics_120min_rep#3,,
FSO2013_Ratio H/L normalized Rep2___1,,
NJH2024_Sub10_HIIT_Mid,,
RB2022_2_PostEndurance,,
AH2018_LFQ_2_C,0.4154953601027177,0.5736566124856918
AH2018_SILAC_MR_1_X,,0.5692049708884845
KTGR2014_Ratio H M Normalized Rep1_Rapamycin_0_15,,
IMM2018_normalised rep. int. Empty-2,,
RM2024_Intensity D4-1,,
KBE2022_Log2_Ex_25_U,0.41176438971731283,0.5723233639518523
AH2018_SILAC_3_C,,0.5736352641048365
EJN2021_5_Rest_Ins,,
VOI2024_0.1uM 24 h_3 di,,
RNJ2017_Log2_ratio_Tstim:Trest_D3,,
DB2022_LFQ intensity L2.1,,
FSO2013_Ratio H/M normalized Rep1,,
CK2022_4 16-1,,0.5693191072130862
AS2011_Ratio H/L,,
SR2019_MCF7_Biol_repl_4,,0.569390866676059
EJN2021_2_Ex_Ins,,
AS2011_Ratio H/L Inhi_2_3,,
JAW2011_Ratio H/L LS1a_1,,
AH2018_LFQ_1_N,,0.5713992291330859
SAS2015_PLX/DMSO_Exp1,,
SFR2015_HL_log2_ratio_avg_c,,
JJ2018_Ratio M/L normalized pP2,,0.5720426620590643
NJH2024_Sub7_MICT_Mid,,
PG2020_Intensity 6h_B,,0.562563259546876
FSO2013_Ratio H/L normalized Rep3,,
GRW2016_Ratio H/L normalized SILAC 2___2,,
RKK2015_IKKb(K44M)+TNF-α/TNF-α,,
JJ2018_Ratio M/L normalized,,0.5576101203380659
KTGR2014_Ratio-AA 30 mins,,
JW2021_After_1,,
NJH2025_Sub2_MICT_Mid,,
HS2024_6_B_N2,,
KBE2022_Log2_Ex_9_T,0.41075744264532726,0.5706346728548926
AH2018_SILAC_IT_2_N,0.4108418260040432,0.5726337909350401
AH2018_SILAC_IT_1_X,0.4135917496944957,0.579554164899542
HW2015_Ratio H/L normalized Exp3,,
HS2024_7_PD_T1,,
UK2020_UA_2,,
RM2024_Intensity D2-1___1,,
GF2025_P10_Sph,,0.5558569054478903
WZ2023_Pe_025_20min,0.4127897401079206,0.5729044391869155
JVO2010_Log2 Ratio M/L Normalized aphidicolin,,
AH2018_LFQ_2_N,,0.5673703956844924
HS2024_4_I_N2,,
AH2018_TMTMS2_3_N,0.4071611055505036,0.5859287794331876
RN2012_H06,0.40877942587230864,
AS2011_Inhi 1_Ratio H/L normalized by corresponding protein level (H:TAL treatment; L: MA treatment),,
HS2024_4_PD_T3,,
WZ2023_Su_005_30min,0.41028268908883,0.5668064516008559
SR2019_HCC1419_Biol_repl_4,,0.5692351564135046
JJ2018_Ratio H/M normalized___2,,
SR2019_JIMT1_Biol_repl_3,,0.5666933561065757
AS2011_Ratio H/L Protein,,
UK2020_HCM_3,,
NJH2024_Sub10_HIIT_Post,,
CR2017_Ratio Replicate 3.1,0.423324740443292,0.5798508225382378
WZ2023_Su_025_10min,0.4121477976609972,0.5710240513258977
AH2018_LFQ_IT_4_X,,0.5730642535149528
CP2009_Ratio H/L,,
VOI2024_0.1uM 24 h_3 mono,,
RB2022_4_RecoverySprint,,
RM2024_Intensity D6-3,,
WZ2023_Su_005_20min,0.41132949910273575,0.5679250655080538
CW2012_10 µM Gef/control Experiment 1 Replicate B,,
SFR2015_HL_log2_ratio_avg_a,,
CW2012_10 µM Erl/control Experiment 3 Replicate A,,
RB2022_1_PreEndurance,,
FSO2012_Ratio -/+ 3-MB-PP1 exp. wt3a,,
LG2023_GSK3α-2_intensity,,
EP2017_Pervanadate R#1 log2 ratio,0.4087097723790281,0.5904904975822031
NJH2025_Sub6_HIIT_Post,,
RB2022_6_RecoverySprint,,
KS2014_Intensity,0.4116427596175898,0.5957107804563995
MV2014_Ratio H/M normalized A2___1 (2 min),,
PG2020_Intensity 8h_D,,0.5518351529870272
LY2019_P7+,,0.5649572833868755
EP2017_Untreated R#1 normalized log2 ratio,0.4216431944737305,0.5782664186986105
RN2012_L10,,0.5688961984966916
PG2020_Intensity 4h_C,,0.5686966067788933
EP2017_Mitotic R#3 normalized log2 ratio,0.4111334622570363,0.5908737443070984
FSO2012_Ratio -/+ 3-MB-PP1 exp. as4,,
DB2022_LFQ intensity L1,,
KBE2022_Log2_Ex_24_T,0.40971355627201117,0.5699666317456152
RB2022_8_PostStrength,,
AH2018_SILAC_IT_2_X,0.4090312808062428,0.578744712517888
HS2024_4_B_T3,,
NJH2024_Sub2_HIIT_Post,,
HS2024_8_B_N2,,
NJH2025_Sub8_HIIT_Pre,,
JJ2018_Ratio H/L normalized pP2___1,,0.5747809114217863
HS2024_8_I_T2,,
KBE2022_Log2_Ex_6_U,0.4107523935087507,0.5712941919047263
LATM2013_Normalized Log2 Ratio (Light/Medium) Reverse,,
CR2017_Ratio Replicate 1.1,0.4076003773271415,0.5785039416419725
CKC2017_log2 normalized phosphoproteomics_30min_rep#1,,
MV2014_Ratio M/H normalized B3___2 (30 min),,
CK2022_16 200-1,,0.5748941477313239
VOI2024_0.1uM 2 h_3 di,,
EP2017_Mitotic R#1 normalized log2 ratio,0.4128286380662329,0.5934991474801009
GF2025_P9_Sph,,0.5602843585601048
CK2022_6 200-1,,0.5659992958090908
NJH2024_Sub7_MICT_Post,,
AH2018_TMTMS3_2_X,0.4124040633822853,0.5746031268106795
NJH2024_Sub8_HIIT_Post,,
DB2022_LFQ intensity R1,,
JW2015_Intensity cap3,,
SR2019_HCC1954_Biol_repl_1,,
HS2024_4_I_T2,,
NJH2024_Sub2_MICT_Mid,,
VOI2024_0.1uM 2 h_2 mono,,
CP2009_Ratio M/L Normalized (5 nM dasatinib vs Ctrl),,
FSO2012_Ratio -/+ 3-MB-PP1 exp. as3b,,
HS2024_4_PD_T1,,
SAS2015_AZD/DMSO_Exp1,,
NJH2024_Sub1_MICT_Mid,,
IMM2018_normalised rep. int. CDK5L-3,,
HS2024_3_B_T3,,
MV2014_Ratio L/H normalized A3___2 (2 min),,
NJH2025_Sub13_MICT_Pre,,
SR2019_MDAMB231_Biol_repl_3,,
GRW2016_Ratio H/L normalized SILAC 4___1,,
MM2018_Ratio H/L replicate1,,0.5772616852757486
PG2020_Intensity 2h_D,,0.5637349494238884
EP2017_Untreated R#3 normalized log2 ratio,0.4089006937448143,0.5934843789730014
MV2014_Ratio M/H normalized A3___3 (10 min),,
NJH2024_Sub7_HIIT_Pre,,
JAW2011_Ratio H/L LS2,,
CK2022_8 200-1,,0.5668827536004399
KS2014_Intensity pY_C4,,
CR2017_Ratio Replicate 3.5,,0.558605774061703
RB2022_7_PostEndurance,,
NJH2025_Sub4_HIIT_Pre,,
CKC2017_log2 normalized phosphoproteomics_90min_rep#3,,
TM2022_mock.12h.A,,
JJ2018_Ratio H/L normalized pP1,,0.5562559282834526
EP2017_Pervanadate R#2 normalized log2 ratio,0.40813370662704995,0.5925775097971555
AS2011_Ratio H/L Normalized by Protein (Unnormalized),,
KS2014_Intensity pY_E5_4,,
RM2024_Intensity D4-3___2,,
CKC2017_log2 normalized phosphoproteomics_15min_rep#1,,
AH2018_SILAC_2_C,0.41490865140824834,0.5683495933357086
AS2011_RNAi 2_Ratio H/L normalized by corresponding protein level (H: shPlk1; L: shEg5),,
HS2024_7_I_N1,,
KBE2022_Log2_Ex_29_T,0.410795952710993,0.5711888829745486
HS2024_7_I_T2,,
AS2011_Ratio H/L Normalized RNAi_2_3,,
CW2012_10 µM Gef/control Experiment 3 Replicate B,,
HS2024_6_B_T2,,
AMK2021_45I_p5,,
CW2012_10 µM Erl/control Experiment 1 Replicate A,,
SAS2015_PLX/DMSO_Exp2,,
EJN2021_1_Ex_Basal,,
FR2021_Intensity.M,,
RB2022_2_PostSprint,,
AH2018_SILAC_MR_3_N,,0.5717508668174589
MV2014_Ratio H/L normalized B1___3 (30 min),,
CF2017_FTE 13,,0.570629783511121
PG2020_Intensity CT_C,,0.56091503038315
ZCP2016_Ratio H/L Rep 1,,
FS2019_db/db2,,
KS2014_Intensity pY_PV4,,
KBE2022_Log2_Ex_39_U,0.4118716813516338,0.5715050725421249
EP2017_Untreated R#3 log2 ratio,0.4089946493693102,0.594145351285613
RB2022_2_PostStrength,,
AS2011_Ratio H/L Normalized_1,,
MV2014_Ratio M/H normalized A3___2 (10 min),,
CR2017_Ratio Replicate 3.4,,0.561359473932978
HS2024_8_PD_T2,,
FS2019_Ctr2,,
RB2022_6_PreEndurance,,
FR2021_Norm.Intensity.G,,
NJH2025_Sub9_HIIT_Post,,
CKC2017_log2 normalized phosphoproteomics_0min_rep#3,,
RM2024_Intensity D4-3,,
HS2024_8_B_N1,,
NJH2025_Sub10_MICT_Mid,,
KBE2022_Log2_Ex_15_U,0.4118803353570208,0.568330437646213
AS2011_Ratio H/L Normalized Inhi_2,,
RKK2015_TNF-α/SC-514,,
RB2022_3_PreSprint,,
CR2017_Ratio Replicate 2.3,,0.5483561654842302
RM2009_Ratio M/L Normalized by Corresponding Protein Level (M:15 min timepoint;L:0 min. timepoint),,
CP2009_Ratio H/L Normalized (50 nM dasatinib vs Ctrl),,
GF2025_P4_Adh,,0.5667528181957892
YA2020_Reporter_intensity_Normal_No.2,,0.5702748494609889
YP2020_Intensity P30_R2_mult_log2,,
NJH2025_Sub13_MICT_Post,,
HS2024_4_B_N2,,
HS2024_3_PD_T3,,
AMK2021_120R_p3,,
MV2014_Ratio L/H normalized A3___3 (2 min),,
NJH2025_Sub10_HIIT_Pre,,
FR2021_Intensity.G,,
RAM2015_Log2 C,0.40838488015090296,0.5750603841365034
AS2011_Ratio H/L Proteins Inhi_1,,
FSO2013_Ratio H/M normalized Rep1___3,,
AH2018_LFQ_M_2_N,,0.5700298297057154
MV2014_Ratio M/L normalized A1___3 (2 min),,
KBE2022_Log2_Ex_40_T,,0.5702797095313249
CK2022_2 16-1,,0.5694771908877225
RAM2015_Log2 B,0.41443885843751976,0.5637867052450354
YP2020_Intensity C10_R1_mult_log2,,
FSO2013_Ratio M/L normalized Rep1___2,,
NJH2025_Sub8_MICT_Pre,,
EJN2021_4_Rest_Basal,,
YB2013_Ratio_H_L_Normalized_in_experiment_2,,
JJ2018_Ratio H/M normalized pP3___1,,0.5795677252972102
VOI2024_Veh2 mono,,
HS2024_6_B_T1,,
UK2020_HCM_5,,
NJH2025_Sub10_HIIT_Post,,
VOI2024_0.1uM 2 h_3 mono,,
JW2015_Intensity pre3,,
AS2011_Ratio H/L Normalized Inhi_2_1,,
DL2023_24h-3,,
HS2024_7_PD_T3,,
PG2020_Intensity Mock_10h_B,,0.5682910482529568
WZ2023_Su_025_30min,0.411284777046312,0.5693231635235358
AH2018_LFQ_4_N,,0.5728845315094563
CR2017_Ratio Replicate 1.2,,0.5530546584463182
AS2011_Ratio H/L Normalized by Proteins,,
RB2022_6_RecoveryStrength,,
HS2024_8_I_N1,,
AMK2021_Ctrl_p3,,
AS2011_Ratio H/L Protein Inhi_2,,
HH2022_Reporter intensity 7,,
AH2018_SILAC_M_1_X,0.4088407494938495,0.5745305894674271
RB2022_7_PreEndurance,,
VOI2024_0.1uM 24 h_2 di,,
DL2023_control-2,,
LY2019_P6+,,0.5826153736225947
DB2022_LFQ intensity R2,,
GF2025_P6_Adh,,0.5778575380602179
VOI2024_Veh1 di,,
AS2011_Ratio H/L RNAi_2,,
FSO2012_Ratio -/+ 3-MB-PP1 exp. as3,,
VOI2024_Veh3 mono,,
HS2024_5_I_T2,,
NJH2025_Sub7_HIIT_Mid,,
MV2014_Ratio H/L normalized B1___1 (30 min),,
RM2009_Ratio H/L (H:60 min timepoint;L:0 min. timepoint),,
RB2022_6_PostSprint,,
KTGR2014_Ratio H L Normalized Rep2_Rapamycin_0_15,,
AS2011_Ratio H/L Inhi_1,,
AS2011_Ratio H/L Normalized RNAi_1_2,,
AH2018_TMTMS3_2_C,0.4124971581478114,0.5748858661860007
SR2019_Hs578T_Biol_repl_4,,
RB2022_8_PreStrength,,
KS2014_Intensity C5,,0.5699534604249643
RM2024_Intensity D0-1,,
CW2012_10 µM Gef/control Experiment 3 Replicate A,,
YP2020_Intensity P30_R1_mult_log2,,
NJH2025_Sub2_HIIT_Pre,,
RB2022_3_RecoveryEndurance,,
RNJ2017_Log2_ratio_Tstim:Trest_D2,,
GF2025_P9_Adh,,0.5799357603154482
RB2022_3_PostStrength,,
TM2022_S2.8h.A,,
AS2011_Ratio H/L RNAi_1_1,,
AS2011_Ratio H/L Normalized by Proteins RNAi_2,,
FSO2012_Ratio -/+ 3-MB-PP1 exp. wt1,,
AS2011_Ratio H/L Normalized by Protein Inhi_1,,
NJH2025_Sub2_MICT_Pre,,
MV2014_Ratio L/M normalized A2___3 (10 min),,
MV2014_Ratio H/M normalized A2___3 (2 min),,
HS2024_4_B_T2,,
SR2019_BT549_Biol_repl_1,,
AH2018_LFQ_M_4_N,,0.5753258832227012
NJH2024_Sub8_HIIT_Mid,,
PG2020_Intensity 8h_B,,0.5507076710028755
AH2018_LFQ_2_X,,0.5733305153026441
PG2020_Intensity 2h_B,,0.5594027895446406
AS2011_Ratio H/L Proteins RNAi_1,,
RB2022_4_PostSprint,,
KS2014_Intensity E15_3,0.4077604279992917,0.5721443579203761
GF2025_P3_Sph,,0.5541988330888397
DB2022_LFQ intensity L2,,
MV2014_Ratio H/L normalized A1___1 (10 min),,
AH2018_SILAC_1_C,0.4124045471947588,0.5739478034627109
NJH2024_Sub1_HIIT_Pre,,
FSO2013_Ratio M/L normalized Rep2___2,,
NJH2015_TMT Subject 4 130_N/129_C (Exercise/Basal) (normalized),,
AS2011_Ratio H/L RNAi_2_3,,
AH2018_SILAC_IT_1_N,0.41442860872810533,0.5733734219328129
KTGR2014_Ratio H M Normalized Rep2_AA_starvation_0_15,,
RB2022_4_PreEndurance,,
JJ2018_Ratio M/L normalized pP1,,0.5528270335149454
CR2017_Ratio Replicate 2.4,,0.5671944591532955
ZQ2022_N1,,
LY2019_P6-,,0.5600298315667338
RM2024_Intensity D2-3,,
UK2020_HCM_1,,
JW2015_Intensity pre2,,
KTGR2014_Ratio M L Normalized Rep1_AA_starvation_0_15,,
RM2024_Intensity D2-1,,
NJH2025_Sub12_MICT_Post,,
MV2014_Ratio H/M normalized B2___2 (5 min),,
RN2012_L14,0.4066297937519193,
AH2018_LFQ_3_N,,0.5710242179096943
RKK2015_TNF-α/IKKb,,
SFR2015_HL_log2_ratio_std_b,,
UK2020_UA_1,,
KBE2022_Log2_Ex_13_U,,0.5700569292739478
AS2011_Ratio H/L Normalized Inhi_1,,
RNJ2017_Log2_ratio_Tsup:Trest_D2,,
RB2022_1_RecoverySprint,,
CKC2017_log2 normalized phosphoproteomics_120min_rep#1,,
JJ2018_Ratio H/L normalized pP3,,0.5820744431208601
CK2022_7 40-1,,0.5703140331334473
AS2011_Ratio H/L Inhi_1_3,,
NJH2025_Sub10_HIIT_Mid,,
KTGR2014_Ratio H L Normalized Rep2_AA_starvation_0_15,,
JAW2011_Ratio H/L LS1b_1,,
PG2020_Intensity 4h_B,,0.559220802005136
SR2019_BT549_Biol_repl_2,,
RM2024_Intensity D4-2,,
DB2022_LFQ intensity R2.2,,
JJ2018_Ratio H/L normalized,,0.5684547352282517
RB2022_5_PostEndurance,,
HS2024_5_PD_T2,,
WZ2023_Su_025_20min,0.4111167548740599,0.5684291307261203
RM2024_Intensity D2-2___1,,
IMM2018_normalised rep. int. CDK5L-2,,
LY2019_P8-,,0.5572969612006207
JVO2010_Ratio H/M Normalized by Protein ThymON - Log2 G2,,
CKC2017_log2 normalized phosphoproteomics_15min_rep#3,,
FSO2013_Ratio H/L normalized Rep1,,
NJH2024_Sub2_HIIT_Pre,,
CKC2017_log2 normalized phosphoproteomics_60min_rep#2,,
CK2022_13 40-1,,0.5742153694467764
FSO2012_Ratio -/+ 3-MB-PP1 exp. wt4a,,
RN2012_H02,,0.572873639371266
PG2020_Intensity 10h_D,,0.5587534072561503
RB2022_8_PreEndurance,,
HS2024_3_B_N2,,
EJN2021_4_Ex_Ins,,
AS2011_Ratio H/L Normalized by Protein,,
EJN2021_1_Ex_Ins,,
EP2017_Pervanadate R#3 log2 ratio,0.4066917850927606,0.5863484848041162
FSO2013_Ratio M/L normalized Rep1___3,,
NJH2025_Sub4_HIIT_Mid,,
RCJD2014_5min_2,,
RB2022_6_PostStrength,,
AH2018_SILAC_MR_3_C,,0.5704339932307039
AH2018_LFQ_M_4_C,,0.5697198931291341
NJH2024_Sub4_MICT_Pre,,
AS2011_Ratio H/L Normalized Inhi_1_1,,
DL2023_12h-1,,
MV2014_Ratio L/M normalized B2___1 (30 min),,
DB2022_LFQ intensity L1.1,,
NJH2025_Sub6_MICT_Pre,,
NJH2025_Sub6_MICT_Post,,
CKC2017_log2 normalized phosphoproteomics_60min_rep#3,,
RN2012_H04,,0.5664011009792304
CK2022_6 40-1,,0.5683325711783949
DB2022_LFQ intensity R2.1,,
KBE2022_Log2_Ex_42_U,0.41099273469615594,0.5704816410373391
LY2019_P3-,,0.5491881460358479
FR2021_Intensity.A,,
EJN2021_3_Ex_Ins,,
MV2014_Ratio M/L normalized A1___1 (2 min),,
WZ2023_Pe_005_30min,0.41255118685692355,0.5727446673177704
HS2024_8_PD_T3,,
EJN2021_3_Ex_Basal,,
AST2020_Control.1,0.41190915333777095,
JW2015_Intensity cap1,,
PG2020_Intensity CT_A,,0.5619444190595214
FS2019_Ctr3,,
WZ2023_Pu_025_20min,0.41190632028855423,0.5706630498879379
NJH2025_Sub4_MICT_Post,,
JVO2010_Ratio H/M Normalized by Protein Noco3h - Log2 Late S,,
GF2025_P10_Adh,,0.5713290991141599
RB2022_1_RecoveryStrength,,
SR2019_HCC1954_Biol_repl_4,,0.5702093615094719
FR2021_Norm.Intensity.N,,
HS2024_5_B_N1,,
FSO2013_Ratio H/M normalized Rep3___3,,
AH2018_TMTMS2_2_C,0.40937056249390236,0.5850421378251622
RB2022_4_PreSprint,,
DB2022_Intensity R2,,
AH2018_TMTMS2_Pool,0.4130787714024354,0.5776658272502849
HS2024_8_I_N2,,
RB2022_3_RecoveryStrength,,
NJH2024_Sub6_HIIT_Mid,,
AH2018_SILAC_M_1_C,0.41333304569363344,0.5748790650128135
LY2019_P8+,,0.5860635812401348
RB2022_2_RecoveryEndurance,,
JJ2018_Ratio H/M normalized pP2___1,,0.5631103152612609
JAW2011_Ratio H/L HS_1,,
RB2022_3_PostEndurance,,
KS2014_Intensity pY_PV1,,
JAW2011_Ratio H/L LS1b_2,,
SR2019_MCF7_Biol_repl_2,,
NJH2015_TMT Subject 2 128_N/127_C (Exercise/Basal) (normalized),,
AS2011_Ratio H/L Normalized RNAi_1_1,,
AH2018_LFQ_M_4_X,,0.5710653187048359
NJH2024_Sub6_MICT_Pre,,
JJ2018_Ratio M/L normalized pP1___2,,
YP2020_Intensity C30_R2_mult_log2,,
NJH2024_Sub9_HIIT_Pre,,
AS2011_Ratio H/L Normalized Inhi_2_3,,
RM2024_Intensity D0-1___3,,
FSO2012_Ratio -/+ 3-MB-PP1 exp. wt3,,
KBE2022_Log2_Ex_28_U,0.41433358350993377,0.5712103491333113
GRW2016_Ratio H/L normalized SILAC 1___1,,
CF2017_FTE 17,,0.5684529450558365
LY2019_P2-,,0.5694718280005264
AH2018_LFQ_IT_1_X,0.4076000874442208,0.5743867722025793
JJ2018_Ratio H/L normalized pP3___1,,0.5822300981283703
RB2022_8_RecoveryStrength,,
WZ2023_Pe_005_20min,0.4117219191362068,0.5707845943013194
AST2020_Control.2,0.41189481027044966,
NJH2025_Sub6_MICT_Mid,,
RCJD2014_10min_1,,
FSO2013_Ratio H/L normalized Rep2___3,,
JVO2010_Ratio M/L Normalized by Protein Noco3h - Log2 G1,,
HS2024_3_I_T1,,
FSO2012_Ratio -/+ 3-MB-PP1 exp. as2a,,
CK2022_4 40-1,,0.5743744052200181
SR2019_MCF10A_Biol_repl_4,,0.5672285780208675
KS2014_Intensity pY_C5,,
NJH2025_Sub4_MICT_Pre,,
NJH2024_Sub9_MICT_Post,,
CF2017_OSE 28,,0.5698830389704285
HS2024_5_B_T2,,
HS2024_6_I_T1,,
HS2024_5_B_T3,,
JJ2018_Ratio H/M normalized pP1___1,,0.5646763853867566
KBE2022_Log2_Ex_36_U,0.4125900159764546,0.571154469801913
AH2018_TMTMS3_3_N,0.4125571391320925,0.5772628842435483
SR2019_HCC1419_Biol_repl_2,,0.567622648031715
FR2021_Intensity.N,,
AS2011_Ratio H/L Inhi_2_1,,
AH2018_SILAC_MR_1_C,,0.5705025861390751
NJH2024_Sub1_HIIT_Mid,,
NJH2025_Sub8_HIIT_Mid,,
EP2017_Mitotic R#3 log2 ratio,0.41139139727455676,0.5915274512051859
KBE2022_Log2_Ex_36_T,0.41190570385399067,0.5705563323826195
NJH2025_Sub6_HIIT_Mid,,
WZ2023_Pu_005_30min,0.4110105342126071,0.5683941728854389
KS2014_Intensity C2,,0.5707058093329428
FSO2013_Ratio H/L normalized Rep1___2,,
RM2024_Intensity D2-2,,
KBE2022_Log2_Ex_42_T,0.4101921770857654,0.5713215964895738
CK2022_9 200-1,,0.5722139716766532
GRW2016_Ratio H/L normalized SILAC 2___1,,
JJ2018_Ratio H/M normalized pP3___2,,
DB2022_LFQ intensity R1.1,,
CK2022_10 200-1,,0.5713405047104985
NJH2024_Sub9_MICT_Mid,,
JAW2011_Ratio H/L_2,,
HS2024_7_I_N2,,
RBK2021_1332T Late,,
LY2019_P1-,,0.5517188420929986
RKK2015_TNF-α/basal.1,,
RKK2015_TNF-α/TNF-α+SC-514,,
CR2017_Ratio Replicate 2.5,,0.5726354071019013
HS2024_3_I_T3,,
CKC2017_log2 normalized phosphoproteomics_90min_rep#2,,
AS2011_Ratio H/L Normalized RNAi_1,,
KS2014_Intensity E15_4,0.4085530976568599,0.5750417273380061
ZQ2022_C3,,
EJN2021_3_Rest_Ins,,
YP2020_Intensity P10_R2_mult_log2,,
MV2014_Ratio H/L normalized A1___3 (10 min),,
NJH2025_Sub1_MICT_Pre,,
KBE2022_Log2_Ex_39_T,0.41206594509549,0.5707330828553471
FSO2013_Ratio H/M normalized Rep3___2,,
RM2024_Intensity D6-2,,
EP2017_Untreated R#1 log2 ratio,0.42169054943841183,0.5790011160124775
RKK2015_SC-514/basal,,
RM2024_Intensity D6-1___3,,
WZ2023_Pu_010_10min,0.4117887612630229,0.5698908517677044
NJH2025_Sub9_HIIT_Mid,,
SR2019_SKBR3_Biol_repl_4,,0.5702383117958548
HS2024_5_I_T3,,
KS2014_Intensity N1,0.41534312628970527,0.587444856459594
NJH2024_Sub12_MICT_Post,,
TM2022_S2.8h.C,,
CR2017_Ratio Replicate 1,0.4061634510828316,0.563477699249461
AS2011_RNAi 1_Ratio H/L normalized by corresponding protein level (H: shPlk1; L: shEg5),,
CKC2017_log2 normalized phosphoproteomics_30min_rep#3,,
JJ2018_Ratio H/M normalized pP3,,0.5796586701263043
AH2018_SILAC_MR_2_C,,0.5681669914324218
LATM2013_Log2 Ratio (Medium/Light) Forward,,
PG2020_Intensity 2h_A,,0.5570034179877974
NJH2024_Sub6_MICT_Mid,,
NJH2025_Sub13_HIIT_Post,,
AH2018_SILAC_MR_3_X,,0.5700519343126286
JJ2018_Ratio H/M normalized___1,,0.5740899255317067
RCJD2014_15min_2,,
AS2011_Ratio H/L_2,,
AS2011_Ratio H/L Normalized,,
RN2012_H03,,0.5718274759137353
HS2024_5_B_N2,,
HS2024_5_I_N1,,
HS2024_6_I_N1,,
AR2021_KD 48h,,0.5690054664801631
FR2021_Intensity.B,,
RB2022_3_PreEndurance,,
HS2024_5_I_T1,,
NJH2024_Sub10_MICT_Pre,,
SR2019_LM2_Biol_repl_2,,0.5608426264439754
AST2020_anti-CD3,0.41165955862374626,
SR2019_MDAMB231_Biol_repl_1,,0.5631520604200126
RM2024_Intensity D2-3___3,,
WZ2023_Pe_005_10min,0.4120343758945524,0.5709469557695283
KBE2022_Log2_Ex_29_U,0.4100204670093531,0.5714409073351807
HS2024_7_B_T1,,
AH2018_LFQ_M_2_X,0.415636812466999,0.5748907249638919
AH2018_LFQ_IT_4_N,,0.5737738450179342
CK2022_15 200-1,,0.5750315647628973
RM2024_Intensity D4-1___2,,
JJ2018_Ratio H/M normalized,,0.5740563269539825
JJ2018_Ratio M/L normalized pP3___1,,0.5610591585412998
KBE2022_Log2_Ex_34_T,0.4147122256453979,0.5710816420865954
CKC2017_log2 normalized phosphoproteomics_0min_rep#2,,
LY2019_P2+,,0.560618501497601
LATM2013_Log2 Ratio (Light/Medium) Reverse,,
CK2022_2 200-1,,0.5709956753440494
AS2011_Ratio H/L Protein RNAi_2,,
MV2014_Ratio L/H normalized A3___1 (2 min),,
WZ2023_Su_010_30min,0.41095933113379757,0.5681935045007287
RN2012_H01,,0.5672279588097973
KTGR2014_Ratio-Rapa 2 mins,,
EJN2021_2_Rest_Basal,,
KS2014_Intensity pY_E5_3,,
MM2018_Ratio H/L replicate 3,,0.569958661217573
EP2017_Pervanadate R#1 normalized log2 ratio,0.4086972392295108,0.5903791830547881
HS2024_8_B_T3,,
YA2020_Reporter_intensity_Cancer_No.3,,0.5756427208803807
KBE2022_Log2_Ex_44_U,0.412334532729971,0.57114325494117
WZ2023_Pe_010_20min,0.4112529494806504,0.5698875284537929
KS2014_Intensity pY_C6,,
AS2011_Ratio H/L Normalized_3,,
RCJD2014_15min_mean,,
RB2022_3_PreStrength,,
NJH2015_iTRAQ Subject 3 116/117 (Exercise/Basal) (normalized),,
RCJD2014_10min_mean,,
KS2014_Intensity C1,,0.5760195616188482
FSO2013_Ratio H/M normalized Rep3___1,,
AH2018_SILAC_M_3_C,,0.5738691585524276
RKK2015_TNF-α+IKKb/TNF-α,,
RM2024_Intensity D0-3___2,,
FSO2012_Ratio -/+ 3-MB-PP1 exp. wt2a,,
AH2018_SILAC_M_2_C,0.4152607565176266,0.5688550156921897
AH2018_SILAC_M_2_X,0.4105690312792712,0.5674097094478989
KTGR2014_Ratio-Rapa 15 mins,,
RM2024_Intensity D4-2___1,,
KBE2022_Log2_Ex_15_T,0.41021288565567493,0.5695942641740233
VOI2024_0.1uM 24 h_1 di,,
WZ2023_Su_010_10min,0.41191866780272635,0.5701594797902154
PG2020_Intensity 6h_C,,0.5687024595098821
JVO2010_Ratio M/L Normalized by Protein Noco45 - Log2 mitosis,,
JJ2018_Ratio M/L normalized pP1___1,,0.5525198175029589
AH2018_LFQ_M_3_N,0.4140098731753074,0.573653478510988
VOI2024_0.1uM 24 h_2 mono,,
AH2018_TMTMS2_3_C,0.4078840103504698,0.5862462000532277
CK2022_15 16-1,,0.5730068569227205
CK2022_3 16-1,,0.5681196226692141
LY2019_P4-,,0.541025129379927
FSO2013_Ratio H/L normalized Rep3___2,,
KS2014_Intensity pY_PV2,0.4148057736002054,
HS2024_3_I_N2,,
GF2025_P8_Adh,,0.5752193650269929
YC2018_Log2(SKBR3-LR/SKBR3)_Rep.2-2,,
GF2025_P5_Sph,,0.5565128998697438
CK2022_10 16-1,,0.5680000570441506
KTGR2014_Ratio H L Normalized Rep1_AA_starvation_0_15,,
VOI2024_0.1uM 2 h_2 di,,
NJH2015_TMT Pool 131/130_C (Exercise/Basal) (normalized),,
NJH2024_Sub2_HIIT_Mid,,
AMK2021_45I_p3,,
NJH2024_Sub13_HIIT_Mid,,
DB2022_LFQ intensity R1.2,,
DB2022_Intensity R1,,
NJH2024_Sub12_MICT_Mid,,
KTGR2014_Ratio M L Normalized Rep1_Rapamycin_0_15,,
UK2020_HCM_4,,
SAS2015_AZD/DMSO_Exp2,,
IMM2018_normalised rep. int. CDK5L-1,,
DB2022_LFQ intensity L2.2,,
KTGR2014_Ratio H M Normalized Rep1_AA_starvation_0_15,,
EP2017_Mitotic R#1 log2 ratio,0.41285270466809787,0.5929999470216416
EJN2021_2_Ex_Basal,,
RM2009_Ratio H/L Normalized by Corresponding Protein Level (H:60 min timepoint;L:0 min. timepoint),,
KTGR2014_Ratio-Rapa 30 mins,,
CKC2017_log2 normalized phosphoproteomics_90min_rep#1,,
CF2017_FTE 16,,0.5695833744348487
AR2021_L41 10 μM,,
CF2017_EOC 2,,0.5703590276140064
RB2022_6_PostEndurance,,
AH2018_SILAC_1_N,0.40984630735478267,0.574830651675851
NJH2024_Sub10_HIIT_Pre,,
AS2011_Ratio H/L Inhi_1_2,,
UK2020_HCM_6,,
RB2022_7_PreSprint,,
NJH2024_Sub2_MICT_Pre,,
HS2024_3_PD_T2,,
CK2022_6 16-1,,0.5672756392813156
ZX2022_CB treated Replicate 1,,0.555884260867155
BS2014_Log2(Ratio H/L normalized Rep_3),,
TM2022_mock.12h.C,,
GRW2016_Ratio M/L normalized SILAC 5a___1,,
HH2022_Reporter intensity 0,0.4126455203900595,0.5696536899490731
RM2024_Intensity D2-2___2,,
JC2019_Normalised_intensity_B_TiOx_Testis_sample_URO0126,,
RB2022_1_PreStrength,,
JJ2018_Ratio H/M normalized pP2___2,,
AH2018_TMTMS2_2_X,0.4088646094603945,0.585178843478034
AR2021_L41 1 μM,,
JJ2018_Ratio H/M normalized pP1___2,,
AH2018_TMTMS2_1_N,0.40852221183746024,0.5860078217702418
NJH2025_Sub10_MICT_Pre,,
JVO2010_Ratio H/M Normalized by Protein Noco45 - Log2 early S,,
ZX2022_Control Replicate 3,,0.5555447096339157
KS2014_Intensity C4,0.40876767867227404,0.5728726840031391
AS2011_Ratio H/L Inhi_2,,
KBE2022_Log2_Ex_18_T,0.41119899713462416,0.5718268206654564
NJH2025_Sub9_MICT_Pre,,
RCJD2014_20min_1,,
MV2014_Ratio H/M normalized B2___1 (5 min),,
FSO2013_Ratio M/L normalized Rep2___3,,
JC2019_Normalised_intensity_C_TiOx_Testis_sample_URO0158,,
SR2019_MCF10A_Biol_repl_3,,0.5676425212744488
HS2024_7_B_T2,,
SAS2015_PLX/DMSO_Exp3,,
AMK2021_Ctrl_p5,,
NJH2025_Sub2_HIIT_Mid,,
AH2018_LFQ_M_3_C,,0.5729181778604588
CKC2017_log2 normalized phosphoproteomics_15min_rep#2,,
YA2020_Reporter_intensity_Cancer_No.2,,0.5751654554127049
FSO2013_Ratio H/M normalized Rep2___3,,
RB2022_8_PreSprint,,
AH2018_SILAC_IT_3_C,0.4095363171808468,0.5739362027650654
WZ2023_Pu_025_10min,0.4128653844215899,0.5730295848878495
RM2024_Intensity D2-2___3,,
AS2011_Ratio H/L_1,,
RCJD2014_10min_3,,
FSO2013_Ratio M/L normalized Rep3___1,,
SR2019_JIMT1_Biol_repl_4,,0.5691229531881251
YP2020_Intensity C10_R2_mult_log2,,
ZCP2016_Ratio H/L Rep 2,,
CF2017_EOC 4,,0.567363915767527
JJ2018_Ratio H/L normalized pP1___1,,0.5541981834065665
WZ2023_Pe_010_30min,0.4109374680728502,0.5691626045384651
MV2014_Ratio L/M normalized B2___3 (30 min),,
AH2018_LFQ_IT_3_N,0.4099363337566881,0.5672632515119207
KS2014_Intensity C6,0.4096451815231029,0.571170331095415
ZQ2022_N3,,
HW2015_Ratio H/L normalized Exp1,,
CK2022_12 40-1,,0.5733362877561523
NJH2024_Sub7_MICT_Pre,,
ZX2022_Control Replicate 1,,0.5576342717372414
JJ2018_Ratio H/M normalized pP1,,0.5649324866683548
CK2022_16 40-1,,0.5749214344794422
AH2018_SILAC_IT_2_C,0.40716753762810226,0.5735056593076243
CK2022_5 40-1,,0.5689937997017345
AH2018_LFQ_3_X,,0.5725998015458011
UK2020_UA_3,,
LY2019_P7-,,0.5490060365269529
GF2025_P5_Adh,,0.5653221358347843
RB2022_1_PostStrength,,
JAW2011_Ratio H/L LS1b,,
FSO2013_Ratio H/L normalized Rep3___1,,
SR2019_HCC1954_Biol_repl_3,,
CR2017_Ratio Replicate 2.2,,0.5659898376615556
VOI2024_0.1uM 2 h_1 mono,,
MV2014_Ratio L/M normalized A2___1 (10 min),,
RNJ2017_Log2_ratio_Tsup:Tstim_D3,,
CK2022_11 16-1,,0.5684089543140646
ZQ2022_C1,,
CR2017_Ratio Replicate 2.1,0.4244857897310871,0.5783948166372643
PG2020_Intensity CT_B,,0.5589529120347927
JJ2018_Ratio M/L normalized___2,,
AH2018_SILAC_MR_1_N,,0.566556181844717
KS2014_Intensity pY_E5_1,,
JW2021_Before_3,,
NJH2015_iTRAQ Subject 2 117/116 (Exercise/Basal) (normalized),,
MV2014_Ratio M/H normalized B3___3 (30 min),,
FS2019_db/db1,,
NJH2025_Sub9_HIIT_Pre,,
JAW2011_Ratio H/L_1,,
RCJD2014_20min_3,,
AH2018_LFQ_3_C,,0.5701924388235609
JJ2018_Ratio M/L normalized pP3___2,,
AMK2021_45I_p1,,
NJH2025_Sub8_HIIT_Post,,
AH2018_LFQ_M_3_X,0.4097964051472393,0.5751006931536624
YA2020_Reporter_intensity_Cancer_No.4,,0.57881286192558
KS2014_Intensity pY_E5_2,,
FSO2013_Ratio H/L normalized Rep1___3,,
GF2025_P4_Sph,,0.5506812055886459
RB2022_2_PreEndurance,,
JW2021_Before_1,,
KBE2022_Log2_Ex_25_T,0.411745098614127,0.5714261972585765
AS2011_Ratio H/L Normalized by Proteins Inhi_2,,
MV2014_Ratio L/M normalized A2___2 (10 min),,
JJ2018_Ratio M/L normalized___1,,0.5576269550939648
FR2021_Intensity.H,,
CK2022_14 16-1,,0.5720652852747871
AST2020_anti-CD3+PDL2,0.41132611574782535,
MV2014_Ratio M/L normalized B1___1 (5 min),,
KBE2022_Log2_Ex_19_T,,0.5684436949671381
KS2014_Intensity pY_N1,,
RB2022_1_RecoveryEndurance,,
FSO2013_Ratio H/M normalized Rep1___2,,
HS2024_8_I_T1,,
NJH2015_iTRAQ Subject 1 115/114 (Exercise/Basal) (normalized),,
EP2017_Mitotic R#2 log2 ratio,0.41138706027481037,0.5800594709265257
AH2018_TMTMS2_1_X,0.4091145940151341,0.5855306396857219
KTGR2014_Ratio M L Normalized Rep2_AA_starvation_0_15,,
ZCP2016_Ratio H/L Rep 3,,
AS2011_Ratio H/L Normalized RNAi_1_3,,
SR2019_MCF10A_Biol_repl_1,,
NJH2025_Sub8_MICT_Mid,,
EJN2021_5_Ex_Ins,,
HS2024_6_I_N2,,
HH2022_Reporter intensity 4,,
RBK2021_1326T Late,,
TM2022_mock.12h.B,,
NJH2024_Sub12_MICT_Pre,,
RCJD2014_15min_3,,
MV2014_Ratio L/H normalized B3___2 (5 min),,
LG2023_Control-3_intensity,,
JJ2018_Ratio H/L normalized pP3___2,,
CF2017_FTE 15,,0.5702864588517725
HS2024_4_I_T3,,
AH2018_SILAC_1_X,0.4075611131892606,0.5743607050623022
PG2020_Intensity 10h_B,,0.5381592467247465
AH2018_TMTMS3_1_X,0.41297719181737674,0.5716710669427295
CF2017_FTE 14,,0.5661280814549093
NJH2024_Sub13_HIIT_Post,,
RM2024_Intensity D6-3___3,,
NJH2025_Sub7_HIIT_Pre,,
RBK2021_1259T Early,,
RKK2015_IKK+TNF-α/IKKb,,
FSO2012_Ratio -/+ 3-MB-PP1 exp. as1b,,
PG2020_Intensity 6h_A,,0.568977471880622
SR2019_HCC1419_Biol_repl_3,,0.570186753144935
KBE2022_Log2_Ex_14_T,,0.5727230426942442
EP2017_Untreated R#2 normalized log2 ratio,0.4160383174070821,0.5221114523438869
RM2024_Intensity D0-2___1,,
DB2022_Intensity L1,,
LY2019_P5+,,0.5638493023573498
HS2024_5_I_N2,,
SAS2015_PLX/AZD_Exp3,,
EP2017_Pervanadate R#2 log2 ratio,0.4081218322122844,0.5926355533298632
AS2011_Ratio H/L Normalized RNAi_2_1,,
