DatasetName,ANK2_M(3795) ANK2_S(1461) ANK2_S(1699) ANK2_S(1745) ANK2_S(1755) ANK2_S(1846) ANK2_S(1855) ANK2_S(1858) ANK2_S(1879) ANK2_S(1917) ANK2_S(1929) ANK2_S(1940) ANK2_S(1964) ANK2_S(1976) ANK2_S(2127) ANK2_S(2250) ANK2_S(2315) ANK2_S(2388) ANK2_S(2405) ANK2_S(2454) ANK2_S(2458) ANK2_S(2468) ANK2_S(2472) ANK2_S(2693) ANK2_S(2733) ANK2_S(2986) ANK2_S(3) ANK2_S(309) ANK2_S(31) ANK2_S(3760) ANK2_S(3790) ANK2_S(3793) ANK2_S(3823) ANK2_S(3833) ANK2_S(3842) ANK2_S(3845) ANK2_S(3859) ANK2_S(6) ANK2_S(7) ANK2_S(846) ANK2_S(869) ANK2_S(898) ANK2_S(901) ANK2_T(1720) ANK2_T(1750) ANK2_T(2038) ANK2_T(2719) ANK2_T(3093) ANK2_T(3457) ANK2_T(3770) ANK2_Y(2718),ANK2_S(1459) ANK2_S(1751) ANK2_S(1824) ANK2_S(1882) ANK2_S(1891) ANK2_S(1905) ANK2_S(2172) ANK2_S(2436) ANK2_S(2440) ANK2_S(2642) ANK2_S(2834) ANK2_S(34) ANK2_S(3876) ANK2_S(890) ANK2_S(896) ANK2_T(2239) ANK2_T(3781) ANK2_T(3797) ANK2_T(3803) ANK2_T(3814) ANK2_T(3859) ANK2_T(7) ANK2_T(930) ANK2_Y(3811),ANK2_S(1452) ANK2_S(1698) ANK2_S(1732) ANK2_S(1733) ANK2_S(2320) ANK2_S(2537) ANK2_S(3795) ANK2_S(4) ANK2_T(1709),ANK2_S(1822)
RM2024_Intensity D4-1___3,,,,
RB2022_4_PostEndurance,0.523658589851785,0.4475931187717182,0.6436194985208052,
FSO2013_Ratio M/L normalized Rep3,,,,
SR2019_MCF7_Biol_repl_3,,,,
RKK2015_IKKb(K44M)+TNF-α/IKKb(K44M),,,,
SR2019_LM2_Biol_repl_1,,,,
RCJD2014_15min_1,,,,
AS2011_Ratio H/L Normalized by Proteins Inhi_1,,,,
CK2022_7 16-1,0.521148124473951,0.44428823085203234,,
NJH2025_Sub12_HIIT_Mid,,,,
AH2018_LFQ_IT_1_C,0.5166845003210595,0.4395747390039972,,
RKK2015_TNF-α/basal,,,,
JJ2018_Ratio H/M normalized pP2,,,,
NJH2025_Sub12_MICT_Pre,,,,
NJH2025_Sub7_MICT_Post,,,,
DL2023_control-3,,,0.6420466524804116,
ZX2022_Control Replicate 2,0.5218413804312997,,,
HS2024_6_B_T3,0.5197506511757777,0.44505437883787496,,
JW2015_Intensity pre1,,,,
IMM2018_normalised rep. int. Empty-3,,,,
AMK2021_30R_p5,,,,
FSO2013_Ratio M/L normalized Rep1,,,,
SR2019_MDAMB231_Biol_repl_4,,,,
GF2025_P2_Sph,0.5180489972059971,0.4370879198553641,,
FSO2012_Ratio -/+ 3-MB-PP1 exp. wt2b,,,,
NJH2025_Sub13_HIIT_Mid,,,,
CP2009_Ratio M/L,,,,
NJH2025_Sub7_HIIT_Post,,,,
KBE2022_Log2_Ex_44_T,,,,
DB2022_Intensity L2,0.5212823011805578,0.43268531195817944,0.6518700719732987,
TM2022_mock.4h.C,,,,
AST2020_anti-CD3.2,,,,
CW2012_10 µM Erl/control Experiment 1 Replicate B,,,,
HS2024_7_B_N1,,0.4334089713418088,,
FSO2013_Ratio M/L normalized Rep1___1,,,,
SAS2015_AZD/DMSO_Exp3,,,,
RM2024_Intensity D0-2___3,,,,
RM2024_Intensity D6-1,,,,
RB2022_8_RecoverySprint,0.5142187973787546,,,
RB2022_5_PreEndurance,0.5217950837402502,0.4349679171025424,0.6451942831694839,
CKC2017_log2 normalized phosphoproteomics_30min_rep#2,,,,
EP2017_Untreated R#4 normalized log2 ratio,0.5239107196679216,,,
WZ2023_Pu_010_30min,0.5214273053610988,0.4339123345859494,0.6403945985192748,
AS2011_Ratio H/L Proteins RNAi_2,,,,
RB2022_4_PreStrength,0.5182114231002525,0.4460363785057846,0.6485920715410786,
NJH2024_Sub4_MICT_Post,,,,
AH2018_LFQ_M_1_X,0.5186998619752943,0.44148339221410365,,
RB2022_8_RecoveryEndurance,0.5225394799282282,,0.6056073193635862,
KBE2022_Log2_Ex_14_U,,,,
FSO2013_Ratio M/L normalized Rep3___3,,,,
AH2018_TMTMS3_1_C,0.5249570253883714,0.4416151252717133,,
JJ2018_Ratio H/L normalized___1,,,,
ZQ2022_C2,,,,
RB2022_5_PreSprint,0.5189169458733262,,0.6449536673818604,
PG2020_Intensity 8h_C,,,,
AH2018_SILAC_MR_2_N,0.5216347916646454,0.4388894240160424,,
MV2014_Ratio M/L normalized A1___2 (2 min),,,,
TM2022_S2.8h.B,,,,
MV2014_Ratio M/H normalized B3___1 (30 min),,,,
FSO2012_Ratio -/+ 3-MB-PP1 exp. as4a,,,,
RNJ2017_Log2_ratio_Tsup:Tstim_D2,,,,
RM2024_Intensity D6-1___2,,,,
NJH2025_Sub7_MICT_Mid,,,,
LY2019_P1+,0.5260059710653081,0.44437388314089593,,
AS2011_Ratio H/L Proteins Inhi_2,,,,
BS2014_Log2(Ratio H/L normalized),,,,
UK2020_HCM_2,0.5237013765837552,,,
FSO2013_Ratio H/L normalized Rep2___2,,,,
EP2017_Pervanadate R#3 normalized log2 ratio,0.5203545890748235,,,
RM2024_Intensity D4-3___3,,,,
RB2022_5_PreStrength,,0.4376706876470182,0.6435637800402865,
NJH2024_Sub4_MICT_Mid,,,,
TM2022_S2.4h.A,,,,
RB2022_5_PostStrength,0.5239236655973494,0.4338389879802629,0.6334033463710257,
GF2025_P6_Sph,0.525199839682654,,,
RB2022_2_PreSprint,0.5219758497596948,0.4358511606031948,0.6462555695363538,
ZX2022_CB treated Replicate 3,0.5213787803278952,,,
RM2024_Intensity D6-2___3,,,,
WZ2023_Pe_025_10min,0.5229207574088879,0.4359654140811304,0.6413637011226673,
AS2011_Ratio H/L Normalized by Proteins RNAi_1,,,,
AST2020_anti-CD3+PDL2.1,,,,
KBE2022_Log2_Ex_34_U,,,,
WZ2023_Pu_005_10min,0.5227231134162645,0.4353253197853005,0.6389646206606875,
AS2011_Ratio H/L RNAi_2_1,,,,
NJH2024_Sub9_HIIT_Mid,,,,
CK2022_9 40-1,0.5187958475186973,,,
KTGR2014_Ratio H L Normalized Rep1_Rapamycin_0_15,,,,
LG2023_GSK3α-1_intensity,,,,
WZ2023_Pu_025_30min,0.5215042676113271,0.4363913965562754,0.6381155950280708,
AH2018_SILAC_MR_2_X,0.5190350925683965,0.437527192201382,,
HS2024_4_PD_T2,,0.42840075231848673,,
NJH2024_Sub4_HIIT_Pre,,,,
RB2022_2_RecoverySprint,0.5212355315245146,,0.6406236248574566,
AS2011_Ratio H/L Protein RNAi_1,,,,
RM2024_Intensity D2-1___2,,,,
CR2017_Ratio Replicate 1.4,,,,
FR2021_Norm.Intensity.B,,,,
RM2024_Intensity D6-2___1,,,,
YC2018_Log2(SKBR3-LR/SKBR3)_Rep.2-1,,,,
RB2022_5_PostSprint,0.524664309418616,0.4438167766927738,0.6394832745075948,
EJN2021_3_Rest_Basal,,0.4421182547895208,,
CR2017_Ratio Replicate 1.3,,,,
AS2011_Ratio H/L Normalized by Protein RNAi_2,,,,
KTGR2014_Ratio-Rapa 7 mins,,,,
AMK2021_120R_p1,,,,
AH2018_SILAC_3_X,0.522178439811357,0.4409641408638525,,
JJ2018_Ratio M/L normalized pP3,,,,
AH2018_SILAC_M_2_N,0.5222402760434073,0.43949443588762865,,
HS2024_7_PD_T2,0.5291186688136212,,,
FSO2013_Ratio H/L normalized Rep1___1,,,,
AH2018_LFQ_1_C,0.5206125323785982,,,
AS2011_Ratio H/L Normalized Inhi_1_3,,,,
KBE2022_Log2_Ex_28_T,,,,
HS2024_3_B_N1,0.5201779711957267,,,
RM2024_Intensity D4-2___3,,,,
WZ2023_Pe_025_30min,0.5232243001101781,0.43458427628200696,0.6415154479564831,
CK2022_11 40-1,0.5188789555559236,,,
CW2012_10 µM Erl/control Experiment 3 Replicate B,,,,
AH2018_SILAC_2_X,0.5223782616408723,0.43994371859098264,,
MV2014_Ratio H/M normalized A2___2 (2 min),,,,
AS2011_Ratio H/L RNAi_1_2,,,,
KS2014_Intensity E15_1,0.524079812569788,,,
FSO2013_Ratio H/L normalized Rep2,,,,
WZ2023_Pu_005_20min,0.5214853892258962,0.43411003158342226,0.6414637222723224,
NJH2024_Sub10_MICT_Post,,,,
RM2024_Intensity D2-3___1,,,,
CR2017_Ratio Replicate 1.5,,,,
CW2012_10 µM Gef/control Experiment 2 Replicate B,,,,
HS2024_7_B_T3,0.5254480698764521,,,
CKC2017_log2 normalized phosphoproteomics_60min_rep#1,,,,
AS2011_Ratio H/L RNAi_1,,,,
JC2019_Normalised_intensity_A_TiOx_Testis_sample_URO0059,,,,
AH2018_LFQ_M_1_C,0.5213493486574194,0.4403528774404275,,
NJH2025_Sub7_MICT_Pre,,,,
SR2019_SKBR3_Biol_repl_2,,,,
HS2024_9_B_T2,0.524889025796548,0.4551781863477547,,
KTGR2014_Ratio-AA 7 mins,,,,
MV2014_Ratio L/H normalized B3___3 (5 min),,,,
HS2024_3_PD_T1,0.5214150205022522,,,
FSO2013_Ratio M/L normalized Rep3___2,,,,
SR2019_BT549_Biol_repl_3,,,,
RCJD2014_20min_mean,,,,
FR2021_Norm.Intensity.H,,,,
RB2022_2_PreStrength,0.5149862661941864,,0.6427740408596375,
DB2022_LFQ intensity L1.2,0.5298888873719243,0.45994205441311253,0.6654243564601788,
HS2024_4_B_N1,,0.4338562215296875,,
KTGR2014_Ratio H M Normalized Rep2_Rapamycin_0_15,,,,
CK2022_1 16-1,0.5199314743330042,0.434274979225038,,
CK2022_1 200-1,0.5120055249064493,0.43023659200085157,,
PG2020_Intensity Mock_10h_D,,,,
SR2019_MCF10A_Biol_repl_2,,,,
JJ2018_Ratio M/L normalized pP2___2,,,,
HS2024_6_PD_T1,0.524976021282889,,,
JVO2010_Ratio M/L Normalized by Protein ThymON - Log2 G1/S,0.521239363082968,,,
RB2022_6_RecoveryEndurance,0.5202368467075793,0.43293378624865,,
FSO2012_Ratio -/+ 3-MB-PP1 exp. wt3b,,,,
EP2017_Mitotic R#2 normalized log2 ratio,,,,
RCJD2014_5min_1,,,,
RM2024_Intensity D4-1___1,,,,
DL2023_24h-1,0.521996981175722,,0.6354173656655009,
YC2018_Log2(SKBR3-LR/SKBR3)_Rep.1-1,,,,
FSO2012_Ratio -/+ 3-MB-PP1 exp. as2b,,,,
TM2022_S2.4h.C,,,,
SAS2015_PLX/AZD_Exp2,,,,
CR2017_Ratio Replicate 3.3,,,,
PG2020_Intensity 2h_C,,,,
VOI2024_Veh2 di,,,,
ZX2022_CB treated Replicate 2,0.5211742414704762,,,
KBE2022_Log2_Ex_8_T,,,,
NJH2025_Sub10_MICT_Post,,,,
HS2024_6_I_T3,0.5284831889173875,,,
RN2012_L11,,0.4465320104193446,,
AS2011_Ratio H/L Normalized Inhi_2_2,,,,
IMM2018_normalised rep. int. Empty-1,,,,
HS2024_5_PD_T1,,,,
AH2018_LFQ_M_2_C,0.5222115700771586,0.4384064887044628,,
CK2022_3 40-1,0.5190524668237915,,,
RBK2021_1260T Early,,,,
NJH2024_Sub4_HIIT_Post,,,,
HS2024_4_I_T1,0.520810425992476,,,
YA2020_Reporter_intensity_Cancer_No.5,,0.4376541624884556,,
HH2022_Reporter intensity 8,0.5228479690346409,,,
ZQ2022_N2,,,,
FSO2012_Ratio -/+ 3-MB-PP1 exp. wt1b,,,,
FSO2013_Ratio H/L normalized Rep3___3,,,,
AH2018_TMTMS3_2_N,0.5236916524067393,0.438990704418405,,
EJN2021_5_Rest_Basal,,0.4403961181836065,,
NJH2025_Sub2_HIIT_Post,,,,
NJH2025_Sub1_MICT_Post,,,,
HS2024_9_B_T1,0.5208050227798432,0.44487967917246846,,
FSO2012_Ratio -/+ 3-MB-PP1 exp. wt1a,,,,
JAW2011_Ratio H/L LS2_1,,,,
JVO2010_Log2 Ratio H/M Normalized aphidicolin,,,,
NJH2024_Sub6_HIIT_Pre,,,,
AH2018_SILAC_3_N,0.5221912716377256,0.44038481202026486,,
YA2020_Reporter_intensity_Normal_No.1,,0.4410168651351272,,
HS2024_3_B_T1,0.5160939145437597,,,
JJ2018_Ratio H/L normalized___2,,,,
RM2024_Intensity D0-2,,,,
MV2014_Ratio M/L normalized B1___2 (5 min),,,,
RB2022_7_PostStrength,0.5184352202034213,,0.6371201981386898,
RB2022_1_PostEndurance,,0.4421128312611768,,
CR2017_Ratio Replicate 3,,,,
SR2019_Hs578T_Biol_repl_3,,,,
MV2014_Ratio L/H normalized B3___1 (5 min),,,,
RBK2021_1244T Early,,,,
RB2022_3_PostSprint,0.5233484697159707,0.4415809500040155,0.6244208717393446,
NJH2024_Sub13_MICT_Mid,,,,
KTGR2014_Ratio-AA 2 mins,,,,
GF2025_P7_Sph,0.5248247189493295,,,
HS2024_8_I_T3,,,,
CF2017_EOC 3,,,,
LATM2013_Normalized Log2 Ratio (Medium/Light) Forward,,,,
HS2024_6_PD_T3,0.5290188811105352,,,
DL2023_12h-2,0.5210401909378816,,0.6424753892893754,
RM2024_Intensity D6-3___1,,,,
FS2019_Ctr1,0.5203886592073611,0.4335442295599939,,
WZ2023_Pu_010_20min,0.5227272478644844,0.43443074568003875,0.6394327281324422,
AS2011_Ratio H/L_3,,,,
CK2022_1 40-1,0.5192392352796439,,,
RNJ2017_Log2_ratio_Tsup:Trest_D1,,,,
CK2022_8 16-1,0.5213347916250218,0.44295881135148907,,
KS2014_Intensity N3,0.5189716248267585,0.44128616784543645,,
RB2022_4_RecoveryEndurance,0.5197434736335198,,0.6457017683211542,
RB2022_5_RecoveryEndurance,,,0.648502999295464,
JAW2011_Ratio H/L LS1a_2,,,,
NJH2024_Sub12_HIIT_Mid,,,,
AH2018_LFQ_IT_1_N,0.5178139530543172,0.44056876646899185,,
FSO2013_Ratio H/M normalized Rep2,,,,
RAM2015_Log2 A,,,,
HS2024_8_PD_T1,,,,
JJ2018_Ratio H/L normalized pP2,,,,
CF2017_OSE 27,0.5216924335504968,,,
KS2014_Intensity E15_2,0.5237139724915096,0.4359987206265585,,
BS2014_Log2(Ratio H/L protein),,,,
PG2020_Intensity 8h_A,,,,
HS2024_7_I_T1,0.5266650009073661,,,
VOI2024_Veh3 di,,,,
RKK2015_TNF-α+SC-514/basal,,,,
SR2019_JIMT1_Biol_repl_1,,,,
HW2015_Ratio H/L normalized Exp2,,,,
HS2024_3_I_N1,0.5207478286342274,,,
AH2018_SILAC_M_3_X,0.5222272872171527,0.4410956251278008,,
NJH2024_Sub9_HIIT_Post,,,,
AS2011_Ratio H/L RNAi_1_3,,,,
GRW2016_Ratio H/L normalized SILAC 1___2,,,,
NJH2025_Sub1_HIIT_Pre,,,,
YC2018_Log2(SKBR3-LR/SKBR3)_Rep.1-2,,,,
NJH2024_Sub4_HIIT_Mid,,,,
VOI2024_0.1uM 2 h_1 di,,,,
KBE2022_Log2_Ex_6_T,,,,
RM2024_Intensity D4-3___1,,,,
AH2018_LFQ_4_X,0.5212908508070557,0.4395692260953435,,
AS2011_Inhi 2_Ratio H/L normalized by corresponding protein level (H:TAL treatment; L: MA treatment),,,,
RB2022_8_PostEndurance,0.520807927655535,0.4498561409463886,0.643763422729994,
NJH2025_Sub4_MICT_Mid,,,,
YP2020_Intensity C30_R1_mult_log2,,,,
AST2020_anti-CD3.1,,,,
NJH2025_Sub4_HIIT_Post,,,,
EP2017_Untreated R#4 log2 ratio,0.5239496033135544,,,
HS2024_6_B_N1,0.5273542607122675,,,
KBE2022_Log2_Ex_27_T,,,,
CW2012_10 µM Gef/control Experiment 1 Replicate A,,,,
VOI2024_0.1uM 24 h_1 mono,,,,
AMK2021_120R_p5,,,,
AS2011_Ratio H/L Proteins,,,,
NJH2024_Sub7_HIIT_Post,,,,
NJH2015_TMT Subject 1 127_N/126 (Exercise/Basal) (normalized),0.5253653267484345,0.4396577242286838,0.6418744134321291,
AS2011_Ratio H/L RNAi_2_2,,,,
RB2022_7_RecoveryStrength,0.5224772511789487,,0.6654003539632216,
AH2018_SILAC_IT_3_X,0.5214720333325058,0.4376758329608303,,
JAW2011_Ratio H/L,,,,
PG2020_Intensity 10h_C,,,,
FSO2013_Ratio M/L normalized Rep2,,,,
CP2009_Ratio H/M Normalized (50 nM dasatinib vs 5 nM dasatinib),,,,
HH2022_Reporter intensity 5,0.5222481038757943,,,
SR2019_HCC1954_Biol_repl_2,,,,
CK2022_14 40-1,0.5183304971731436,,,
RB2022_6_PreSprint,0.5234423047098387,,,
NJH2025_Sub12_MICT_Mid,,,,
PG2020_Intensity 4h_D,,,,
NJH2025_Sub2_MICT_Post,,,,
AH2018_LFQ_4_C,0.521308447297506,0.4396066186375504,,
DL2023_control-1,0.5215875813913052,,,
AR2021_ALG 10 μM,0.5173012667078658,,,
JAW2011_Ratio H/L LS2_2,,,,
AH2018_SILAC_IT_3_N,0.5221045639285781,0.43934631824021225,,
EJN2021_4_Rest_Ins,,0.4391133802956891,,
RN2012_H05,0.5205051136720995,0.4375969521737593,,
NJH2024_Sub7_HIIT_Mid,,,,
GF2025_P2_Adh,0.5146048414861538,0.4373217419623224,,
FSO2012_Ratio -/+ 3-MB-PP1 exp. as4b,,,,
RB2022_8_PostSprint,,,0.6353969359113445,
EJN2021_1_Rest_Ins,,0.43869262209996496,,
HH2022_Reporter intensity 3,0.5191978450685604,,,
FSO2012_Ratio -/+ 3-MB-PP1 exp. wt4b,,,,
AH2018_SILAC_IT_1_C,0.5163898727964503,0.4392933831352562,,
JW2021_After_3,,,,
GF2025_P8_Sph,0.5176762687724344,,,
FSO2012_Ratio -/+ 3-MB-PP1 exp. wt4,,,,
JJ2018_Ratio M/L normalized pP2___1,,,,
AH2018_SILAC_2_N,0.5221532413983437,0.43924120722779825,,
CK2022_11 200-1,0.5108525685848807,0.4373766825571563,,
CK2022_12 200-1,0.5110625012759807,0.4394520864788396,,
AS2011_Ratio H/L Normalized by Protein RNAi_1,,,,
RM2024_Intensity D2-1___3,,,,
NJH2024_Sub1_MICT_Pre,,,,
HH2022_Reporter intensity 9,0.5210707171050325,,,
WZ2023_Su_010_20min,0.5218898677264788,0.4350225969795897,0.6411427963625785,
AH2018_TMTMS2_2_N,0.5258098438471039,0.44193836207507187,,
NJH2024_Sub13_MICT_Pre,,,,
KBE2022_Log2_Ex_41_U,,,,
NJH2015_TMT Subject 3 129_N/128_C (Exercise/Basal) (normalized),0.5241646172947229,0.44472731538773075,0.6403171011815415,
AH2018_TMTMS3_Pool,0.5245222409333202,0.43778503195708374,,
KS2014_Intensity N4,0.5208640227250023,0.44177844553997275,,
NJH2024_Sub1_HIIT_Post,,,,
MM2018_Ratio H/L replicate2,,,,
RM2024_Intensity D4-2___2,,,,
NJH2024_Sub13_HIIT_Pre,,,,
CF2017_OSE 26,,,,
CK2022_14 200-1,0.5099721113977403,0.4283068386414961,,
SR2019_Hs578T_Biol_repl_1,,,,
RB2022_7_PostSprint,0.5211569388690771,0.44462127876330365,0.6389026661325266,
TM2022_mock.4h.A,,,,
NJH2025_Sub12_HIIT_Pre,,,,
AH2018_TMTMS3_1_N,0.5244046717203209,0.4358963825404785,,
AST2020_anti-CD3+PDL2.2,,,,
PG2020_Intensity Mock_10h_A,,,,
JW2021_After_2,,,,
NJH2024_Sub2_MICT_Post,,,,
EJN2021_2_Rest_Ins,,0.43639725359268605,,
SR2019_LM2_Biol_repl_4,,,,
CP2009_Ratio H/M,,,,
JAW2011_Ratio H/L HS,,,,
CK2022_13 16-1,0.520465641090033,0.42906423376140856,,
GF2025_P1_Adh,0.5212740683425301,0.4419891481054454,,
GF2025_P1_Sph,0.525357527589532,0.44163342409550216,,
EJN2021_5_Ex_Basal,,0.442716256376778,,
HS2024_7_I_T3,0.526153055354021,,,
JJ2018_Ratio H/L normalized pP2___2,,,,
WZ2023_Pe_010_10min,0.5224557888121817,0.43521174582223093,0.6396522237159192,
CF2017_EOC 1,,,,
CK2022_3 200-1,0.5124076970649865,0.4308334614796751,,
AH2018_LFQ_IT_3_C,0.5218011069203163,0.4383907022420264,,
SR2019_Hs578T_Biol_repl_2,,,,
NJH2024_Sub12_HIIT_Post,,,,
JJ2018_Ratio H/L normalized pP1___2,,,,
MV2014_Ratio H/L normalized A1___2 (10 min),,,,
NJH2024_Sub10_MICT_Mid,,,,
NJH2024_Sub13_MICT_Post,,,,
BS2014_Log2(Ratio H/L normalized Rep_1),,,,
RB2022_3_RecoverySprint,0.5285793758143643,0.4284372435933668,0.6338841189620037,
NJH2025_Sub1_HIIT_Mid,,,,
RCJD2014_20min_2,,,,
FSO2012_Ratio -/+ 3-MB-PP1 exp. wt2,,,,
HS2024_6_PD_T2,0.5229321655701974,,,
HS2024_5_B_T1,0.5169038803095114,,,
CW2012_10 µM Gef/control Experiment 2 Replicate A,,,,
DL2023_12h-3,0.5172827985153026,,,
SR2019_MDAMB231_Biol_repl_2,,,,
HS2024_3_B_T2,0.520478222329706,,,
RB2022_6_PreStrength,0.5223584522236326,0.43620708394938373,,
CK2022_2 40-1,0.5190976513201621,,,
RB2022_1_PostSprint,0.524766476929415,0.4411284808347447,0.6429864923864339,
CK2022_4 200-1,0.5126951353148758,0.4318190549385403,,
JW2021_Before_2,,,,
TM2022_S2.12h.A,,,,
MV2014_Ratio L/M normalized B2___2 (30 min),,,,
CK2022_5 16-1,0.5213144255933159,0.4438210702982928,,
AR2021_ALG 1 μM,0.5210275291155184,0.4435771915834608,,
HS2024_4_B_T1,0.5192670415674385,,,
MV2014_Ratio M/H normalized A3___1 (10 min),,,,
SR2019_BT549_Biol_repl_4,,,,
EJN2021_1_Rest_Basal,,0.44017695155440717,,
NJH2025_Sub8_MICT_Post,,,,
RCJD2014_5min_3,,,,
CR2017_Ratio Replicate 3.2,,,,
FSO2012_Ratio -/+ 3-MB-PP1 exp. as3a,,,,
GF2025_P7_Adh,0.5237639779294396,,,
CK2022_9 16-1,0.5201444722233667,0.43145987053899765,,
NJH2024_Sub6_HIIT_Post,,,,
AMK2021_30R_p3,,,,
AS2011_Ratio H/L Normalized RNAi_2,,,,
RM2024_Intensity D0-2___2,,,,
KS2014_Intensity pY_N4,,,,
CK2022_13 200-1,0.5083454475598785,0.428366594993683,,
AS2011_Ratio H/L Normalized_2,,,,
PG2020_Intensity 6h_D,,,,
CK2022_16 16-1,0.520311043294346,0.42925463195372643,,
FS2019_db/db3,,,,
CK2022_15 40-1,0.5184554780225744,,,
NJH2024_Sub9_MICT_Pre,,,,
BS2014_Log2(Ratio H/L unmodified peptide),,,,
WZ2023_Su_005_10min,0.5216243257382348,0.43523617251489016,0.6405872795729411,
RM2009_Ratio M/L (M:15 min timepoint;L:0 min. timepoint),,,,
KBE2022_Log2_Ex_41_T,,,,
AMK2021_Ctrl_p1,,,,
AH2018_LFQ_IT_3_X,0.5223633398360438,0.4399315776496478,,
HS2024_5_PD_T3,0.522163206584205,0.4382001275772549,,
AH2018_TMTMS3_3_X,0.5237622183957045,0.4363693584499593,,
FSO2012_Ratio -/+ 3-MB-PP1 exp. as2,,,,
KBE2022_Log2_Ex_40_U,,,,
AH2018_LFQ_M_1_N,0.5189973272537742,0.43666793437173124,,
KBE2022_Log2_Ex_27_U,,,,
HW2015_Ratio M/L normalized Exp3,,,,
RKK2015_TNF-α/IKKb(K44M),,,,
AH2018_SILAC_M_1_N,0.5185202875448409,0.4414972566916168,,
HW2015_Ratio M/L normalized Exp1,,,,
RB2022_5_RecoveryStrength,0.5235467048234473,,0.6492039924352783,
YP2020_Intensity P10_R1_mult_log2,,,,
RB2022_7_PreStrength,0.5153833978168381,,0.6463444025828953,
YA2020_Reporter_intensity_Normal_No.4,,0.4418428348227246,,
NJH2025_Sub13_HIIT_Pre,,,,
PG2020_Intensity CT_D,,,,
NJH2025_Sub9_MICT_Post,,,,
VOI2024_Veh1 mono,,,,
CK2022_12 16-1,0.5207899789628938,0.42917652419877333,,
RN2012_L13,0.5212708426531867,0.45044978349515724,,
LG2023_Control-1_intensity,,,,
RM2024_Intensity D6-3___2,,,,
KBE2022_Log2_Ex_8_U,,,,
SR2019_SKBR3_Biol_repl_3,,,,
NJH2024_Sub1_MICT_Post,,,,
HS2024_3_I_T2,0.5240007546507952,,,
KTGR2014_Ratio M L Normalized Rep2_Rapamycin_0_15,,,,
RM2024_Intensity D0-3___3,,,,
HS2024_6_I_T2,,0.45269806471283075,,
CW2012_10 µM Erl/control Experiment 2 Replicate B,,,,
AS2011_Ratio H/L Protein Inhi_1,,,,
FSO2013_Ratio H/M normalized Rep2___1,,,,
GRW2016_Ratio M/L normalized SILAC 5a___2,,,,
CK2022_10 40-1,0.5192030767285436,,,
NJH2024_Sub12_HIIT_Pre,,,,
NJH2024_Sub8_MICT_Pre,,,,
RM2024_Intensity D0-1___1,,,,
LY2019_P3+,0.5128699924861011,0.4342544980611598,,
HH2022_Reporter intensity 6,0.5230574927591285,,,
RB2022_2_RecoveryStrength,0.5257765472892368,,0.6437960947372754,
KTGR2014_Ratio-AA 15 mins,,,,
AS2011_Ratio H/L Normalized RNAi_2_2,,,,
KS2014_Intensity pY_N3,,,,
MV2014_Ratio H/L normalized B1___2 (30 min),,,,
LY2019_P5-,0.5253748276158576,0.4466000748792633,,
HW2015_Ratio M/L normalized Exp2,,,,
SR2019_HCC1419_Biol_repl_1,,,,
AH2018_TMTMS2_3_X,0.5257621623392265,0.4429699226771285,,
GF2025_P3_Adh,0.5208091343457785,0.44148248530053835,,
SR2019_JIMT1_Biol_repl_2,,,,
AH2018_TMTMS2_1_C,0.5256347918417592,0.44068209147144494,,
RM2024_Intensity D0-1___2,,,,
LY2019_P4+,0.537518117119758,0.4397530702260974,,
KBE2022_Log2_Ex_19_U,,,,
CKC2017_log2 normalized phosphoproteomics_0min_rep#1,,,,
RB2022_4_PostStrength,0.5243301000497259,0.43864175021363677,0.6355983186062608,
LG2023_GSK3α-3_intensity,,,,
YA2020_Reporter_intensity_Cancer_No.1,,0.44007091780538476,,
AST2020_Control,,,,
JAW2011_Ratio H/L LS1a,,,,
RCJD2014_5min_mean,,,,
NJH2015_iTRAQ Subject 4 114/115 (Exercise/Basal) (normalized),0.518463940768557,,,
NJH2025_Sub1_MICT_Mid,,,,
TM2022_S2.12h.C,,,,
NJH2025_Sub9_MICT_Mid,,,,
CKC2017_log2 normalized phosphoproteomics_120min_rep#2,,,,
AS2011_Ratio H/L Normalized Inhi_1_2,,,,
FSO2013_Ratio M/L normalized Rep2___1,,,,
LG2023_Control-2_intensity,,,,
NJH2024_Sub8_HIIT_Pre,,,,
KS2014_Intensity pY_N2,,,,
RB2022_5_RecoverySprint,0.5224179037841823,0.43846916660885255,0.6285237433449282,
RB2022_7_RecoverySprint,0.5232263613263617,0.4373136748705815,0.6415131166432145,
YA2020_Reporter_intensity_Normal_No.3,,0.44190449317327607,,
HS2024_8_B_T2,0.5262735687759212,,,
AH2018_LFQ_1_X,,,,
RM2024_Intensity D6-1___1,,,,
RCJD2014_10min_2,,,,
FR2021_Norm.Intensity.M,,,,
RM2024_Intensity D0-3___1,,,,
KS2014_Intensity N2,0.5205938369982778,0.4433263609257043,,
HH2022_Reporter intensity 1,0.5189442144692047,,,
HH2022_Reporter intensity 2,0.5194681058812715,,,
RM2024_Intensity D6-2___2,,,,
FSO2012_Ratio -/+ 3-MB-PP1 exp. as1,,,,
RM2024_Intensity D2-3___2,,,,
YA2020_Reporter_intensity_Normal_No.5,,0.4411638138678704,,
SR2019_MCF7_Biol_repl_1,,,,
FSO2012_Ratio -/+ 3-MB-PP1 exp. as1a,,,,
HS2024_8_B_T1,,,,
NJH2025_Sub6_HIIT_Pre,,,,
RNJ2017_Log2_ratio_Tsup:Tstim_D1,,,,
EP2017_Untreated R#2 log2 ratio,,,,
SR2019_LM2_Biol_repl_3,,,,
RB2022_4_RecoveryStrength,0.5280707245328115,,0.6476733059547346,
CR2017_Ratio Replicate 2,,,,
CW2012_10 µM Erl/control Experiment 2 Replicate A,,,,
FSO2013_Ratio H/M normalized Rep3,,,,
AR2021_KD 72h,0.5131719415855999,0.43701348802282697,,
MV2014_Ratio H/M normalized B2___3 (5 min),,,,
KBE2022_Log2_Ex_18_U,,,,
AS2011_Ratio H/L Inhi_1_1,,,,
NJH2024_Sub8_MICT_Post,,,,
AH2018_TMTMS3_3_C,0.5243441853299476,0.4380320823662924,,
KBE2022_Log2_Ex_9_U,,,,
AH2018_SILAC_M_3_N,0.5222497371283576,0.44055497427244966,,
KBE2022_Log2_Ex_13_T,,,,
RM2024_Intensity D0-3,,,,
SR2019_SKBR3_Biol_repl_1,,,,
PG2020_Intensity Mock_10h_C,,,,
CF2017_OSE 29,,,,
YB2013_Ratio_H_L_Normalized_in_experiment_1,,,,
NJH2025_Sub1_HIIT_Post,,,,
DL2023_24h-2,0.5208968323913906,,0.6377370021057276,
HS2024_7_B_N2,,0.4385315455142353,,
PG2020_Intensity 10h_A,,,,
RN2012_L12,0.5197934981716672,0.43379943031809026,,
MV2014_Ratio M/L normalized B1___3 (5 min),,,,
NJH2024_Sub8_MICT_Mid,,,,
AH2018_LFQ_IT_4_C,0.5221240193934158,0.4404253889432704,,
SAS2015_PLX/AZD_Exp1,,,,
FR2021_Norm.Intensity.A,,,,
FSO2013_Ratio H/M normalized Rep1___1,,,,
JW2015_Intensity cap2,,,,
BS2014_Log2(Ratio H/L normalized Rep_2),,,,
NJH2024_Sub6_MICT_Post,,,,
CK2022_8 40-1,0.521920987995974,,,
RB2022_7_RecoveryEndurance,0.5211467609135302,0.42752673817303793,0.6354176404245657,
NJH2025_Sub12_HIIT_Post,,,,
EJN2021_4_Ex_Basal,,,,
TM2022_S2.12h.B,,,,
RN2012_L15,0.5260882318187147,0.45025073341694904,,
KS2014_Intensity pY_PV3,,0.43946666913337334,,
TM2022_S2.4h.B,,,,
PG2020_Intensity 4h_A,,,,
FSO2013_Ratio H/M normalized Rep2___2,,,,
TM2022_mock.4h.B,,,,
KBE2022_Log2_Ex_24_U,,,,
NJH2025_Sub13_MICT_Mid,,,,
KS2014_Intensity C3,0.5213586245911729,0.4391696997599062,,
RB2022_1_PreSprint,0.5188226224928973,,0.6430978973117859,
HS2024_4_I_N1,0.5150065799889036,,,
CK2022_7 200-1,0.5393984044765652,0.47327491393953913,,
CK2022_5 200-1,0.5399117968133099,0.4702871368981277,,
CKC2017_log2 normalized phosphoproteomics_120min_rep#3,,,,
FSO2013_Ratio H/L normalized Rep2___1,,,,
NJH2024_Sub10_HIIT_Mid,,,,
RB2022_2_PostEndurance,0.5170355983636966,0.4459689098236186,0.6400332271295192,
AH2018_LFQ_2_C,0.5225845961574465,,,
AH2018_SILAC_MR_1_X,0.5175885879872295,0.4368071638907085,,
KTGR2014_Ratio H M Normalized Rep1_Rapamycin_0_15,,,,
IMM2018_normalised rep. int. Empty-2,,,,
RM2024_Intensity D4-1,,,,
KBE2022_Log2_Ex_25_U,,,,
AH2018_SILAC_3_C,0.5221271670051405,0.44043165216436253,,
EJN2021_5_Rest_Ins,,0.43515439853067006,,
VOI2024_0.1uM 24 h_3 di,,,,
RNJ2017_Log2_ratio_Tstim:Trest_D3,,,,
DB2022_LFQ intensity L2.1,0.5255039213464637,0.4478695968040845,0.636675253090863,
FSO2013_Ratio H/M normalized Rep1,,,,
CK2022_4 16-1,0.5204095986740119,0.4313943453724129,,
AS2011_Ratio H/L,,,,
SR2019_MCF7_Biol_repl_4,,,,
EJN2021_2_Ex_Ins,,0.4340608302340034,,
AS2011_Ratio H/L Inhi_2_3,,,,
JAW2011_Ratio H/L LS1a_1,,,,
AH2018_LFQ_1_N,0.5203378872888733,0.4345656351240794,,
SAS2015_PLX/DMSO_Exp1,,,,
SFR2015_HL_log2_ratio_avg_c,,,,
JJ2018_Ratio M/L normalized pP2,,,,
NJH2024_Sub7_MICT_Mid,,,,
PG2020_Intensity 6h_B,,,,
FSO2013_Ratio H/L normalized Rep3,,,,
GRW2016_Ratio H/L normalized SILAC 2___2,,,,
RKK2015_IKKb(K44M)+TNF-α/TNF-α,,,,
JJ2018_Ratio M/L normalized,,,,
KTGR2014_Ratio-AA 30 mins,,,,
JW2021_After_1,,,,
NJH2025_Sub2_MICT_Mid,,,,
HS2024_6_B_N2,0.5261040325260656,,,
KBE2022_Log2_Ex_9_T,,,,
AH2018_SILAC_IT_2_N,0.5220655476565033,0.4397912817330307,,
AH2018_SILAC_IT_1_X,0.5211424794899507,0.4369530360440668,,
HW2015_Ratio H/L normalized Exp3,,,,
HS2024_7_PD_T1,0.5307157536509958,,,
UK2020_UA_2,0.524271292316927,,,
RM2024_Intensity D2-1___1,,,,
GF2025_P10_Sph,0.522419171301281,,,
WZ2023_Pe_025_20min,0.5230873737437223,0.434602590985439,0.6412119578880382,
JVO2010_Log2 Ratio M/L Normalized aphidicolin,,,,
AH2018_LFQ_2_N,0.5210337382103783,0.43902286182740397,,
HS2024_4_I_N2,0.5179589664633494,,,
AH2018_TMTMS2_3_N,0.5256996136949158,0.442909286771483,,
RN2012_H06,0.5278652366157083,0.4554862037120901,,
AS2011_Inhi 1_Ratio H/L normalized by corresponding protein level (H:TAL treatment; L: MA treatment),,,,
HS2024_4_PD_T3,,0.4304955298735132,,
WZ2023_Su_005_30min,0.5218708802182225,0.43508633115875295,0.6396026487786316,
SR2019_HCC1419_Biol_repl_4,,,,
JJ2018_Ratio H/M normalized___2,,,,
SR2019_JIMT1_Biol_repl_3,,,,
AS2011_Ratio H/L Protein,,,,
UK2020_HCM_3,0.5245865092503422,,,
NJH2024_Sub10_HIIT_Post,,,,
CR2017_Ratio Replicate 3.1,,,,
WZ2023_Su_025_10min,0.5215796736233266,0.4343389177498121,0.6409458903873853,
AH2018_LFQ_IT_4_X,0.5221742059674345,0.44095619512613515,,
CP2009_Ratio H/L,,,,
VOI2024_0.1uM 24 h_3 mono,,,,
RB2022_4_RecoverySprint,0.5234786607344976,,0.6166633322435761,
RM2024_Intensity D6-3,,,,
WZ2023_Su_005_20min,0.5217566322085151,0.43456078912014656,0.6409245159031864,
CW2012_10 µM Gef/control Experiment 1 Replicate B,,,,
SFR2015_HL_log2_ratio_avg_a,,,,
CW2012_10 µM Erl/control Experiment 3 Replicate A,,,,
RB2022_1_PreEndurance,,,0.6438166680929154,
FSO2012_Ratio -/+ 3-MB-PP1 exp. wt3a,,,,
LG2023_GSK3α-2_intensity,,,,
EP2017_Pervanadate R#1 log2 ratio,0.5209149311712216,,,
NJH2025_Sub6_HIIT_Post,,,,
RB2022_6_RecoverySprint,0.5220147533412888,0.43510832237042774,,
KS2014_Intensity,0.5188614252619352,0.4367263280182528,,
MV2014_Ratio H/M normalized A2___1 (2 min),,,,
PG2020_Intensity 8h_D,,,,
LY2019_P7+,0.5203103310991282,0.4442867268241495,,
EP2017_Untreated R#1 normalized log2 ratio,,,,
RN2012_L10,,0.43013296514567306,,
PG2020_Intensity 4h_C,,,,
EP2017_Mitotic R#3 normalized log2 ratio,0.5195644340584927,,,
FSO2012_Ratio -/+ 3-MB-PP1 exp. as4,,,,
DB2022_LFQ intensity L1,0.5271045708991093,0.4550102790695347,0.6402356466858798,
KBE2022_Log2_Ex_24_T,,,,
RB2022_8_PostStrength,0.5190974882725835,0.4377785437644272,0.6376750840498306,
AH2018_SILAC_IT_2_X,0.5216102430675187,0.43830988709740665,,
HS2024_4_B_T3,0.518644294785711,,,
NJH2024_Sub2_HIIT_Post,,,,
HS2024_8_B_N2,0.5237460116777902,0.44179712977171265,,
NJH2025_Sub8_HIIT_Pre,,,,
JJ2018_Ratio H/L normalized pP2___1,,,,
HS2024_8_I_T2,0.5269664433461897,0.4459059776611139,,
KBE2022_Log2_Ex_6_U,,,,
LATM2013_Normalized Log2 Ratio (Light/Medium) Reverse,,,,
CR2017_Ratio Replicate 1.1,,,,
CKC2017_log2 normalized phosphoproteomics_30min_rep#1,,,,
MV2014_Ratio M/H normalized B3___2 (30 min),,,,
CK2022_16 200-1,0.5100385414490516,0.4300154045537756,,
VOI2024_0.1uM 2 h_3 di,,,,
EP2017_Mitotic R#1 normalized log2 ratio,,,,
GF2025_P9_Sph,0.52676584713699,,,
CK2022_6 200-1,0.5374305178505167,0.46047326049108106,,
NJH2024_Sub7_MICT_Post,,,,
AH2018_TMTMS3_2_X,0.5242400092845979,0.43509636178842714,,
NJH2024_Sub8_HIIT_Post,,,,
DB2022_LFQ intensity R1,0.5231284094744253,0.44668313130448073,0.6283461320441925,
JW2015_Intensity cap3,,,,
SR2019_HCC1954_Biol_repl_1,,,,
HS2024_4_I_T2,0.5234230634623788,,,
NJH2024_Sub2_MICT_Mid,,,,
VOI2024_0.1uM 2 h_2 mono,,,,
CP2009_Ratio M/L Normalized (5 nM dasatinib vs Ctrl),,,,
FSO2012_Ratio -/+ 3-MB-PP1 exp. as3b,,,,
HS2024_4_PD_T1,,0.42704584264209117,,
SAS2015_AZD/DMSO_Exp1,,,,
NJH2024_Sub1_MICT_Mid,,,,
IMM2018_normalised rep. int. CDK5L-3,,,,
HS2024_3_B_T3,0.5199778582949515,,,
MV2014_Ratio L/H normalized A3___2 (2 min),,,,
NJH2025_Sub13_MICT_Pre,,,,
SR2019_MDAMB231_Biol_repl_3,,,,
GRW2016_Ratio H/L normalized SILAC 4___1,,,,
MM2018_Ratio H/L replicate1,,,,
PG2020_Intensity 2h_D,,,,
EP2017_Untreated R#3 normalized log2 ratio,0.5225730976594921,,,
MV2014_Ratio M/H normalized A3___3 (10 min),,,,
NJH2024_Sub7_HIIT_Pre,,,,
JAW2011_Ratio H/L LS2,,,,
CK2022_8 200-1,0.5394022885020175,0.47047903471106856,,
KS2014_Intensity pY_C4,,,,
CR2017_Ratio Replicate 3.5,,,,
RB2022_7_PostEndurance,0.5197921171445087,0.4387720185034012,0.6369579616162393,
NJH2025_Sub4_HIIT_Pre,,,,
CKC2017_log2 normalized phosphoproteomics_90min_rep#3,,,,
TM2022_mock.12h.A,,,,
JJ2018_Ratio H/L normalized pP1,,,,
EP2017_Pervanadate R#2 normalized log2 ratio,0.5211625061850086,,,
AS2011_Ratio H/L Normalized by Protein (Unnormalized),,,,
KS2014_Intensity pY_E5_4,,,,
RM2024_Intensity D4-3___2,,,,
CKC2017_log2 normalized phosphoproteomics_15min_rep#1,,,,
AH2018_SILAC_2_C,0.5218061711319623,0.43839239685479287,,
AS2011_RNAi 2_Ratio H/L normalized by corresponding protein level (H: shPlk1; L: shEg5),,,,
HS2024_7_I_N1,,0.4494041371701818,,
KBE2022_Log2_Ex_29_T,,,,
HS2024_7_I_T2,0.523984004355881,,,
AS2011_Ratio H/L Normalized RNAi_2_3,,,,
CW2012_10 µM Gef/control Experiment 3 Replicate B,,,,
HS2024_6_B_T2,0.5233031105654169,0.4528758645197109,,
AMK2021_45I_p5,,,,
CW2012_10 µM Erl/control Experiment 1 Replicate A,,,,
SAS2015_PLX/DMSO_Exp2,,,,
EJN2021_1_Ex_Basal,,,,
FR2021_Intensity.M,,,,
RB2022_2_PostSprint,0.5235055968600618,0.441680530425858,0.6382525547066922,
AH2018_SILAC_MR_3_N,0.5180596551389011,0.4378152137987568,,
MV2014_Ratio H/L normalized B1___3 (30 min),,,,
CF2017_FTE 13,0.5184531249238824,,,
PG2020_Intensity CT_C,,,,
ZCP2016_Ratio H/L Rep 1,,,,
FS2019_db/db2,0.5183388322726971,,,
KS2014_Intensity pY_PV4,,0.43820324029533214,,
KBE2022_Log2_Ex_39_U,,,,
EP2017_Untreated R#3 log2 ratio,0.5226247808393677,,,
RB2022_2_PostStrength,0.5210923525021444,0.4421152395925776,0.6345952280280704,
AS2011_Ratio H/L Normalized_1,,,,
MV2014_Ratio M/H normalized A3___2 (10 min),,,,
CR2017_Ratio Replicate 3.4,,,,
HS2024_8_PD_T2,,,,
FS2019_Ctr2,0.5204006689460228,,,
RB2022_6_PreEndurance,,,,
FR2021_Norm.Intensity.G,,,,
NJH2025_Sub9_HIIT_Post,,,,
CKC2017_log2 normalized phosphoproteomics_0min_rep#3,,,,
RM2024_Intensity D4-3,,,,
HS2024_8_B_N1,0.5226113336380429,0.43956126305104143,,
NJH2025_Sub10_MICT_Mid,,,,
KBE2022_Log2_Ex_15_U,,,,
AS2011_Ratio H/L Normalized Inhi_2,,,,
RKK2015_TNF-α/SC-514,,,,
RB2022_3_PreSprint,,0.4382725650508749,0.6410081549013905,
CR2017_Ratio Replicate 2.3,,,,
RM2009_Ratio M/L Normalized by Corresponding Protein Level (M:15 min timepoint;L:0 min. timepoint),,,,
CP2009_Ratio H/L Normalized (50 nM dasatinib vs Ctrl),,,,
GF2025_P4_Adh,0.5207697867849955,0.44324200621784954,,
YA2020_Reporter_intensity_Normal_No.2,,0.4431413828845716,,
YP2020_Intensity P30_R2_mult_log2,,,,
NJH2025_Sub13_MICT_Post,,,,
HS2024_4_B_N2,,0.4280389348377512,,
HS2024_3_PD_T3,0.5194745242097083,,,
AMK2021_120R_p3,,,,
MV2014_Ratio L/H normalized A3___3 (2 min),,,,
NJH2025_Sub10_HIIT_Pre,,,,
FR2021_Intensity.G,,,,
RAM2015_Log2 C,,,,
AS2011_Ratio H/L Proteins Inhi_1,,,,
FSO2013_Ratio H/M normalized Rep1___3,,,,
AH2018_LFQ_M_2_N,0.5216831176828214,0.4404027932063455,,
MV2014_Ratio M/L normalized A1___3 (2 min),,,,
KBE2022_Log2_Ex_40_T,,,,
CK2022_2 16-1,0.5199918630143846,0.4325406962477685,,
RAM2015_Log2 B,,,,
YP2020_Intensity C10_R1_mult_log2,,,,
FSO2013_Ratio M/L normalized Rep1___2,,,,
NJH2025_Sub8_MICT_Pre,,,,
EJN2021_4_Rest_Basal,,0.4410793467491377,,
YB2013_Ratio_H_L_Normalized_in_experiment_2,,,,
JJ2018_Ratio H/M normalized pP3___1,,,,
VOI2024_Veh2 mono,,,,
HS2024_6_B_T1,0.5185954907205658,0.4439443172605077,,
UK2020_HCM_5,0.5235318757117647,,,
NJH2025_Sub10_HIIT_Post,,,,
VOI2024_0.1uM 2 h_3 mono,,,,
JW2015_Intensity pre3,,,,
AS2011_Ratio H/L Normalized Inhi_2_1,,,,
DL2023_24h-3,0.5194691947215434,,0.6356801907645689,
HS2024_7_PD_T3,,0.4342466806572322,,
PG2020_Intensity Mock_10h_B,,,,
WZ2023_Su_025_30min,0.5215666734840604,0.43446825153738367,0.6405269904866097,
AH2018_LFQ_4_N,0.5186989386860776,,,
CR2017_Ratio Replicate 1.2,,,,
AS2011_Ratio H/L Normalized by Proteins,,,,
RB2022_6_RecoveryStrength,0.5215871163573924,,,
HS2024_8_I_N1,0.521868217753825,0.4378189626762466,,
AMK2021_Ctrl_p3,,,,
AS2011_Ratio H/L Protein Inhi_2,,,,
HH2022_Reporter intensity 7,0.5246411871266246,,,
AH2018_SILAC_M_1_X,0.5195990567486474,0.4422830281736983,,
RB2022_7_PreEndurance,0.5217446547970237,0.4422013020148701,0.6111553013512983,
VOI2024_0.1uM 24 h_2 di,,,,
DL2023_control-2,0.5210857933387234,,0.6420977602714362,
LY2019_P6+,0.5233495588321175,0.4448384990674679,,
DB2022_LFQ intensity R2,0.5214919949888662,0.432134794713075,0.6492358140576185,
GF2025_P6_Adh,0.5174152617193508,,,
VOI2024_Veh1 di,,,,
AS2011_Ratio H/L RNAi_2,,,,
FSO2012_Ratio -/+ 3-MB-PP1 exp. as3,,,,
VOI2024_Veh3 mono,,,,
HS2024_5_I_T2,,,,
NJH2025_Sub7_HIIT_Mid,,,,
MV2014_Ratio H/L normalized B1___1 (30 min),,,,
RM2009_Ratio H/L (H:60 min timepoint;L:0 min. timepoint),,,,
RB2022_6_PostSprint,,0.43876645141061216,,
KTGR2014_Ratio H L Normalized Rep2_Rapamycin_0_15,,,,
AS2011_Ratio H/L Inhi_1,,,,
AS2011_Ratio H/L Normalized RNAi_1_2,,,,
AH2018_TMTMS3_2_C,0.5250165209536877,0.4366723564186597,,
SR2019_Hs578T_Biol_repl_4,,,,
RB2022_8_PreStrength,0.5182789078691004,,0.6452525997804412,
KS2014_Intensity C5,0.5209972021590211,,,
RM2024_Intensity D0-1,,,,
CW2012_10 µM Gef/control Experiment 3 Replicate A,,,,
YP2020_Intensity P30_R1_mult_log2,,,,
NJH2025_Sub2_HIIT_Pre,,,,
RB2022_3_RecoveryEndurance,0.5159770835164038,,0.6474454540797678,
RNJ2017_Log2_ratio_Tstim:Trest_D2,,,,
GF2025_P9_Adh,0.5179331755611719,,,
RB2022_3_PostStrength,0.5251895114625938,0.44154998376344995,0.644944277328531,
TM2022_S2.8h.A,,,,
AS2011_Ratio H/L RNAi_1_1,,,,
AS2011_Ratio H/L Normalized by Proteins RNAi_2,,,,
FSO2012_Ratio -/+ 3-MB-PP1 exp. wt1,,,,
AS2011_Ratio H/L Normalized by Protein Inhi_1,,,,
NJH2025_Sub2_MICT_Pre,,,,
MV2014_Ratio L/M normalized A2___3 (10 min),,,,
MV2014_Ratio H/M normalized A2___3 (2 min),,,,
HS2024_4_B_T2,0.5187457272723064,,,
SR2019_BT549_Biol_repl_1,,,,
AH2018_LFQ_M_4_N,0.5196064934183344,,,
NJH2024_Sub8_HIIT_Mid,,,,
PG2020_Intensity 8h_B,,,,
AH2018_LFQ_2_X,0.5218959853401631,,,
PG2020_Intensity 2h_B,,,,
AS2011_Ratio H/L Proteins RNAi_1,,,,
RB2022_4_PostSprint,0.524384186025026,,0.6349110499958242,
KS2014_Intensity E15_3,0.5221021437387452,0.4329613177971981,,
GF2025_P3_Sph,0.5203753023758957,0.43578686071529754,,
DB2022_LFQ intensity L2,0.5289818255860528,0.4595874986913724,0.6654657436819693,
MV2014_Ratio H/L normalized A1___1 (10 min),,,,
AH2018_SILAC_1_C,0.5166896254947834,0.43957322844674235,,
NJH2024_Sub1_HIIT_Pre,,,,
FSO2013_Ratio M/L normalized Rep2___2,,,,
NJH2015_TMT Subject 4 130_N/129_C (Exercise/Basal) (normalized),0.5224372915408712,0.4341488453470002,,
AS2011_Ratio H/L RNAi_2_3,,,,
AH2018_SILAC_IT_1_N,0.5220552600688667,0.4394440155918127,,
KTGR2014_Ratio H M Normalized Rep2_AA_starvation_0_15,,,,
RB2022_4_PreEndurance,0.5215729493595486,0.4392168424738921,0.6476570487940865,
JJ2018_Ratio M/L normalized pP1,,,,
CR2017_Ratio Replicate 2.4,,,,
ZQ2022_N1,,,,
LY2019_P6-,0.5053419072077849,0.42712755553591336,,
RM2024_Intensity D2-3,,,,
UK2020_HCM_1,0.5247912885173678,,,
JW2015_Intensity pre2,,,,
KTGR2014_Ratio M L Normalized Rep1_AA_starvation_0_15,,,,
RM2024_Intensity D2-1,,,,
NJH2025_Sub12_MICT_Post,,,,
MV2014_Ratio H/M normalized B2___2 (5 min),,,,
RN2012_L14,0.5288929588319986,0.4502740169872124,,
AH2018_LFQ_3_N,0.5195943984860321,0.4380217979477037,,
RKK2015_TNF-α/IKKb,,,,
SFR2015_HL_log2_ratio_std_b,,,,
UK2020_UA_1,0.523595711163091,,,
KBE2022_Log2_Ex_13_U,,,,
AS2011_Ratio H/L Normalized Inhi_1,,,,
RNJ2017_Log2_ratio_Tsup:Trest_D2,,,,
RB2022_1_RecoverySprint,0.5221297356339161,,0.6325020408716651,
CKC2017_log2 normalized phosphoproteomics_120min_rep#1,,,,
JJ2018_Ratio H/L normalized pP3,,,,
CK2022_7 40-1,0.5221211195951364,,,
AS2011_Ratio H/L Inhi_1_3,,,,
NJH2025_Sub10_HIIT_Mid,,,,
KTGR2014_Ratio H L Normalized Rep2_AA_starvation_0_15,,,,
JAW2011_Ratio H/L LS1b_1,,,,
PG2020_Intensity 4h_B,,,,
SR2019_BT549_Biol_repl_2,,,,
RM2024_Intensity D4-2,,,,
DB2022_LFQ intensity R2.2,0.5208401572496516,0.4381016508340594,0.6376470052160494,
JJ2018_Ratio H/L normalized,,,,
RB2022_5_PostEndurance,0.5215295226990228,0.4457083811322457,0.64100374937667,
HS2024_5_PD_T2,0.5207255317977069,0.43962545162729233,,
WZ2023_Su_025_20min,0.5222695880468011,0.43506368535776047,0.6414592607993981,
RM2024_Intensity D2-2___1,,,,
IMM2018_normalised rep. int. CDK5L-2,,,,
LY2019_P8-,0.5118331722380821,0.4448521811072527,,
JVO2010_Ratio H/M Normalized by Protein ThymON - Log2 G2,0.5215644356979726,,,
CKC2017_log2 normalized phosphoproteomics_15min_rep#3,,,,
FSO2013_Ratio H/L normalized Rep1,,,,
NJH2024_Sub2_HIIT_Pre,,,,
CKC2017_log2 normalized phosphoproteomics_60min_rep#2,,,,
CK2022_13 40-1,0.5181630508825436,,,
FSO2012_Ratio -/+ 3-MB-PP1 exp. wt4a,,,,
RN2012_H02,,0.4383298127315863,,
PG2020_Intensity 10h_D,,,,
RB2022_8_PreEndurance,,0.4418313903274618,0.6371822202268704,
HS2024_3_B_N2,0.5203355888258797,,,
EJN2021_4_Ex_Ins,,0.43585946658697067,,
AS2011_Ratio H/L Normalized by Protein,,,,
EJN2021_1_Ex_Ins,,0.4439475278010074,,
EP2017_Pervanadate R#3 log2 ratio,0.5204518791400784,,,
FSO2013_Ratio M/L normalized Rep1___3,,,,
NJH2025_Sub4_HIIT_Mid,,,,
RCJD2014_5min_2,,,,
RB2022_6_PostStrength,0.52303201461127,0.44390553201014465,,
AH2018_SILAC_MR_3_C,0.5185730447340158,0.43396149917455623,,
AH2018_LFQ_M_4_C,0.5219736595844533,0.44102019474731335,,
NJH2024_Sub4_MICT_Pre,,,,
AS2011_Ratio H/L Normalized Inhi_1_1,,,,
DL2023_12h-1,0.5209687577357409,,0.6427013408390071,
MV2014_Ratio L/M normalized B2___1 (30 min),,,,
DB2022_LFQ intensity L1.1,0.5291687611283773,0.45554973384203196,0.640216485381914,
NJH2025_Sub6_MICT_Pre,,,,
NJH2025_Sub6_MICT_Post,,,,
CKC2017_log2 normalized phosphoproteomics_60min_rep#3,,,,
RN2012_H04,0.5194187516847596,0.43376482079904455,,
CK2022_6 40-1,0.5220154014503736,,,
DB2022_LFQ intensity R2.1,0.5215806326299673,0.437944866135672,0.6319953798267766,
KBE2022_Log2_Ex_42_U,,,,
LY2019_P3-,0.5162343472731246,0.44957813015862264,,
FR2021_Intensity.A,,,,
EJN2021_3_Ex_Ins,,0.43632061372402714,,
MV2014_Ratio M/L normalized A1___1 (2 min),,,,
WZ2023_Pe_005_30min,0.5237732930526077,0.4359396548115774,0.6413305907937084,
HS2024_8_PD_T3,,,,
EJN2021_3_Ex_Basal,,0.44024184985241727,,
AST2020_Control.1,,,,
JW2015_Intensity cap1,,,,
PG2020_Intensity CT_A,,,,
FS2019_Ctr3,0.5201723729812099,,,
WZ2023_Pu_025_20min,0.5209532035970758,0.4356077018980913,0.6397875902054156,
NJH2025_Sub4_MICT_Post,,,,
JVO2010_Ratio H/M Normalized by Protein Noco3h - Log2 Late S,0.5225123588708995,,,
GF2025_P10_Adh,0.5262363774996293,,,
RB2022_1_RecoveryStrength,0.5213810751006064,,0.6283559514029062,
SR2019_HCC1954_Biol_repl_4,,,,
FR2021_Norm.Intensity.N,,,,
HS2024_5_B_N1,0.5169455389454063,0.4398667542077446,,
FSO2013_Ratio H/M normalized Rep3___3,,,,
AH2018_TMTMS2_2_C,0.5251763780148085,0.4409208384368197,,
RB2022_4_PreSprint,0.5174694682959258,,0.6418095178404042,
DB2022_Intensity R2,0.5184646929665856,0.4389090451956155,0.6438608151501208,
AH2018_TMTMS2_Pool,0.5240947986729937,0.43820675466491027,,
HS2024_8_I_N2,0.5258233316996773,0.4434156831554679,,
RB2022_3_RecoveryStrength,0.5249782417996578,,0.650223100691274,
NJH2024_Sub6_HIIT_Mid,,,,
AH2018_SILAC_M_1_C,0.5180666967117705,0.44109691026849557,,
LY2019_P8+,0.5305557044628606,0.4386799567441066,,
RB2022_2_RecoveryEndurance,0.5209561829958194,0.4310685504472013,0.6456106503441512,
JJ2018_Ratio H/M normalized pP2___1,,,,
JAW2011_Ratio H/L HS_1,,,,
RB2022_3_PostEndurance,0.5232978525992907,0.44946882054636156,0.6459388411190184,
KS2014_Intensity pY_PV1,,,,
JAW2011_Ratio H/L LS1b_2,,,,
SR2019_MCF7_Biol_repl_2,,,,
NJH2015_TMT Subject 2 128_N/127_C (Exercise/Basal) (normalized),0.524982249612422,0.43694650805533425,0.6421401837119497,
AS2011_Ratio H/L Normalized RNAi_1_1,,,,
AH2018_LFQ_M_4_X,0.520243842161778,0.44101101923850305,,
NJH2024_Sub6_MICT_Pre,,,,
JJ2018_Ratio M/L normalized pP1___2,,,,
YP2020_Intensity C30_R2_mult_log2,,,,
NJH2024_Sub9_HIIT_Pre,,,,
AS2011_Ratio H/L Normalized Inhi_2_3,,,,
RM2024_Intensity D0-1___3,,,,
FSO2012_Ratio -/+ 3-MB-PP1 exp. wt3,,,,
KBE2022_Log2_Ex_28_U,,,,
GRW2016_Ratio H/L normalized SILAC 1___1,,,,
CF2017_FTE 17,0.5194268521495157,,,
LY2019_P2-,0.5072989864822142,0.4413203235709962,,
AH2018_LFQ_IT_1_X,0.5189826287761563,0.44147726142180205,,
JJ2018_Ratio H/L normalized pP3___1,,,,
RB2022_8_RecoveryStrength,0.5285283493119183,,0.6688705587611429,
WZ2023_Pe_005_20min,0.5230520442678379,0.4368112633387889,0.6423269232477717,
AST2020_Control.2,,,,
NJH2025_Sub6_MICT_Mid,,,,
RCJD2014_10min_1,,,,
FSO2013_Ratio H/L normalized Rep2___3,,,,
JVO2010_Ratio M/L Normalized by Protein Noco3h - Log2 G1,0.5207543460106016,,,
HS2024_3_I_T1,0.5149462678404714,,,
FSO2012_Ratio -/+ 3-MB-PP1 exp. as2a,,,,
CK2022_4 40-1,0.5189210078885268,,,
SR2019_MCF10A_Biol_repl_4,,,,
KS2014_Intensity pY_C5,,,,
NJH2025_Sub4_MICT_Pre,,,,
NJH2024_Sub9_MICT_Post,,,,
CF2017_OSE 28,,,,
HS2024_5_B_T2,0.5156981889776726,,,
HS2024_6_I_T1,0.5244235577863915,,,
HS2024_5_B_T3,,,,
JJ2018_Ratio H/M normalized pP1___1,,,,
KBE2022_Log2_Ex_36_U,,,,
AH2018_TMTMS3_3_N,0.5237165790995914,0.43764879769962284,,
SR2019_HCC1419_Biol_repl_2,,,,
FR2021_Intensity.N,,,,
AS2011_Ratio H/L Inhi_2_1,,,,
AH2018_SILAC_MR_1_C,0.5188948807600355,0.43836739784862994,,
NJH2024_Sub1_HIIT_Mid,,,,
NJH2025_Sub8_HIIT_Mid,,,,
EP2017_Mitotic R#3 log2 ratio,0.5199670599668312,,,
KBE2022_Log2_Ex_36_T,,,,
NJH2025_Sub6_HIIT_Mid,,,,
WZ2023_Pu_005_30min,0.5217076223691588,0.4349690414191598,0.6407515494012118,
KS2014_Intensity C2,0.5210658816068157,0.4355493575512252,,
FSO2013_Ratio H/L normalized Rep1___2,,,,
RM2024_Intensity D2-2,,,,
KBE2022_Log2_Ex_42_T,,,,
CK2022_9 200-1,0.5130796176386028,0.44157613950015945,,
GRW2016_Ratio H/L normalized SILAC 2___1,,,,
JJ2018_Ratio H/M normalized pP3___2,,,,
DB2022_LFQ intensity R1.1,0.5219038698485536,0.4463236561903943,0.6268796305062659,
CK2022_10 200-1,0.5134633168382973,0.4420341356989443,,
NJH2024_Sub9_MICT_Mid,,,,
JAW2011_Ratio H/L_2,,,,
HS2024_7_I_N2,0.5265803798077308,,,
RBK2021_1332T Late,,,,
LY2019_P1-,0.5454195053974219,0.4496553761087821,,
RKK2015_TNF-α/basal.1,,,,
RKK2015_TNF-α/TNF-α+SC-514,,,,
CR2017_Ratio Replicate 2.5,,,,
HS2024_3_I_T3,0.5232147996708536,,,
CKC2017_log2 normalized phosphoproteomics_90min_rep#2,,,,
AS2011_Ratio H/L Normalized RNAi_1,,,,
KS2014_Intensity E15_4,0.5207387480379234,0.43075140398042394,,
ZQ2022_C3,,,,
EJN2021_3_Rest_Ins,,0.44077681741575364,,
YP2020_Intensity P10_R2_mult_log2,,,,
MV2014_Ratio H/L normalized A1___3 (10 min),,,,
NJH2025_Sub1_MICT_Pre,,,,
KBE2022_Log2_Ex_39_T,,,,
FSO2013_Ratio H/M normalized Rep3___2,,,,
RM2024_Intensity D6-2,,,,
EP2017_Untreated R#1 log2 ratio,,,,
RKK2015_SC-514/basal,,,,
RM2024_Intensity D6-1___3,,,,
WZ2023_Pu_010_10min,0.5221488376785278,0.4353087529439726,0.6405202870009171,
NJH2025_Sub9_HIIT_Mid,,,,
SR2019_SKBR3_Biol_repl_4,,,,
HS2024_5_I_T3,,,,
KS2014_Intensity N1,0.5198483117169221,0.4418659331776122,,
NJH2024_Sub12_MICT_Post,,,,
TM2022_S2.8h.C,,,,
CR2017_Ratio Replicate 1,,,,
AS2011_RNAi 1_Ratio H/L normalized by corresponding protein level (H: shPlk1; L: shEg5),,,,
CKC2017_log2 normalized phosphoproteomics_30min_rep#3,,,,
JJ2018_Ratio H/M normalized pP3,,,,
AH2018_SILAC_MR_2_C,0.5232006131012544,0.4426392223824099,,
LATM2013_Log2 Ratio (Medium/Light) Forward,,,,
PG2020_Intensity 2h_A,,,,
NJH2024_Sub6_MICT_Mid,,,,
NJH2025_Sub13_HIIT_Post,,,,
AH2018_SILAC_MR_3_X,0.5188432389941304,0.43728831177788813,,
JJ2018_Ratio H/M normalized___1,,,,
RCJD2014_15min_2,,,,
AS2011_Ratio H/L_2,,,,
AS2011_Ratio H/L Normalized,,,,
RN2012_H03,0.5210511279898713,0.4313778831711577,,
HS2024_5_B_N2,0.5205742244946969,0.4394778114059788,,
HS2024_5_I_N1,0.5204090433295161,0.4363915074948337,,
HS2024_6_I_N1,0.5283157568966291,,,
AR2021_KD 48h,0.5147432714470161,0.43846741803682315,,
FR2021_Intensity.B,,,,
RB2022_3_PreEndurance,,,0.6367135866892744,
HS2024_5_I_T1,,,,
NJH2024_Sub10_MICT_Pre,,,,
SR2019_LM2_Biol_repl_2,,,,
AST2020_anti-CD3,,,,
SR2019_MDAMB231_Biol_repl_1,,,,
RM2024_Intensity D2-3___3,,,,
WZ2023_Pe_005_10min,0.5238637286965994,0.43593090164510656,0.6419197541924505,
KBE2022_Log2_Ex_29_U,,,,
HS2024_7_B_T1,0.5247973377198698,,,
AH2018_LFQ_M_2_X,0.5218639976716626,0.43965374831570275,,
AH2018_LFQ_IT_4_N,0.5221898581572408,0.440375675824559,,
CK2022_15 200-1,0.508759810911246,0.4269922706330616,,
RM2024_Intensity D4-1___2,,,,
JJ2018_Ratio H/M normalized,,,,
JJ2018_Ratio M/L normalized pP3___1,,,,
KBE2022_Log2_Ex_34_T,,,,
CKC2017_log2 normalized phosphoproteomics_0min_rep#2,,,,
LY2019_P2+,0.4824796595154408,0.44945200551648784,,
LATM2013_Log2 Ratio (Light/Medium) Reverse,,,,
CK2022_2 200-1,0.510939289913244,0.429914544554259,,
AS2011_Ratio H/L Protein RNAi_2,,,,
MV2014_Ratio L/H normalized A3___1 (2 min),,,,
WZ2023_Su_010_30min,0.5218409343426297,0.4351693190335899,0.6414671782156494,
RN2012_H01,,0.4356897036668322,,
KTGR2014_Ratio-Rapa 2 mins,,,,
EJN2021_2_Rest_Basal,,0.441884741585866,,
KS2014_Intensity pY_E5_3,,,,
MM2018_Ratio H/L replicate 3,,,,
EP2017_Pervanadate R#1 normalized log2 ratio,0.5208325395191217,,,
HS2024_8_B_T3,,,,
YA2020_Reporter_intensity_Cancer_No.3,,0.43986808213180884,,
KBE2022_Log2_Ex_44_U,,,,
WZ2023_Pe_010_20min,0.522444467144263,0.43607753301824426,0.6417091208975876,
KS2014_Intensity pY_C6,,,,
AS2011_Ratio H/L Normalized_3,,,,
RCJD2014_15min_mean,,,,
RB2022_3_PreStrength,,,0.6485424829697124,
NJH2015_iTRAQ Subject 3 116/117 (Exercise/Basal) (normalized),0.5185662217420107,,,
RCJD2014_10min_mean,,,,
KS2014_Intensity C1,0.523176577976821,0.4357008912705385,,
FSO2013_Ratio H/M normalized Rep3___1,,,,
AH2018_SILAC_M_3_C,0.5221885091424947,0.4406296027148153,,
RKK2015_TNF-α+IKKb/TNF-α,,,,
RM2024_Intensity D0-3___2,,,,
FSO2012_Ratio -/+ 3-MB-PP1 exp. wt2a,,,,
AH2018_SILAC_M_2_C,0.5218954782357973,0.4386495462617059,,
AH2018_SILAC_M_2_X,0.5222701811333372,0.43973665732865214,,
KTGR2014_Ratio-Rapa 15 mins,,,,
RM2024_Intensity D4-2___1,,,,
KBE2022_Log2_Ex_15_T,,,,
VOI2024_0.1uM 24 h_1 di,,,,
WZ2023_Su_010_10min,0.5212587492466771,0.43534484213715424,0.6414784719602493,
PG2020_Intensity 6h_C,,,,
JVO2010_Ratio M/L Normalized by Protein Noco45 - Log2 mitosis,0.5206277343289536,,,
JJ2018_Ratio M/L normalized pP1___1,,,,
AH2018_LFQ_M_3_N,0.5197974598384622,0.43949905558540975,,
VOI2024_0.1uM 24 h_2 mono,,,,
AH2018_TMTMS2_3_C,0.5253752833284338,0.44193531572309835,,
CK2022_15 16-1,0.5205199741304123,0.4273554908500626,,
CK2022_3 16-1,0.5201802948452254,0.4313892223601478,,
LY2019_P4-,0.5488461463012194,0.45495071800699116,,
FSO2013_Ratio H/L normalized Rep3___2,,,,
KS2014_Intensity pY_PV2,,0.4404469658005486,,
HS2024_3_I_N2,0.5190314703972968,,,
GF2025_P8_Adh,0.5153095164780083,,,
YC2018_Log2(SKBR3-LR/SKBR3)_Rep.2-2,,,,
GF2025_P5_Sph,0.5197956189855316,0.4422479815239331,,
CK2022_10 16-1,0.5200672347013171,0.4323176904624806,,
KTGR2014_Ratio H L Normalized Rep1_AA_starvation_0_15,,,,
VOI2024_0.1uM 2 h_2 di,,,,
NJH2015_TMT Pool 131/130_C (Exercise/Basal) (normalized),0.5220027791187658,0.4413810656966745,0.6384926724975934,
NJH2024_Sub2_HIIT_Mid,,,,
AMK2021_45I_p3,,,,
NJH2024_Sub13_HIIT_Mid,,,,
DB2022_LFQ intensity R1.2,0.5206542860487737,0.4206967382109601,0.6227356980630826,
DB2022_Intensity R1,0.5222024481802083,0.4386493852087426,0.6452588493690148,
NJH2024_Sub12_MICT_Mid,,,,
KTGR2014_Ratio M L Normalized Rep1_Rapamycin_0_15,,,,
UK2020_HCM_4,0.5236999757747569,,,
SAS2015_AZD/DMSO_Exp2,,,,
IMM2018_normalised rep. int. CDK5L-1,,,,
DB2022_LFQ intensity L2.2,0.5266908131451993,0.4482441199144029,0.6370557313234131,
KTGR2014_Ratio H M Normalized Rep1_AA_starvation_0_15,,,,
EP2017_Mitotic R#1 log2 ratio,,,,
EJN2021_2_Ex_Basal,,0.4448661025879847,,
RM2009_Ratio H/L Normalized by Corresponding Protein Level (H:60 min timepoint;L:0 min. timepoint),,,,
KTGR2014_Ratio-Rapa 30 mins,,,,
CKC2017_log2 normalized phosphoproteomics_90min_rep#1,,,,
CF2017_FTE 16,,,,
AR2021_L41 10 μM,0.5197319972879036,0.44404700134323516,,
CF2017_EOC 2,,,,
RB2022_6_PostEndurance,,0.4405214180239971,,
AH2018_SILAC_1_N,0.5178220020337905,0.4405742838807689,,
NJH2024_Sub10_HIIT_Pre,,,,
AS2011_Ratio H/L Inhi_1_2,,,,
UK2020_HCM_6,0.5237009122112182,,,
RB2022_7_PreSprint,0.5141469770251231,0.4378524034919806,0.648008480191164,
NJH2024_Sub2_MICT_Pre,,,,
HS2024_3_PD_T2,0.5199826891602567,,,
CK2022_6 16-1,0.5213056898321361,0.4455236080265901,,
ZX2022_CB treated Replicate 1,0.5214294788407079,,,
BS2014_Log2(Ratio H/L normalized Rep_3),,,,
TM2022_mock.12h.C,,,,
GRW2016_Ratio M/L normalized SILAC 5a___1,,,,
HH2022_Reporter intensity 0,0.5191617531722954,,,
RM2024_Intensity D2-2___2,,,,
JC2019_Normalised_intensity_B_TiOx_Testis_sample_URO0126,,,,
RB2022_1_PreStrength,,,0.649742086846492,
JJ2018_Ratio H/M normalized pP2___2,,,,
AH2018_TMTMS2_2_X,0.5252833508890228,0.4415428720047567,,
AR2021_L41 1 μM,0.520479258585195,0.4446878649614973,,
JJ2018_Ratio H/M normalized pP1___2,,,,
AH2018_TMTMS2_1_N,0.5252759294144055,0.4421617533964813,,
NJH2025_Sub10_MICT_Pre,,,,
JVO2010_Ratio H/M Normalized by Protein Noco45 - Log2 early S,0.5220824268504095,,,
ZX2022_Control Replicate 3,0.5214851206222617,,,
KS2014_Intensity C4,0.5203780105912434,0.43840387844164147,,
AS2011_Ratio H/L Inhi_2,,,,
KBE2022_Log2_Ex_18_T,,,,
NJH2025_Sub9_MICT_Pre,,,,
RCJD2014_20min_1,,,,
MV2014_Ratio H/M normalized B2___1 (5 min),,,,
FSO2013_Ratio M/L normalized Rep2___3,,,,
JC2019_Normalised_intensity_C_TiOx_Testis_sample_URO0158,,,,
SR2019_MCF10A_Biol_repl_3,,,,
HS2024_7_B_T2,0.5252121663249977,,,
SAS2015_PLX/DMSO_Exp3,,,,
AMK2021_Ctrl_p5,,,,
NJH2025_Sub2_HIIT_Mid,,,,
AH2018_LFQ_M_3_C,0.5170908524664292,0.43933235102456547,,
CKC2017_log2 normalized phosphoproteomics_15min_rep#2,,,,
YA2020_Reporter_intensity_Cancer_No.2,,0.43790466249793564,,
FSO2013_Ratio H/M normalized Rep2___3,,,,
RB2022_8_PreSprint,,0.4398132297258029,0.6430714501769734,
AH2018_SILAC_IT_3_C,0.5168514722812008,0.43982104028903074,,
WZ2023_Pu_025_10min,0.5226862881138775,0.4354955547005291,0.6389449374026323,
RM2024_Intensity D2-2___3,,,,
AS2011_Ratio H/L_1,,,,
RCJD2014_10min_3,,,,
FSO2013_Ratio M/L normalized Rep3___1,,,,
SR2019_JIMT1_Biol_repl_4,,,,
YP2020_Intensity C10_R2_mult_log2,,,,
ZCP2016_Ratio H/L Rep 2,,,,
CF2017_EOC 4,0.5207626274147092,,,
JJ2018_Ratio H/L normalized pP1___1,,,,
WZ2023_Pe_010_30min,0.5236564847682053,0.4356827917041232,0.6415241221524629,
MV2014_Ratio L/M normalized B2___3 (30 min),,,,
AH2018_LFQ_IT_3_N,0.5221436520229933,0.43923106034281295,,
KS2014_Intensity C6,0.5228723233488765,0.43802436324036487,,
ZQ2022_N3,,,,
HW2015_Ratio H/L normalized Exp1,,,,
CK2022_12 40-1,0.5191192758760073,,,
NJH2024_Sub7_MICT_Pre,,,,
ZX2022_Control Replicate 1,0.5218633961789644,,,
JJ2018_Ratio H/M normalized pP1,,,,
CK2022_16 40-1,0.5184332210194172,,,
AH2018_SILAC_IT_2_C,0.5180688975828728,0.44076876540257764,,
CK2022_5 40-1,0.5221323310425117,,,
AH2018_LFQ_3_X,0.5206071909365811,,,
UK2020_UA_3,0.5250048869553,,,
LY2019_P7-,0.5272000167439617,0.4444103389481196,,
GF2025_P5_Adh,0.5186373504012987,0.4419763171799837,,
RB2022_1_PostStrength,0.5269978271927718,0.4298995164513079,0.6364213107629909,
JAW2011_Ratio H/L LS1b,,,,
FSO2013_Ratio H/L normalized Rep3___1,,,,
SR2019_HCC1954_Biol_repl_3,,,,
CR2017_Ratio Replicate 2.2,,,,
VOI2024_0.1uM 2 h_1 mono,,,,
MV2014_Ratio L/M normalized A2___1 (10 min),,,,
RNJ2017_Log2_ratio_Tsup:Tstim_D3,,,,
CK2022_11 16-1,0.5201170009600745,0.43010173995074424,,
ZQ2022_C1,,,,
CR2017_Ratio Replicate 2.1,,,,
PG2020_Intensity CT_B,,,,
JJ2018_Ratio M/L normalized___2,,,,
AH2018_SILAC_MR_1_N,0.5189647870648519,0.4383769982498227,,
KS2014_Intensity pY_E5_1,,,,
JW2021_Before_3,,,,
NJH2015_iTRAQ Subject 2 117/116 (Exercise/Basal) (normalized),0.5185676744551426,,,
MV2014_Ratio M/H normalized B3___3 (30 min),,,,
FS2019_db/db1,0.5189447221599348,,,
NJH2025_Sub9_HIIT_Pre,,,,
JAW2011_Ratio H/L_1,,,,
RCJD2014_20min_3,,,,
AH2018_LFQ_3_C,0.5183679686849524,0.4376474333196729,,
JJ2018_Ratio M/L normalized pP3___2,,,,
AMK2021_45I_p1,,,,
NJH2025_Sub8_HIIT_Post,,,,
AH2018_LFQ_M_3_X,0.5204367535402048,0.4394945219606239,,
YA2020_Reporter_intensity_Cancer_No.4,,0.43724222115214695,,
KS2014_Intensity pY_E5_2,,,,
FSO2013_Ratio H/L normalized Rep1___3,,,,
GF2025_P4_Sph,0.5190286015042175,0.4404138663090266,,
RB2022_2_PreEndurance,0.5174562692730912,0.431852550253878,0.6435437396491528,
JW2021_Before_1,,,,
KBE2022_Log2_Ex_25_T,,,,
AS2011_Ratio H/L Normalized by Proteins Inhi_2,,,,
MV2014_Ratio L/M normalized A2___2 (10 min),,,,
JJ2018_Ratio M/L normalized___1,,,,
FR2021_Intensity.H,,,,
CK2022_14 16-1,0.5202483187681745,0.42857183270315685,,
AST2020_anti-CD3+PDL2,,,,
MV2014_Ratio M/L normalized B1___1 (5 min),,,,
KBE2022_Log2_Ex_19_T,,,,
KS2014_Intensity pY_N1,,,,
RB2022_1_RecoveryEndurance,0.5216817287044062,0.44230730709164895,0.643845129265681,
FSO2013_Ratio H/M normalized Rep1___2,,,,
HS2024_8_I_T1,0.5200944291416951,,,
NJH2015_iTRAQ Subject 1 115/114 (Exercise/Basal) (normalized),0.518620895981781,,,
EP2017_Mitotic R#2 log2 ratio,,,,
AH2018_TMTMS2_1_X,0.5253392625876657,0.44194849255807744,,
KTGR2014_Ratio M L Normalized Rep2_AA_starvation_0_15,,,,
ZCP2016_Ratio H/L Rep 3,,,,
AS2011_Ratio H/L Normalized RNAi_1_3,,,,
SR2019_MCF10A_Biol_repl_1,,,,
NJH2025_Sub8_MICT_Mid,,,,
EJN2021_5_Ex_Ins,,0.4348987194150344,,
HS2024_6_I_N2,0.5279038301876531,,,
HH2022_Reporter intensity 4,0.523997052910456,,,
RBK2021_1326T Late,,,,
TM2022_mock.12h.B,,,,
NJH2024_Sub12_MICT_Pre,,,,
RCJD2014_15min_3,,,,
MV2014_Ratio L/H normalized B3___2 (5 min),,,,
LG2023_Control-3_intensity,,,,
JJ2018_Ratio H/L normalized pP3___2,,,,
CF2017_FTE 15,,,,
HS2024_4_I_T3,,0.42607210796398426,,
AH2018_SILAC_1_X,0.5189855742363209,0.4414787721186415,,
PG2020_Intensity 10h_B,,,,
AH2018_TMTMS3_1_X,0.5243942659872851,0.4341239441717803,,
CF2017_FTE 14,0.519199203255055,,,
NJH2024_Sub13_HIIT_Post,,,,
RM2024_Intensity D6-3___3,,,,
NJH2025_Sub7_HIIT_Pre,,,,
RBK2021_1259T Early,,,,
RKK2015_IKK+TNF-α/IKKb,,,,
FSO2012_Ratio -/+ 3-MB-PP1 exp. as1b,,,,
PG2020_Intensity 6h_A,,,,
SR2019_HCC1419_Biol_repl_3,,,,
KBE2022_Log2_Ex_14_T,,,,
EP2017_Untreated R#2 normalized log2 ratio,,,,
RM2024_Intensity D0-2___1,,,,
DB2022_Intensity L1,0.5149222057469128,0.4212759862854997,0.6351818179868136,
LY2019_P5+,0.5310071852540379,0.45158450963711244,,
HS2024_5_I_N2,0.5230720072182676,0.44055961190747084,,
SAS2015_PLX/AZD_Exp3,,,,
EP2017_Pervanadate R#2 log2 ratio,0.5212551890876967,,,
AS2011_Ratio H/L Normalized RNAi_2_1,,,,
