DatasetName,CARMIL1_C(916) CARMIL1_S(1067) CARMIL1_S(1068) CARMIL1_S(1094) CARMIL1_S(1101) CARMIL1_S(1128) CARMIL1_S(1131) CARMIL1_S(1135) CARMIL1_S(1151) CARMIL1_S(1235) CARMIL1_S(1243) CARMIL1_S(1246) CARMIL1_S(1254) CARMIL1_S(1256) CARMIL1_S(1261) CARMIL1_S(1274) CARMIL1_S(1277) CARMIL1_S(1280) CARMIL1_S(1286) CARMIL1_S(1288) CARMIL1_S(1290) CARMIL1_S(1291) CARMIL1_S(1306) CARMIL1_S(1314) CARMIL1_S(1315) CARMIL1_S(1331) CARMIL1_S(1360) CARMIL1_S(880) CARMIL1_S(933) CARMIL1_S(967) CARMIL1_S(968) CARMIL1_T(1093) CARMIL1_T(1128) CARMIL1_T(1183) CARMIL1_T(1228) CARMIL1_T(1251) CARMIL1_T(1278) CARMIL1_T(912) CARMIL1_T(916),CARMIL1_S(1080) CARMIL1_S(1093) CARMIL1_S(1106) CARMIL1_S(1165) CARMIL1_S(122) CARMIL1_S(1270) CARMIL1_S(1308) CARMIL1_S(1319) CARMIL1_S(1324) CARMIL1_S(45) CARMIL1_S(960) CARMIL1_T(906)
RM2024_Intensity D4-1___3,,
RB2022_4_PostEndurance,,
FSO2013_Ratio M/L normalized Rep3,0.5424731661500969,
SR2019_MCF7_Biol_repl_3,0.5255625587999291,
RKK2015_IKKb(K44M)+TNF-α/IKKb(K44M),,
SR2019_LM2_Biol_repl_1,,
RCJD2014_15min_1,0.5302041208576319,
AS2011_Ratio H/L Normalized by Proteins Inhi_1,,
CK2022_7 16-1,,
NJH2025_Sub12_HIIT_Mid,,
AH2018_LFQ_IT_1_C,0.5262076297891821,0.40089979078078036
RKK2015_TNF-α/basal,,
JJ2018_Ratio H/M normalized pP2,,
NJH2025_Sub12_MICT_Pre,,
NJH2025_Sub7_MICT_Post,,
DL2023_control-3,,
ZX2022_Control Replicate 2,0.5467246460454445,0.4164679188811311
HS2024_6_B_T3,,
JW2015_Intensity pre1,,
IMM2018_normalised rep. int. Empty-3,,
AMK2021_30R_p5,0.5325795388485302,
FSO2013_Ratio M/L normalized Rep1,0.5191964564483151,
SR2019_MDAMB231_Biol_repl_4,0.5293789745537953,
GF2025_P2_Sph,0.5230587123897389,0.40653583282920014
FSO2012_Ratio -/+ 3-MB-PP1 exp. wt2b,,
NJH2025_Sub13_HIIT_Mid,,
CP2009_Ratio M/L,,
NJH2025_Sub7_HIIT_Post,,
KBE2022_Log2_Ex_44_T,,
DB2022_Intensity L2,,
TM2022_mock.4h.C,,
AST2020_anti-CD3.2,,
CW2012_10 µM Erl/control Experiment 1 Replicate B,,
HS2024_7_B_N1,,
FSO2013_Ratio M/L normalized Rep1___1,0.5194500899516381,
SAS2015_AZD/DMSO_Exp3,,
RM2024_Intensity D0-2___3,,
RM2024_Intensity D6-1,,
RB2022_8_RecoverySprint,,
RB2022_5_PreEndurance,,
CKC2017_log2 normalized phosphoproteomics_30min_rep#2,0.5309480145875255,
EP2017_Untreated R#4 normalized log2 ratio,0.5351106157126804,0.4181281400203023
WZ2023_Pu_010_30min,0.5289994555603913,0.4063102204369374
AS2011_Ratio H/L Proteins RNAi_2,,
RB2022_4_PreStrength,,
NJH2024_Sub4_MICT_Post,,
AH2018_LFQ_M_1_X,0.5267764185112018,0.4000634513409104
RB2022_8_RecoveryEndurance,,
KBE2022_Log2_Ex_14_U,0.5284808711789422,
FSO2013_Ratio M/L normalized Rep3___3,,
AH2018_TMTMS3_1_C,0.5434225504591332,0.4171151634648442
JJ2018_Ratio H/L normalized___1,,
ZQ2022_C2,0.5296524401196947,0.43130683947610343
RB2022_5_PreSprint,,
PG2020_Intensity 8h_C,0.5285743899459996,
AH2018_SILAC_MR_2_N,0.5253669842682728,0.4177246532990891
MV2014_Ratio M/L normalized A1___2 (2 min),,
TM2022_S2.8h.B,,
MV2014_Ratio M/H normalized B3___1 (30 min),,
FSO2012_Ratio -/+ 3-MB-PP1 exp. as4a,,
RNJ2017_Log2_ratio_Tsup:Tstim_D2,,
RM2024_Intensity D6-1___2,,
NJH2025_Sub7_MICT_Mid,,
LY2019_P1+,0.5286351017814456,0.40814574715966634
AS2011_Ratio H/L Proteins Inhi_2,,
BS2014_Log2(Ratio H/L normalized),,
UK2020_HCM_2,,
FSO2013_Ratio H/L normalized Rep2___2,0.5265744580741245,
EP2017_Pervanadate R#3 normalized log2 ratio,0.5294939887398253,0.3946422414103668
RM2024_Intensity D4-3___3,,
RB2022_5_PreStrength,,
NJH2024_Sub4_MICT_Mid,,
TM2022_S2.4h.A,,
RB2022_5_PostStrength,,
GF2025_P6_Sph,0.5104769616605372,0.4056845515357998
RB2022_2_PreSprint,,
ZX2022_CB treated Replicate 3,0.5440704394929734,0.4145580081925455
RM2024_Intensity D6-2___3,,
WZ2023_Pe_025_10min,0.5281885889085667,0.4045553733684821
AS2011_Ratio H/L Normalized by Proteins RNAi_1,,
AST2020_anti-CD3+PDL2.1,,
KBE2022_Log2_Ex_34_U,,
WZ2023_Pu_005_10min,0.5289987940762563,0.4075916097106131
AS2011_Ratio H/L RNAi_2_1,,
NJH2024_Sub9_HIIT_Mid,,
CK2022_9 40-1,,
KTGR2014_Ratio H L Normalized Rep1_Rapamycin_0_15,,
LG2023_GSK3α-1_intensity,0.5308787706841799,
WZ2023_Pu_025_30min,0.5288948076511324,0.40810149175083993
AH2018_SILAC_MR_2_X,0.5244781469963733,0.41742146969462485
HS2024_4_PD_T2,,
NJH2024_Sub4_HIIT_Pre,,
RB2022_2_RecoverySprint,,
AS2011_Ratio H/L Protein RNAi_1,,
RM2024_Intensity D2-1___2,,
CR2017_Ratio Replicate 1.4,0.5282046464190134,
FR2021_Norm.Intensity.B,,
RM2024_Intensity D6-2___1,,
YC2018_Log2(SKBR3-LR/SKBR3)_Rep.2-1,,
RB2022_5_PostSprint,,
EJN2021_3_Rest_Basal,,
CR2017_Ratio Replicate 1.3,0.5294868578892798,
AS2011_Ratio H/L Normalized by Protein RNAi_2,,
KTGR2014_Ratio-Rapa 7 mins,,
AMK2021_120R_p1,0.533881140923856,
AH2018_SILAC_3_X,0.5333094312964183,0.39011688423547586
JJ2018_Ratio M/L normalized pP3,,
AH2018_SILAC_M_2_N,0.5313860659365304,0.402843800356173
HS2024_7_PD_T2,,
FSO2013_Ratio H/L normalized Rep1___1,0.5262999058993073,
AH2018_LFQ_1_C,0.5228690543317507,0.396036741057542
AS2011_Ratio H/L Normalized Inhi_1_3,,
KBE2022_Log2_Ex_28_T,,
HS2024_3_B_N1,,
RM2024_Intensity D4-2___3,,
WZ2023_Pe_025_30min,0.5273796564438589,0.40478870420830065
CK2022_11 40-1,,
CW2012_10 µM Erl/control Experiment 3 Replicate B,,
AH2018_SILAC_2_X,0.529534122111157,0.40333410911441686
MV2014_Ratio H/M normalized A2___2 (2 min),,
AS2011_Ratio H/L RNAi_1_2,,
KS2014_Intensity E15_1,0.5333708944403677,0.4137859409367493
FSO2013_Ratio H/L normalized Rep2,0.5227506999071336,
WZ2023_Pu_005_20min,0.5292592816005064,0.4057526718925568
NJH2024_Sub10_MICT_Post,,
RM2024_Intensity D2-3___1,,
CR2017_Ratio Replicate 1.5,0.5285436387671998,
CW2012_10 µM Gef/control Experiment 2 Replicate B,,
HS2024_7_B_T3,,
CKC2017_log2 normalized phosphoproteomics_60min_rep#1,0.5315455817102601,
AS2011_Ratio H/L RNAi_1,,
JC2019_Normalised_intensity_A_TiOx_Testis_sample_URO0059,,
AH2018_LFQ_M_1_C,0.5172453406152819,0.4025066964637835
NJH2025_Sub7_MICT_Pre,,
SR2019_SKBR3_Biol_repl_2,0.537338286814816,
HS2024_9_B_T2,,
KTGR2014_Ratio-AA 7 mins,,
MV2014_Ratio L/H normalized B3___3 (5 min),,
HS2024_3_PD_T1,,
FSO2013_Ratio M/L normalized Rep3___2,,
SR2019_BT549_Biol_repl_3,,
RCJD2014_20min_mean,0.5339854924935296,
FR2021_Norm.Intensity.H,,
RB2022_2_PreStrength,,
DB2022_LFQ intensity L1.2,,
HS2024_4_B_N1,,
KTGR2014_Ratio H M Normalized Rep2_Rapamycin_0_15,,
CK2022_1 16-1,,
CK2022_1 200-1,0.538874853944218,0.40744867360794773
PG2020_Intensity Mock_10h_D,0.5181665946135702,
SR2019_MCF10A_Biol_repl_2,0.5273455121007534,
JJ2018_Ratio M/L normalized pP2___2,,
HS2024_6_PD_T1,,
JVO2010_Ratio M/L Normalized by Protein ThymON - Log2 G1/S,,
RB2022_6_RecoveryEndurance,,
FSO2012_Ratio -/+ 3-MB-PP1 exp. wt3b,,
EP2017_Mitotic R#2 normalized log2 ratio,0.5224134796089069,0.3949737474038982
RCJD2014_5min_1,0.546448063353804,
RM2024_Intensity D4-1___1,,
DL2023_24h-1,,
YC2018_Log2(SKBR3-LR/SKBR3)_Rep.1-1,,
FSO2012_Ratio -/+ 3-MB-PP1 exp. as2b,,
TM2022_S2.4h.C,,
SAS2015_PLX/AZD_Exp2,,
CR2017_Ratio Replicate 3.3,0.5259689106486166,
PG2020_Intensity 2h_C,0.5122301639516973,
VOI2024_Veh2 di,,
ZX2022_CB treated Replicate 2,0.544283858906694,0.41837420291926297
KBE2022_Log2_Ex_8_T,0.5277260984952938,
NJH2025_Sub10_MICT_Post,,
HS2024_6_I_T3,,
RN2012_L11,0.5330669343764867,
AS2011_Ratio H/L Normalized Inhi_2_2,,
IMM2018_normalised rep. int. Empty-1,,
HS2024_5_PD_T1,,
AH2018_LFQ_M_2_C,0.5312409207772465,
CK2022_3 40-1,,
RBK2021_1260T Early,,
NJH2024_Sub4_HIIT_Post,,
HS2024_4_I_T1,,
YA2020_Reporter_intensity_Cancer_No.5,0.5444158281925573,
HH2022_Reporter intensity 8,0.5349960040427271,0.407976618859903
ZQ2022_N2,0.5324847909895289,0.4026123743715795
FSO2012_Ratio -/+ 3-MB-PP1 exp. wt1b,,
FSO2013_Ratio H/L normalized Rep3___3,,
AH2018_TMTMS3_2_N,0.5313293237739767,0.4103244514931792
EJN2021_5_Rest_Basal,,
NJH2025_Sub2_HIIT_Post,,
NJH2025_Sub1_MICT_Post,,
HS2024_9_B_T1,,
FSO2012_Ratio -/+ 3-MB-PP1 exp. wt1a,,
JAW2011_Ratio H/L LS2_1,,
JVO2010_Log2 Ratio H/M Normalized aphidicolin,,
NJH2024_Sub6_HIIT_Pre,,
AH2018_SILAC_3_N,0.5337998935697394,0.38897353727203754
YA2020_Reporter_intensity_Normal_No.1,0.5472466589355545,
HS2024_3_B_T1,,
JJ2018_Ratio H/L normalized___2,,
RM2024_Intensity D0-2,,
MV2014_Ratio M/L normalized B1___2 (5 min),,
RB2022_7_PostStrength,,
RB2022_1_PostEndurance,,
CR2017_Ratio Replicate 3,0.5252546899433123,
SR2019_Hs578T_Biol_repl_3,,
MV2014_Ratio L/H normalized B3___1 (5 min),,
RBK2021_1244T Early,,
RB2022_3_PostSprint,,
NJH2024_Sub13_MICT_Mid,,
KTGR2014_Ratio-AA 2 mins,,
GF2025_P7_Sph,0.5257037295156202,0.4158828493173103
HS2024_8_I_T3,,
CF2017_EOC 3,0.5311545229456962,0.41452542077348925
LATM2013_Normalized Log2 Ratio (Medium/Light) Forward,,
HS2024_6_PD_T3,,
DL2023_12h-2,,
RM2024_Intensity D6-3___1,,
FS2019_Ctr1,,
WZ2023_Pu_010_20min,0.5289720660633195,0.40706622107478263
AS2011_Ratio H/L_3,,
CK2022_1 40-1,,
RNJ2017_Log2_ratio_Tsup:Trest_D1,,
CK2022_8 16-1,,
KS2014_Intensity N3,0.5446059032497751,0.4026991531272357
RB2022_4_RecoveryEndurance,,
RB2022_5_RecoveryEndurance,,
JAW2011_Ratio H/L LS1a_2,,
NJH2024_Sub12_HIIT_Mid,,
AH2018_LFQ_IT_1_N,0.5270912764144742,0.4003960736070809
FSO2013_Ratio H/M normalized Rep2,0.5475228059977345,
RAM2015_Log2 A,0.5435193226298572,
HS2024_8_PD_T1,,
JJ2018_Ratio H/L normalized pP2,,
CF2017_OSE 27,0.5326024706755816,0.39693235457773696
KS2014_Intensity E15_2,0.5287794530333936,
BS2014_Log2(Ratio H/L protein),,
PG2020_Intensity 8h_A,0.5218725576653185,0.39971769917013183
HS2024_7_I_T1,,
VOI2024_Veh3 di,,
RKK2015_TNF-α+SC-514/basal,,
SR2019_JIMT1_Biol_repl_1,,0.4008895227791214
HW2015_Ratio H/L normalized Exp2,,
HS2024_3_I_N1,,
AH2018_SILAC_M_3_X,0.5334002407853385,0.3934787492288377
NJH2024_Sub9_HIIT_Post,,
AS2011_Ratio H/L RNAi_1_3,,
GRW2016_Ratio H/L normalized SILAC 1___2,,
NJH2025_Sub1_HIIT_Pre,,
YC2018_Log2(SKBR3-LR/SKBR3)_Rep.1-2,,
NJH2024_Sub4_HIIT_Mid,,
VOI2024_0.1uM 2 h_1 di,,
KBE2022_Log2_Ex_6_T,,
RM2024_Intensity D4-3___1,,
AH2018_LFQ_4_X,0.5227813428028778,
AS2011_Inhi 2_Ratio H/L normalized by corresponding protein level (H:TAL treatment; L: MA treatment),,
RB2022_8_PostEndurance,,
NJH2025_Sub4_MICT_Mid,,
YP2020_Intensity C30_R1_mult_log2,,
AST2020_anti-CD3.1,,
NJH2025_Sub4_HIIT_Post,,
EP2017_Untreated R#4 log2 ratio,0.5346071714852826,0.41798703596792514
HS2024_6_B_N1,,
KBE2022_Log2_Ex_27_T,0.5369795379794225,0.4098554968817391
CW2012_10 µM Gef/control Experiment 1 Replicate A,,
VOI2024_0.1uM 24 h_1 mono,,
AMK2021_120R_p5,0.5361157697598141,
AS2011_Ratio H/L Proteins,,
NJH2024_Sub7_HIIT_Post,,
NJH2015_TMT Subject 1 127_N/126 (Exercise/Basal) (normalized),,
AS2011_Ratio H/L RNAi_2_2,,
RB2022_7_RecoveryStrength,,
AH2018_SILAC_IT_3_X,0.5341055655798649,0.39969977309785615
JAW2011_Ratio H/L,,
PG2020_Intensity 10h_C,0.5294129524155816,
FSO2013_Ratio M/L normalized Rep2,0.5293752578835129,
CP2009_Ratio H/M Normalized (50 nM dasatinib vs 5 nM dasatinib),,
HH2022_Reporter intensity 5,0.5336944557156496,0.41570466297922604
SR2019_HCC1954_Biol_repl_2,0.5298293895838643,
CK2022_14 40-1,,
RB2022_6_PreSprint,,
NJH2025_Sub12_MICT_Mid,,
PG2020_Intensity 4h_D,0.5199799668318942,
NJH2025_Sub2_MICT_Post,,
AH2018_LFQ_4_C,0.5254579452302062,
DL2023_control-1,,
AR2021_ALG 10 μM,0.5427291217593465,0.4133413838372643
JAW2011_Ratio H/L LS2_2,,
AH2018_SILAC_IT_3_N,0.5361652886422476,0.38700947638870836
EJN2021_4_Rest_Ins,,
RN2012_H05,0.519772725992546,0.4143386253067806
NJH2024_Sub7_HIIT_Mid,,
GF2025_P2_Adh,0.5475331393870159,0.4131208289289632
FSO2012_Ratio -/+ 3-MB-PP1 exp. as4b,,
RB2022_8_PostSprint,,
EJN2021_1_Rest_Ins,,
HH2022_Reporter intensity 3,0.5252689053596362,0.4021408647660966
FSO2012_Ratio -/+ 3-MB-PP1 exp. wt4b,,
AH2018_SILAC_IT_1_C,0.5261085636941825,0.4008500031218804
JW2021_After_3,,
GF2025_P8_Sph,0.5414070029246157,0.3994333795687541
FSO2012_Ratio -/+ 3-MB-PP1 exp. wt4,,
JJ2018_Ratio M/L normalized pP2___1,,
AH2018_SILAC_2_N,0.5303724764444865,0.4019243931914169
CK2022_11 200-1,0.5312356363722472,0.3931557021555811
CK2022_12 200-1,0.5313223374993805,0.3920752687687854
AS2011_Ratio H/L Normalized by Protein RNAi_1,,
RM2024_Intensity D2-1___3,,
NJH2024_Sub1_MICT_Pre,,
HH2022_Reporter intensity 9,0.532453793180092,0.40769300503749034
WZ2023_Su_010_20min,0.5290477180105159,0.4063959858431289
AH2018_TMTMS2_2_N,0.5448160793100216,0.4179775546493314
NJH2024_Sub13_MICT_Pre,,
KBE2022_Log2_Ex_41_U,,
NJH2015_TMT Subject 3 129_N/128_C (Exercise/Basal) (normalized),,
AH2018_TMTMS3_Pool,0.5335646087990668,0.41179778876706497
KS2014_Intensity N4,0.5458991548696495,0.40533036838977404
NJH2024_Sub1_HIIT_Post,,
MM2018_Ratio H/L replicate2,,
RM2024_Intensity D4-2___2,,
NJH2024_Sub13_HIIT_Pre,,
CF2017_OSE 26,0.5409379956940631,0.3869314352807365
CK2022_14 200-1,0.5306785151690011,0.39424715916781133
SR2019_Hs578T_Biol_repl_1,,
RB2022_7_PostSprint,,
TM2022_mock.4h.A,,
NJH2025_Sub12_HIIT_Pre,,
AH2018_TMTMS3_1_N,0.5376700230616017,0.41576387020856204
AST2020_anti-CD3+PDL2.2,,
PG2020_Intensity Mock_10h_A,0.5166289504631794,
JW2021_After_2,,
NJH2024_Sub2_MICT_Post,,
EJN2021_2_Rest_Ins,,
SR2019_LM2_Biol_repl_4,,
CP2009_Ratio H/M,,
JAW2011_Ratio H/L HS,,
CK2022_13 16-1,,
GF2025_P1_Adh,0.5478047625064693,0.42000286481348076
GF2025_P1_Sph,0.5224567937122063,0.4060201279223887
EJN2021_5_Ex_Basal,,
HS2024_7_I_T3,,
JJ2018_Ratio H/L normalized pP2___2,,
WZ2023_Pe_010_10min,0.5266524224588641,0.403214777482795
CF2017_EOC 1,0.5343452552869267,0.41477813604539326
CK2022_3 200-1,0.5392720210886712,0.407082738074476
AH2018_LFQ_IT_3_C,0.530107043800598,0.40401156120607484
SR2019_Hs578T_Biol_repl_2,,
NJH2024_Sub12_HIIT_Post,,
JJ2018_Ratio H/L normalized pP1___2,,
MV2014_Ratio H/L normalized A1___2 (10 min),,
NJH2024_Sub10_MICT_Mid,,
NJH2024_Sub13_MICT_Post,,
BS2014_Log2(Ratio H/L normalized Rep_1),,
RB2022_3_RecoverySprint,,
NJH2025_Sub1_HIIT_Mid,,
RCJD2014_20min_2,0.5283629234719633,
FSO2012_Ratio -/+ 3-MB-PP1 exp. wt2,,
HS2024_6_PD_T2,,
HS2024_5_B_T1,,
CW2012_10 µM Gef/control Experiment 2 Replicate A,,
DL2023_12h-3,,
SR2019_MDAMB231_Biol_repl_2,0.5302675975955856,
HS2024_3_B_T2,,
RB2022_6_PreStrength,,
CK2022_2 40-1,,
RB2022_1_PostSprint,,
CK2022_4 200-1,0.5396421395606305,0.4075188792638524
JW2021_Before_2,,
TM2022_S2.12h.A,,
MV2014_Ratio L/M normalized B2___2 (30 min),,
CK2022_5 16-1,,
AR2021_ALG 1 μM,0.5515824216777366,0.42822956666563333
HS2024_4_B_T1,,
MV2014_Ratio M/H normalized A3___1 (10 min),,
SR2019_BT549_Biol_repl_4,0.5250779970877876,
EJN2021_1_Rest_Basal,,
NJH2025_Sub8_MICT_Post,,
RCJD2014_5min_3,0.5411245893372106,
CR2017_Ratio Replicate 3.2,0.5223308251208513,
FSO2012_Ratio -/+ 3-MB-PP1 exp. as3a,,
GF2025_P7_Adh,0.5350384552779465,0.40473388811906313
CK2022_9 16-1,,
NJH2024_Sub6_HIIT_Post,,
AMK2021_30R_p3,0.5389562911785847,
AS2011_Ratio H/L Normalized RNAi_2,,
RM2024_Intensity D0-2___2,,
KS2014_Intensity pY_N4,,
CK2022_13 200-1,0.5302706028760108,0.3926387012122203
AS2011_Ratio H/L Normalized_2,,
PG2020_Intensity 6h_D,0.5091737107748655,0.4026434603656786
CK2022_16 16-1,,
FS2019_db/db3,,
CK2022_15 40-1,,
NJH2024_Sub9_MICT_Pre,,
BS2014_Log2(Ratio H/L unmodified peptide),,
WZ2023_Su_005_10min,0.5292427165720978,0.40613064590169473
RM2009_Ratio M/L (M:15 min timepoint;L:0 min. timepoint),,
KBE2022_Log2_Ex_41_T,,
AMK2021_Ctrl_p1,0.5217805472435643,
AH2018_LFQ_IT_3_X,0.5295196571093088,0.40338270055190534
HS2024_5_PD_T3,,
AH2018_TMTMS3_3_X,0.5316048396564849,0.4119929085375755
FSO2012_Ratio -/+ 3-MB-PP1 exp. as2,,
KBE2022_Log2_Ex_40_U,0.5291786243972536,
AH2018_LFQ_M_1_N,0.5252676829089933,0.40850545958564055
KBE2022_Log2_Ex_27_U,0.536913954614547,0.41159077783888703
HW2015_Ratio M/L normalized Exp3,,
RKK2015_TNF-α/IKKb(K44M),,
AH2018_SILAC_M_1_N,0.5197758419394715,0.4014330077765374
HW2015_Ratio M/L normalized Exp1,,
RB2022_5_RecoveryStrength,,
YP2020_Intensity P10_R1_mult_log2,,
RB2022_7_PreStrength,,
YA2020_Reporter_intensity_Normal_No.4,0.5473959043081633,
NJH2025_Sub13_HIIT_Pre,,
PG2020_Intensity CT_D,0.5249749182309046,
NJH2025_Sub9_MICT_Post,,
VOI2024_Veh1 mono,,
CK2022_12 16-1,,
RN2012_L13,0.5366177449479747,0.39803601595421906
LG2023_Control-1_intensity,0.533305336194044,
RM2024_Intensity D6-3___2,,
KBE2022_Log2_Ex_8_U,0.528793595516623,
SR2019_SKBR3_Biol_repl_3,0.5337774705322824,
NJH2024_Sub1_MICT_Post,,
HS2024_3_I_T2,,
KTGR2014_Ratio M L Normalized Rep2_Rapamycin_0_15,,
RM2024_Intensity D0-3___3,,
HS2024_6_I_T2,,
CW2012_10 µM Erl/control Experiment 2 Replicate B,,
AS2011_Ratio H/L Protein Inhi_1,,
FSO2013_Ratio H/M normalized Rep2___1,0.546205627179955,
GRW2016_Ratio M/L normalized SILAC 5a___2,,
CK2022_10 40-1,,
NJH2024_Sub12_HIIT_Pre,,
NJH2024_Sub8_MICT_Pre,,
RM2024_Intensity D0-1___1,,
LY2019_P3+,0.5328934693860591,0.41025554257835517
HH2022_Reporter intensity 6,0.5350803370131834,0.4053800693117435
RB2022_2_RecoveryStrength,,
KTGR2014_Ratio-AA 15 mins,,
AS2011_Ratio H/L Normalized RNAi_2_2,,
KS2014_Intensity pY_N3,,
MV2014_Ratio H/L normalized B1___2 (30 min),,
LY2019_P5-,0.5527315042754019,0.413679838491263
HW2015_Ratio M/L normalized Exp2,,
SR2019_HCC1419_Biol_repl_1,0.5324787289208188,
AH2018_TMTMS2_3_X,0.544850069666681,0.41796003546404514
GF2025_P3_Adh,0.5553476290239997,0.412663298746496
SR2019_JIMT1_Biol_repl_2,0.5273507025412968,0.40623228195467126
AH2018_TMTMS2_1_C,0.547157090435313,0.4175733505497667
RM2024_Intensity D0-1___2,,
LY2019_P4+,0.545005700380722,0.4176118980925548
KBE2022_Log2_Ex_19_U,0.529352229170393,
CKC2017_log2 normalized phosphoproteomics_0min_rep#1,0.5309950831430982,
RB2022_4_PostStrength,,
LG2023_GSK3α-3_intensity,0.534375920016866,
YA2020_Reporter_intensity_Cancer_No.1,0.5280426043473858,
AST2020_Control,,
JAW2011_Ratio H/L LS1a,,
RCJD2014_5min_mean,0.5379864080010025,
NJH2015_iTRAQ Subject 4 114/115 (Exercise/Basal) (normalized),,
NJH2025_Sub1_MICT_Mid,,
TM2022_S2.12h.C,,
NJH2025_Sub9_MICT_Mid,,
CKC2017_log2 normalized phosphoproteomics_120min_rep#2,0.5350441095746609,
AS2011_Ratio H/L Normalized Inhi_1_2,,
FSO2013_Ratio M/L normalized Rep2___1,0.5293186297002357,
LG2023_Control-2_intensity,,
NJH2024_Sub8_HIIT_Pre,,
KS2014_Intensity pY_N2,,
RB2022_5_RecoverySprint,,
RB2022_7_RecoverySprint,,
YA2020_Reporter_intensity_Normal_No.3,0.5452280127047255,
HS2024_8_B_T2,,
AH2018_LFQ_1_X,0.5229991810107723,0.39243417636306693
RM2024_Intensity D6-1___1,,
RCJD2014_10min_2,0.5228112805747543,
FR2021_Norm.Intensity.M,,
RM2024_Intensity D0-3___1,,
KS2014_Intensity N2,0.5480864893923588,0.411294059693476
HH2022_Reporter intensity 1,0.5249934489362875,0.40752651037377013
HH2022_Reporter intensity 2,0.5256840760613204,0.40164149481863154
RM2024_Intensity D6-2___2,,
FSO2012_Ratio -/+ 3-MB-PP1 exp. as1,,
RM2024_Intensity D2-3___2,,
YA2020_Reporter_intensity_Normal_No.5,0.5506063233036321,
SR2019_MCF7_Biol_repl_1,,
FSO2012_Ratio -/+ 3-MB-PP1 exp. as1a,,
HS2024_8_B_T1,,
NJH2025_Sub6_HIIT_Pre,,
RNJ2017_Log2_ratio_Tsup:Tstim_D1,,
EP2017_Untreated R#2 log2 ratio,0.5316337788554489,0.42469465125791017
SR2019_LM2_Biol_repl_3,,
RB2022_4_RecoveryStrength,,
CR2017_Ratio Replicate 2,0.5397374585513284,0.4126349236827602
CW2012_10 µM Erl/control Experiment 2 Replicate A,,
FSO2013_Ratio H/M normalized Rep3,0.5515932016225877,
AR2021_KD 72h,0.5387296546178606,0.4265963693741837
MV2014_Ratio H/M normalized B2___3 (5 min),,
KBE2022_Log2_Ex_18_U,0.5192263512860247,0.40196012836013684
AS2011_Ratio H/L Inhi_1_1,,
NJH2024_Sub8_MICT_Post,,
AH2018_TMTMS3_3_C,0.5332750456476174,0.41087619169697936
KBE2022_Log2_Ex_9_U,0.517842224737144,0.39967737119939367
AH2018_SILAC_M_3_N,0.5338993818931987,0.391707577124496
KBE2022_Log2_Ex_13_T,0.5279048907068008,
RM2024_Intensity D0-3,,
SR2019_SKBR3_Biol_repl_1,0.5371405063039291,
PG2020_Intensity Mock_10h_C,0.5225445338062239,
CF2017_OSE 29,0.5336138678995374,
YB2013_Ratio_H_L_Normalized_in_experiment_1,,
NJH2025_Sub1_HIIT_Post,,
DL2023_24h-2,,
HS2024_7_B_N2,,
PG2020_Intensity 10h_A,,
RN2012_L12,0.5329823201484462,
MV2014_Ratio M/L normalized B1___3 (5 min),,
NJH2024_Sub8_MICT_Mid,,
AH2018_LFQ_IT_4_C,0.5337106388184062,0.3929199601950713
SAS2015_PLX/AZD_Exp1,,
FR2021_Norm.Intensity.A,,
FSO2013_Ratio H/M normalized Rep1___1,0.5346876693282503,
JW2015_Intensity cap2,,
BS2014_Log2(Ratio H/L normalized Rep_2),,
NJH2024_Sub6_MICT_Post,,
CK2022_8 40-1,,
RB2022_7_RecoveryEndurance,,
NJH2025_Sub12_HIIT_Post,,
EJN2021_4_Ex_Basal,,
TM2022_S2.12h.B,,
RN2012_L15,0.5311918867381055,0.4230173008891674
KS2014_Intensity pY_PV3,,
TM2022_S2.4h.B,,
PG2020_Intensity 4h_A,0.5154671700113126,0.39173336182307744
FSO2013_Ratio H/M normalized Rep2___2,0.5432709581448754,
TM2022_mock.4h.B,,
KBE2022_Log2_Ex_24_U,,
NJH2025_Sub13_MICT_Mid,,
KS2014_Intensity C3,0.5406040778029624,0.4135440091276321
RB2022_1_PreSprint,,
HS2024_4_I_N1,,
CK2022_7 200-1,0.5299011804326843,0.39233835187023375
CK2022_5 200-1,0.5308136737380511,0.39558056512594675
CKC2017_log2 normalized phosphoproteomics_120min_rep#3,0.5321882086828161,
FSO2013_Ratio H/L normalized Rep2___1,0.5231183061032804,
NJH2024_Sub10_HIIT_Mid,,
RB2022_2_PostEndurance,,
AH2018_LFQ_2_C,0.5277613693474117,
AH2018_SILAC_MR_1_X,0.5209709496565664,0.39990242835897455
KTGR2014_Ratio H M Normalized Rep1_Rapamycin_0_15,,
IMM2018_normalised rep. int. Empty-2,,
RM2024_Intensity D4-1,,
KBE2022_Log2_Ex_25_U,,
AH2018_SILAC_3_C,0.5337211369789541,0.39291339246090845
EJN2021_5_Rest_Ins,,
VOI2024_0.1uM 24 h_3 di,,
RNJ2017_Log2_ratio_Tstim:Trest_D3,,
DB2022_LFQ intensity L2.1,,
FSO2013_Ratio H/M normalized Rep1,0.5366811308793193,
CK2022_4 16-1,,
AS2011_Ratio H/L,,
SR2019_MCF7_Biol_repl_4,0.5283934455308422,
EJN2021_2_Ex_Ins,,
AS2011_Ratio H/L Inhi_2_3,,
JAW2011_Ratio H/L LS1a_1,,
AH2018_LFQ_1_N,0.5178211967416895,0.4051814767824193
SAS2015_PLX/DMSO_Exp1,,
SFR2015_HL_log2_ratio_avg_c,0.5235432393186744,
JJ2018_Ratio M/L normalized pP2,,
NJH2024_Sub7_MICT_Mid,,
PG2020_Intensity 6h_B,0.5268757569225068,0.4020978240266897
FSO2013_Ratio H/L normalized Rep3,0.5266551579313917,
GRW2016_Ratio H/L normalized SILAC 2___2,,
RKK2015_IKKb(K44M)+TNF-α/TNF-α,,
JJ2018_Ratio M/L normalized,,
KTGR2014_Ratio-AA 30 mins,,
JW2021_After_1,,
NJH2025_Sub2_MICT_Mid,,
HS2024_6_B_N2,,
KBE2022_Log2_Ex_9_T,0.5159053321585275,0.39725474856229953
AH2018_SILAC_IT_2_N,0.5357415698974741,0.3883000247682536
AH2018_SILAC_IT_1_X,0.5336401451992888,0.40163465089830636
HW2015_Ratio H/L normalized Exp3,,
HS2024_7_PD_T1,,
UK2020_UA_2,,
RM2024_Intensity D2-1___1,,
GF2025_P10_Sph,0.5301285243279159,0.417482218486007
WZ2023_Pe_025_20min,0.5285731177082724,0.40514757737811163
JVO2010_Log2 Ratio M/L Normalized aphidicolin,,
AH2018_LFQ_2_N,0.5219233116201735,0.3877444460671218
HS2024_4_I_N2,,
AH2018_TMTMS2_3_N,0.5456062417166112,0.4167867558052782
RN2012_H06,0.5336267638954443,0.418732298249181
AS2011_Inhi 1_Ratio H/L normalized by corresponding protein level (H:TAL treatment; L: MA treatment),,
HS2024_4_PD_T3,,
WZ2023_Su_005_30min,0.5282905199499718,0.40691988010837754
SR2019_HCC1419_Biol_repl_4,0.5340407579559097,
JJ2018_Ratio H/M normalized___2,,
SR2019_JIMT1_Biol_repl_3,,0.3860499735991789
AS2011_Ratio H/L Protein,,
UK2020_HCM_3,,
NJH2024_Sub10_HIIT_Post,,
CR2017_Ratio Replicate 3.1,0.526399468978896,
WZ2023_Su_025_10min,0.5289267251995325,0.4075941588460323
AH2018_LFQ_IT_4_X,0.5333049092530393,0.3901241579854162
CP2009_Ratio H/L,,
VOI2024_0.1uM 24 h_3 mono,,
RB2022_4_RecoverySprint,,
RM2024_Intensity D6-3,,
WZ2023_Su_005_20min,0.5294996336761547,0.40623386318945937
CW2012_10 µM Gef/control Experiment 1 Replicate B,,
SFR2015_HL_log2_ratio_avg_a,0.5296347210936466,
CW2012_10 µM Erl/control Experiment 3 Replicate A,,
RB2022_1_PreEndurance,,
FSO2012_Ratio -/+ 3-MB-PP1 exp. wt3a,,
LG2023_GSK3α-2_intensity,,
EP2017_Pervanadate R#1 log2 ratio,0.5301547185595608,0.3994296065015184
NJH2025_Sub6_HIIT_Post,,
RB2022_6_RecoverySprint,,
KS2014_Intensity,0.5536489663971794,0.41299274640622596
MV2014_Ratio H/M normalized A2___1 (2 min),,
PG2020_Intensity 8h_D,0.5308188032688431,0.4102333147804176
LY2019_P7+,0.5236885899245642,0.4195957817363884
EP2017_Untreated R#1 normalized log2 ratio,0.5393497842118024,0.40688198681231835
RN2012_L10,0.5281145016421614,
PG2020_Intensity 4h_C,0.5184657263817274,
EP2017_Mitotic R#3 normalized log2 ratio,0.5191997745980537,0.390530756252011
FSO2012_Ratio -/+ 3-MB-PP1 exp. as4,,
DB2022_LFQ intensity L1,,
KBE2022_Log2_Ex_24_T,,
RB2022_8_PostStrength,,
AH2018_SILAC_IT_2_X,0.5330507074687919,0.40095228586609594
HS2024_4_B_T3,,
NJH2024_Sub2_HIIT_Post,,
HS2024_8_B_N2,,
NJH2025_Sub8_HIIT_Pre,,
JJ2018_Ratio H/L normalized pP2___1,,
HS2024_8_I_T2,,
KBE2022_Log2_Ex_6_U,,
LATM2013_Normalized Log2 Ratio (Light/Medium) Reverse,,
CR2017_Ratio Replicate 1.1,0.5368308134324737,0.42471833669928394
CKC2017_log2 normalized phosphoproteomics_30min_rep#1,0.5301989140429098,
MV2014_Ratio M/H normalized B3___2 (30 min),,
CK2022_16 200-1,0.5303533914422864,0.3933764023646226
VOI2024_0.1uM 2 h_3 di,,
EP2017_Mitotic R#1 normalized log2 ratio,0.52726150080552,0.3956804220588426
GF2025_P9_Sph,0.5275739464661137,0.41375267368686797
CK2022_6 200-1,0.5300011675686671,0.39408086764092837
NJH2024_Sub7_MICT_Post,,
AH2018_TMTMS3_2_X,0.5340586906464839,0.4089679308761391
NJH2024_Sub8_HIIT_Post,,
DB2022_LFQ intensity R1,,
JW2015_Intensity cap3,,
SR2019_HCC1954_Biol_repl_1,0.5280160539216818,
HS2024_4_I_T2,,
NJH2024_Sub2_MICT_Mid,,
VOI2024_0.1uM 2 h_2 mono,,
CP2009_Ratio M/L Normalized (5 nM dasatinib vs Ctrl),,
FSO2012_Ratio -/+ 3-MB-PP1 exp. as3b,,
HS2024_4_PD_T1,,
SAS2015_AZD/DMSO_Exp1,,
NJH2024_Sub1_MICT_Mid,,
IMM2018_normalised rep. int. CDK5L-3,,
HS2024_3_B_T3,,
MV2014_Ratio L/H normalized A3___2 (2 min),,
NJH2025_Sub13_MICT_Pre,,
SR2019_MDAMB231_Biol_repl_3,0.5301993239194429,
GRW2016_Ratio H/L normalized SILAC 4___1,,
MM2018_Ratio H/L replicate1,,
PG2020_Intensity 2h_D,0.5254751522584749,
EP2017_Untreated R#3 normalized log2 ratio,0.5312839484669609,0.4077771045674681
MV2014_Ratio M/H normalized A3___3 (10 min),,
NJH2024_Sub7_HIIT_Pre,,
JAW2011_Ratio H/L LS2,,
CK2022_8 200-1,0.5301421760538328,0.3935680856169083
KS2014_Intensity pY_C4,,
CR2017_Ratio Replicate 3.5,0.5349527748416272,
RB2022_7_PostEndurance,,
NJH2025_Sub4_HIIT_Pre,,
CKC2017_log2 normalized phosphoproteomics_90min_rep#3,0.5310746789279944,
TM2022_mock.12h.A,,
JJ2018_Ratio H/L normalized pP1,,
EP2017_Pervanadate R#2 normalized log2 ratio,0.533385659062205,0.39993848644134355
AS2011_Ratio H/L Normalized by Protein (Unnormalized),,
KS2014_Intensity pY_E5_4,,
RM2024_Intensity D4-3___2,,
CKC2017_log2 normalized phosphoproteomics_15min_rep#1,0.526787360194511,
AH2018_SILAC_2_C,0.5301170955265263,0.40395805203675894
AS2011_RNAi 2_Ratio H/L normalized by corresponding protein level (H: shPlk1; L: shEg5),,
HS2024_7_I_N1,,
KBE2022_Log2_Ex_29_T,0.5213147204151813,0.3996519766682151
HS2024_7_I_T2,,
AS2011_Ratio H/L Normalized RNAi_2_3,,
CW2012_10 µM Gef/control Experiment 3 Replicate B,,
HS2024_6_B_T2,,
AMK2021_45I_p5,0.5335923892552255,
CW2012_10 µM Erl/control Experiment 1 Replicate A,,
SAS2015_PLX/DMSO_Exp2,,
EJN2021_1_Ex_Basal,,
FR2021_Intensity.M,,
RB2022_2_PostSprint,,
AH2018_SILAC_MR_3_N,0.5303393932174619,0.3925908208411281
MV2014_Ratio H/L normalized B1___3 (30 min),,
CF2017_FTE 13,0.5225576771865326,0.3962858107659008
PG2020_Intensity CT_C,0.5276535498094861,
ZCP2016_Ratio H/L Rep 1,,
FS2019_db/db2,,
KS2014_Intensity pY_PV4,,
KBE2022_Log2_Ex_39_U,,
EP2017_Untreated R#3 log2 ratio,0.530602256907274,0.40755514258070535
RB2022_2_PostStrength,,
AS2011_Ratio H/L Normalized_1,,
MV2014_Ratio M/H normalized A3___2 (10 min),,
CR2017_Ratio Replicate 3.4,0.535865657997258,
HS2024_8_PD_T2,,
FS2019_Ctr2,,
RB2022_6_PreEndurance,,
FR2021_Norm.Intensity.G,,
NJH2025_Sub9_HIIT_Post,,
CKC2017_log2 normalized phosphoproteomics_0min_rep#3,0.5329280564186655,
RM2024_Intensity D4-3,,
HS2024_8_B_N1,,
NJH2025_Sub10_MICT_Mid,,
KBE2022_Log2_Ex_15_U,,
AS2011_Ratio H/L Normalized Inhi_2,,
RKK2015_TNF-α/SC-514,,
RB2022_3_PreSprint,,
CR2017_Ratio Replicate 2.3,0.5236018285029256,
RM2009_Ratio M/L Normalized by Corresponding Protein Level (M:15 min timepoint;L:0 min. timepoint),,
CP2009_Ratio H/L Normalized (50 nM dasatinib vs Ctrl),,
GF2025_P4_Adh,0.5493598375258575,0.42685843170466287
YA2020_Reporter_intensity_Normal_No.2,0.5470482150853065,
YP2020_Intensity P30_R2_mult_log2,,
NJH2025_Sub13_MICT_Post,,
HS2024_4_B_N2,,
HS2024_3_PD_T3,,
AMK2021_120R_p3,0.5352490190667984,
MV2014_Ratio L/H normalized A3___3 (2 min),,
NJH2025_Sub10_HIIT_Pre,,
FR2021_Intensity.G,,
RAM2015_Log2 C,0.5287690512931699,
AS2011_Ratio H/L Proteins Inhi_1,,
FSO2013_Ratio H/M normalized Rep1___3,,
AH2018_LFQ_M_2_N,0.5278384876489475,0.3970600617576178
MV2014_Ratio M/L normalized A1___3 (2 min),,
KBE2022_Log2_Ex_40_T,0.5287932985501316,
CK2022_2 16-1,,
RAM2015_Log2 B,0.5460943403770956,
YP2020_Intensity C10_R1_mult_log2,,
FSO2013_Ratio M/L normalized Rep1___2,,
NJH2025_Sub8_MICT_Pre,,
EJN2021_4_Rest_Basal,,
YB2013_Ratio_H_L_Normalized_in_experiment_2,,
JJ2018_Ratio H/M normalized pP3___1,,
VOI2024_Veh2 mono,,
HS2024_6_B_T1,,
UK2020_HCM_5,,
NJH2025_Sub10_HIIT_Post,,
VOI2024_0.1uM 2 h_3 mono,,
JW2015_Intensity pre3,,
AS2011_Ratio H/L Normalized Inhi_2_1,,
DL2023_24h-3,,
HS2024_7_PD_T3,,
PG2020_Intensity Mock_10h_B,0.5087138551627753,
WZ2023_Su_025_30min,0.529534312997447,0.4066039889952752
AH2018_LFQ_4_N,0.5289843704191844,0.39402931226455246
CR2017_Ratio Replicate 1.2,0.524842030902556,
AS2011_Ratio H/L Normalized by Proteins,,
RB2022_6_RecoveryStrength,,
HS2024_8_I_N1,,
AMK2021_Ctrl_p3,0.5268799863203318,
AS2011_Ratio H/L Protein Inhi_2,,
HH2022_Reporter intensity 7,0.5381406504359353,0.40649170128434003
AH2018_SILAC_M_1_X,0.5180043589493492,0.4030999232440138
RB2022_7_PreEndurance,,
VOI2024_0.1uM 24 h_2 di,,
DL2023_control-2,,
LY2019_P6+,0.518259119799238,0.41212492658930494
DB2022_LFQ intensity R2,,
GF2025_P6_Adh,0.5110057679664437,0.4087422495447728
VOI2024_Veh1 di,,
AS2011_Ratio H/L RNAi_2,,
FSO2012_Ratio -/+ 3-MB-PP1 exp. as3,,
VOI2024_Veh3 mono,,
HS2024_5_I_T2,,
NJH2025_Sub7_HIIT_Mid,,
MV2014_Ratio H/L normalized B1___1 (30 min),,
RM2009_Ratio H/L (H:60 min timepoint;L:0 min. timepoint),,
RB2022_6_PostSprint,,
KTGR2014_Ratio H L Normalized Rep2_Rapamycin_0_15,,
AS2011_Ratio H/L Inhi_1,,
AS2011_Ratio H/L Normalized RNAi_1_2,,
AH2018_TMTMS3_2_C,0.535825808967075,0.4126416573049927
SR2019_Hs578T_Biol_repl_4,0.5308305408675836,
RB2022_8_PreStrength,,
KS2014_Intensity C5,0.532860305352842,0.4020744404902903
RM2024_Intensity D0-1,,
CW2012_10 µM Gef/control Experiment 3 Replicate A,,
YP2020_Intensity P30_R1_mult_log2,,
NJH2025_Sub2_HIIT_Pre,,
RB2022_3_RecoveryEndurance,,
RNJ2017_Log2_ratio_Tstim:Trest_D2,,
GF2025_P9_Adh,0.5219186698390609,0.4169155789200396
RB2022_3_PostStrength,,
TM2022_S2.8h.A,,
AS2011_Ratio H/L RNAi_1_1,,
AS2011_Ratio H/L Normalized by Proteins RNAi_2,,
FSO2012_Ratio -/+ 3-MB-PP1 exp. wt1,,
AS2011_Ratio H/L Normalized by Protein Inhi_1,,
NJH2025_Sub2_MICT_Pre,,
MV2014_Ratio L/M normalized A2___3 (10 min),,
MV2014_Ratio H/M normalized A2___3 (2 min),,
HS2024_4_B_T2,,
SR2019_BT549_Biol_repl_1,0.5294723535253797,
AH2018_LFQ_M_4_N,0.5307026873396027,0.40071228672932874
NJH2024_Sub8_HIIT_Mid,,
PG2020_Intensity 8h_B,0.5226067321163506,0.3667703360314832
AH2018_LFQ_2_X,0.5294838918141301,0.38889819892686556
PG2020_Intensity 2h_B,0.5266649692094589,
AS2011_Ratio H/L Proteins RNAi_1,,
RB2022_4_PostSprint,,
KS2014_Intensity E15_3,0.5266074464433108,0.4138046938031635
GF2025_P3_Sph,0.5303624681125233,0.40370727255795863
DB2022_LFQ intensity L2,,
MV2014_Ratio H/L normalized A1___1 (10 min),,
AH2018_SILAC_1_C,0.5262112007796259,0.4009403844689723
NJH2024_Sub1_HIIT_Pre,,
FSO2013_Ratio M/L normalized Rep2___2,,
NJH2015_TMT Subject 4 130_N/129_C (Exercise/Basal) (normalized),,
AS2011_Ratio H/L RNAi_2_3,,
AH2018_SILAC_IT_1_N,0.5360644169042157,0.3906795348092344
KTGR2014_Ratio H M Normalized Rep2_AA_starvation_0_15,,
RB2022_4_PreEndurance,,
JJ2018_Ratio M/L normalized pP1,,
CR2017_Ratio Replicate 2.4,0.5313280188244173,
ZQ2022_N1,0.5342050967156112,0.4010400735739564
LY2019_P6-,0.5124059552413742,0.40988776116945114
RM2024_Intensity D2-3,,
UK2020_HCM_1,,
JW2015_Intensity pre2,,
KTGR2014_Ratio M L Normalized Rep1_AA_starvation_0_15,,
RM2024_Intensity D2-1,,
NJH2025_Sub12_MICT_Post,,
MV2014_Ratio H/M normalized B2___2 (5 min),,
RN2012_L14,0.5156336401566876,0.42252268025218465
AH2018_LFQ_3_N,0.5265479775358634,
RKK2015_TNF-α/IKKb,,
SFR2015_HL_log2_ratio_std_b,0.5249476428019698,
UK2020_UA_1,,
KBE2022_Log2_Ex_13_U,0.5292334669260493,
AS2011_Ratio H/L Normalized Inhi_1,,
RNJ2017_Log2_ratio_Tsup:Trest_D2,,
RB2022_1_RecoverySprint,,
CKC2017_log2 normalized phosphoproteomics_120min_rep#1,0.5306976181976558,
JJ2018_Ratio H/L normalized pP3,,
CK2022_7 40-1,,
AS2011_Ratio H/L Inhi_1_3,,
NJH2025_Sub10_HIIT_Mid,,
KTGR2014_Ratio H L Normalized Rep2_AA_starvation_0_15,,
JAW2011_Ratio H/L LS1b_1,,
PG2020_Intensity 4h_B,0.5226765431670065,
SR2019_BT549_Biol_repl_2,,
RM2024_Intensity D4-2,,
DB2022_LFQ intensity R2.2,,
JJ2018_Ratio H/L normalized,,
RB2022_5_PostEndurance,,
HS2024_5_PD_T2,,
WZ2023_Su_025_20min,0.5296518447893005,0.4080714590472098
RM2024_Intensity D2-2___1,,
IMM2018_normalised rep. int. CDK5L-2,,
LY2019_P8-,0.5227187422596828,0.41328826196721935
JVO2010_Ratio H/M Normalized by Protein ThymON - Log2 G2,,
CKC2017_log2 normalized phosphoproteomics_15min_rep#3,0.5272404166563687,
FSO2013_Ratio H/L normalized Rep1,0.5230399944654475,
NJH2024_Sub2_HIIT_Pre,,
CKC2017_log2 normalized phosphoproteomics_60min_rep#2,0.5310070696952295,
CK2022_13 40-1,,
FSO2012_Ratio -/+ 3-MB-PP1 exp. wt4a,,
RN2012_H02,0.5315132481915698,
PG2020_Intensity 10h_D,0.5271711564755946,
RB2022_8_PreEndurance,,
HS2024_3_B_N2,,
EJN2021_4_Ex_Ins,,
AS2011_Ratio H/L Normalized by Protein,,
EJN2021_1_Ex_Ins,,
EP2017_Pervanadate R#3 log2 ratio,0.5286760250572082,0.394421234244678
FSO2013_Ratio M/L normalized Rep1___3,,
NJH2025_Sub4_HIIT_Mid,,
RCJD2014_5min_2,0.5006935478836078,
RB2022_6_PostStrength,,
AH2018_SILAC_MR_3_C,0.5159658281575733,0.4039212098841935
AH2018_LFQ_M_4_C,0.5277863767647056,
NJH2024_Sub4_MICT_Pre,,
AS2011_Ratio H/L Normalized Inhi_1_1,,
DL2023_12h-1,,
MV2014_Ratio L/M normalized B2___1 (30 min),,
DB2022_LFQ intensity L1.1,,
NJH2025_Sub6_MICT_Pre,,
NJH2025_Sub6_MICT_Post,,
CKC2017_log2 normalized phosphoproteomics_60min_rep#3,0.5323715599901001,
RN2012_H04,0.537195945062911,0.435946350669386
CK2022_6 40-1,,
DB2022_LFQ intensity R2.1,,
KBE2022_Log2_Ex_42_U,,
LY2019_P3-,0.538807638502371,0.4130533941300331
FR2021_Intensity.A,,
EJN2021_3_Ex_Ins,,
MV2014_Ratio M/L normalized A1___1 (2 min),,
WZ2023_Pe_005_30min,0.5281523630861481,0.40281418976476013
HS2024_8_PD_T3,,
EJN2021_3_Ex_Basal,,
AST2020_Control.1,,
JW2015_Intensity cap1,,
PG2020_Intensity CT_A,0.5281560335335355,
FS2019_Ctr3,,
WZ2023_Pu_025_20min,0.5287242236835972,0.40666889642682197
NJH2025_Sub4_MICT_Post,,
JVO2010_Ratio H/M Normalized by Protein Noco3h - Log2 Late S,,
GF2025_P10_Adh,0.528977531433489,0.41235016838024774
RB2022_1_RecoveryStrength,,
SR2019_HCC1954_Biol_repl_4,0.5295371632242175,
FR2021_Norm.Intensity.N,,
HS2024_5_B_N1,,
FSO2013_Ratio H/M normalized Rep3___3,,
AH2018_TMTMS2_2_C,0.5450927967935507,0.41751523219466136
RB2022_4_PreSprint,,
DB2022_Intensity R2,,
AH2018_TMTMS2_Pool,0.533556643158955,0.4108373815909921
HS2024_8_I_N2,,
RB2022_3_RecoveryStrength,,
NJH2024_Sub6_HIIT_Mid,,
AH2018_SILAC_M_1_C,0.5207337747934987,0.40262509234497296
LY2019_P8+,0.5424468040880777,0.4102365379325241
RB2022_2_RecoveryEndurance,,
JJ2018_Ratio H/M normalized pP2___1,,
JAW2011_Ratio H/L HS_1,,
RB2022_3_PostEndurance,,
KS2014_Intensity pY_PV1,,
JAW2011_Ratio H/L LS1b_2,,
SR2019_MCF7_Biol_repl_2,0.5279018444951362,
NJH2015_TMT Subject 2 128_N/127_C (Exercise/Basal) (normalized),,
AS2011_Ratio H/L Normalized RNAi_1_1,,
AH2018_LFQ_M_4_X,0.5262301334434303,
NJH2024_Sub6_MICT_Pre,,
JJ2018_Ratio M/L normalized pP1___2,,
YP2020_Intensity C30_R2_mult_log2,,
NJH2024_Sub9_HIIT_Pre,,
AS2011_Ratio H/L Normalized Inhi_2_3,,
RM2024_Intensity D0-1___3,,
FSO2012_Ratio -/+ 3-MB-PP1 exp. wt3,,
KBE2022_Log2_Ex_28_U,,
GRW2016_Ratio H/L normalized SILAC 1___1,,
CF2017_FTE 17,0.5327971707562108,0.3979742916658511
LY2019_P2-,0.5445577180730609,0.41460201468693736
AH2018_LFQ_IT_1_X,0.5249042709427088,0.4022267813642988
JJ2018_Ratio H/L normalized pP3___1,,
RB2022_8_RecoveryStrength,,
WZ2023_Pe_005_20min,0.528348693084964,0.40303096453125703
AST2020_Control.2,,
NJH2025_Sub6_MICT_Mid,,
RCJD2014_10min_1,0.5193398384642526,
FSO2013_Ratio H/L normalized Rep2___3,,
JVO2010_Ratio M/L Normalized by Protein Noco3h - Log2 G1,,
HS2024_3_I_T1,,
FSO2012_Ratio -/+ 3-MB-PP1 exp. as2a,,
CK2022_4 40-1,,
SR2019_MCF10A_Biol_repl_4,0.5284254616821997,
KS2014_Intensity pY_C5,,
NJH2025_Sub4_MICT_Pre,,
NJH2024_Sub9_MICT_Post,,
CF2017_OSE 28,0.5328803358583719,0.3982875798402253
HS2024_5_B_T2,,
HS2024_6_I_T1,,
HS2024_5_B_T3,,
JJ2018_Ratio H/M normalized pP1___1,,
KBE2022_Log2_Ex_36_U,0.5154513980420935,0.40129239455952076
AH2018_TMTMS3_3_N,0.533906113635093,0.4138179585881954
SR2019_HCC1419_Biol_repl_2,0.5302181729099587,
FR2021_Intensity.N,,
AS2011_Ratio H/L Inhi_2_1,,
AH2018_SILAC_MR_1_C,0.5249053757824392,0.395117678427307
NJH2024_Sub1_HIIT_Mid,,
NJH2025_Sub8_HIIT_Mid,,
EP2017_Mitotic R#3 log2 ratio,0.5182189645232721,0.39067607364520146
KBE2022_Log2_Ex_36_T,0.5158192696549356,0.3995597590331222
NJH2025_Sub6_HIIT_Mid,,
WZ2023_Pu_005_30min,0.5295151170253536,0.40615613610396584
KS2014_Intensity C2,0.5348464477648529,0.415468380465254
FSO2013_Ratio H/L normalized Rep1___2,0.5227817678761019,
RM2024_Intensity D2-2,,
KBE2022_Log2_Ex_42_T,,
CK2022_9 200-1,0.5308236693350403,0.3912928392778912
GRW2016_Ratio H/L normalized SILAC 2___1,,
JJ2018_Ratio H/M normalized pP3___2,,
DB2022_LFQ intensity R1.1,,
CK2022_10 200-1,0.530673588902923,0.3915163523874727
NJH2024_Sub9_MICT_Mid,,
JAW2011_Ratio H/L_2,,
HS2024_7_I_N2,,
RBK2021_1332T Late,,
LY2019_P1-,0.5278199885220801,0.4023830058545936
RKK2015_TNF-α/basal.1,,
RKK2015_TNF-α/TNF-α+SC-514,,
CR2017_Ratio Replicate 2.5,0.5247792184598148,
HS2024_3_I_T3,,
CKC2017_log2 normalized phosphoproteomics_90min_rep#2,0.5325615885388307,
AS2011_Ratio H/L Normalized RNAi_1,,
KS2014_Intensity E15_4,0.5351807184467996,0.4103413418650274
ZQ2022_C3,0.5285905633651633,0.42681671468357263
EJN2021_3_Rest_Ins,,
YP2020_Intensity P10_R2_mult_log2,,
MV2014_Ratio H/L normalized A1___3 (10 min),,
NJH2025_Sub1_MICT_Pre,,
KBE2022_Log2_Ex_39_T,,
FSO2013_Ratio H/M normalized Rep3___2,0.5279797857601712,
RM2024_Intensity D6-2,,
EP2017_Untreated R#1 log2 ratio,0.5386889741212376,0.40674420467134714
RKK2015_SC-514/basal,,
RM2024_Intensity D6-1___3,,
WZ2023_Pu_010_10min,0.5295465359129307,0.4072982608161096
NJH2025_Sub9_HIIT_Mid,,
SR2019_SKBR3_Biol_repl_4,0.5329480337385388,
HS2024_5_I_T3,,
KS2014_Intensity N1,0.5493217899289777,0.3965853653297857
NJH2024_Sub12_MICT_Post,,
TM2022_S2.8h.C,,
CR2017_Ratio Replicate 1,0.537643024382043,0.42673527594299654
AS2011_RNAi 1_Ratio H/L normalized by corresponding protein level (H: shPlk1; L: shEg5),,
CKC2017_log2 normalized phosphoproteomics_30min_rep#3,0.527058166966827,
JJ2018_Ratio H/M normalized pP3,,
AH2018_SILAC_MR_2_C,0.5246198346638741,0.3914423649760017
LATM2013_Log2 Ratio (Medium/Light) Forward,,
PG2020_Intensity 2h_A,0.520611134644594,
NJH2024_Sub6_MICT_Mid,,
NJH2025_Sub13_HIIT_Post,,
AH2018_SILAC_MR_3_X,0.5305083531505356,0.4002625128081914
JJ2018_Ratio H/M normalized___1,,
RCJD2014_15min_2,0.5332850082515921,
AS2011_Ratio H/L_2,,
AS2011_Ratio H/L Normalized,,
RN2012_H03,0.531784770741984,
HS2024_5_B_N2,,
HS2024_5_I_N1,,
HS2024_6_I_N1,,
AR2021_KD 48h,0.5263708073409956,0.4132111018129196
FR2021_Intensity.B,,
RB2022_3_PreEndurance,,
HS2024_5_I_T1,,
NJH2024_Sub10_MICT_Pre,,
SR2019_LM2_Biol_repl_2,,
AST2020_anti-CD3,,
SR2019_MDAMB231_Biol_repl_1,0.5305201823262711,
RM2024_Intensity D2-3___3,,
WZ2023_Pe_005_10min,0.527654236113261,0.4015300702270315
KBE2022_Log2_Ex_29_U,0.5213997026909774,0.3997267388442138
HS2024_7_B_T1,,
AH2018_LFQ_M_2_X,0.5278448010309065,0.3985028606687746
AH2018_LFQ_IT_4_N,0.5337955521595668,0.38898160474317683
CK2022_15 200-1,0.5306647618212991,0.39469996770550225
RM2024_Intensity D4-1___2,,
JJ2018_Ratio H/M normalized,,
JJ2018_Ratio M/L normalized pP3___1,,
KBE2022_Log2_Ex_34_T,,
CKC2017_log2 normalized phosphoproteomics_0min_rep#2,,
LY2019_P2+,0.5449001473338578,0.41592174579041696
LATM2013_Log2 Ratio (Light/Medium) Reverse,,
CK2022_2 200-1,0.5391855375717189,0.4068849851153617
AS2011_Ratio H/L Protein RNAi_2,,
MV2014_Ratio L/H normalized A3___1 (2 min),,
WZ2023_Su_010_30min,0.5290219199725673,0.4086622440407885
RN2012_H01,0.5332866490442576,
KTGR2014_Ratio-Rapa 2 mins,,
EJN2021_2_Rest_Basal,,
KS2014_Intensity pY_E5_3,,
MM2018_Ratio H/L replicate 3,,
EP2017_Pervanadate R#1 normalized log2 ratio,0.5309463063526063,0.39953866131972343
HS2024_8_B_T3,,
YA2020_Reporter_intensity_Cancer_No.3,0.5441096479030113,
KBE2022_Log2_Ex_44_U,,
WZ2023_Pe_010_20min,0.5276666677610807,0.4019188849341065
KS2014_Intensity pY_C6,,
AS2011_Ratio H/L Normalized_3,,
RCJD2014_15min_mean,0.5393202764183719,
RB2022_3_PreStrength,,
NJH2015_iTRAQ Subject 3 116/117 (Exercise/Basal) (normalized),,
RCJD2014_10min_mean,0.5279280145581111,
KS2014_Intensity C1,0.5357151466641275,0.39773822781582857
FSO2013_Ratio H/M normalized Rep3___1,0.552725858716656,
AH2018_SILAC_M_3_C,0.5338255781995828,0.395057627902144
RKK2015_TNF-α+IKKb/TNF-α,,
RM2024_Intensity D0-3___2,,
FSO2012_Ratio -/+ 3-MB-PP1 exp. wt2a,,
AH2018_SILAC_M_2_C,0.5312702358457446,0.40474572757204386
AH2018_SILAC_M_2_X,0.5297614456187244,0.4031923063345519
KTGR2014_Ratio-Rapa 15 mins,,
RM2024_Intensity D4-2___1,,
KBE2022_Log2_Ex_15_T,,
VOI2024_0.1uM 24 h_1 di,,
WZ2023_Su_010_10min,0.5296398368516226,0.40810534779603275
PG2020_Intensity 6h_C,0.5213539662399198,
JVO2010_Ratio M/L Normalized by Protein Noco45 - Log2 mitosis,,
JJ2018_Ratio M/L normalized pP1___1,,
AH2018_LFQ_M_3_N,0.5306041190849472,
VOI2024_0.1uM 24 h_2 mono,,
AH2018_TMTMS2_3_C,0.5463355764320762,0.4193867510074474
CK2022_15 16-1,,
CK2022_3 16-1,,
LY2019_P4-,0.5310884029963283,0.4153856058578891
FSO2013_Ratio H/L normalized Rep3___2,0.5339785474351662,
KS2014_Intensity pY_PV2,,
HS2024_3_I_N2,,
GF2025_P8_Adh,0.534962185418132,0.40663711816731274
YC2018_Log2(SKBR3-LR/SKBR3)_Rep.2-2,,
GF2025_P5_Sph,0.5241773180526419,0.42337273389617586
CK2022_10 16-1,,
KTGR2014_Ratio H L Normalized Rep1_AA_starvation_0_15,,
VOI2024_0.1uM 2 h_2 di,,
NJH2015_TMT Pool 131/130_C (Exercise/Basal) (normalized),,
NJH2024_Sub2_HIIT_Mid,,
AMK2021_45I_p3,0.5297170340095355,
NJH2024_Sub13_HIIT_Mid,,
DB2022_LFQ intensity R1.2,,
DB2022_Intensity R1,,
NJH2024_Sub12_MICT_Mid,,
KTGR2014_Ratio M L Normalized Rep1_Rapamycin_0_15,,
UK2020_HCM_4,,
SAS2015_AZD/DMSO_Exp2,,
IMM2018_normalised rep. int. CDK5L-1,,
DB2022_LFQ intensity L2.2,,
KTGR2014_Ratio H M Normalized Rep1_AA_starvation_0_15,,
EP2017_Mitotic R#1 log2 ratio,0.5245141400630854,0.39535220569496726
EJN2021_2_Ex_Basal,,
RM2009_Ratio H/L Normalized by Corresponding Protein Level (H:60 min timepoint;L:0 min. timepoint),,
KTGR2014_Ratio-Rapa 30 mins,,
CKC2017_log2 normalized phosphoproteomics_90min_rep#1,0.5319339358910751,
CF2017_FTE 16,0.5294788454225926,0.40448703722887275
AR2021_L41 10 μM,0.5435174448590241,0.42022220992992865
CF2017_EOC 2,0.5292522681459664,0.3915988762498959
RB2022_6_PostEndurance,,
AH2018_SILAC_1_N,0.5270948698368298,0.40038114779250034
NJH2024_Sub10_HIIT_Pre,,
AS2011_Ratio H/L Inhi_1_2,,
UK2020_HCM_6,,
RB2022_7_PreSprint,,
NJH2024_Sub2_MICT_Pre,,
HS2024_3_PD_T2,,
CK2022_6 16-1,,
ZX2022_CB treated Replicate 1,0.5431012626214229,0.4173374193443855
BS2014_Log2(Ratio H/L normalized Rep_3),,
TM2022_mock.12h.C,,
GRW2016_Ratio M/L normalized SILAC 5a___1,,
HH2022_Reporter intensity 0,0.5250510495891726,0.3975800560394293
RM2024_Intensity D2-2___2,,
JC2019_Normalised_intensity_B_TiOx_Testis_sample_URO0126,,
RB2022_1_PreStrength,,
JJ2018_Ratio H/M normalized pP2___2,,
AH2018_TMTMS2_2_X,0.5431550083608755,0.41591230162329534
AR2021_L41 1 μM,0.5347469717875563,0.41140887025416867
JJ2018_Ratio H/M normalized pP1___2,,
AH2018_TMTMS2_1_N,0.5473306821072421,0.41933792054877195
NJH2025_Sub10_MICT_Pre,,
JVO2010_Ratio H/M Normalized by Protein Noco45 - Log2 early S,,
ZX2022_Control Replicate 3,0.5448300664227242,0.41770926553235865
KS2014_Intensity C4,0.5251516599993522,0.41370840666969894
AS2011_Ratio H/L Inhi_2,,
KBE2022_Log2_Ex_18_T,0.5205067363772838,0.4016360352839616
NJH2025_Sub9_MICT_Pre,,
RCJD2014_20min_1,0.5218352968769076,
MV2014_Ratio H/M normalized B2___1 (5 min),,
FSO2013_Ratio M/L normalized Rep2___3,,
JC2019_Normalised_intensity_C_TiOx_Testis_sample_URO0158,,
SR2019_MCF10A_Biol_repl_3,,
HS2024_7_B_T2,,
SAS2015_PLX/DMSO_Exp3,,
AMK2021_Ctrl_p5,0.5222054589824242,
NJH2025_Sub2_HIIT_Mid,,
AH2018_LFQ_M_3_C,0.5244903730136267,0.3976977650701003
CKC2017_log2 normalized phosphoproteomics_15min_rep#2,0.529943725834737,
YA2020_Reporter_intensity_Cancer_No.2,0.5441817866269264,
FSO2013_Ratio H/M normalized Rep2___3,,
RB2022_8_PreSprint,,
AH2018_SILAC_IT_3_C,0.5260814552716838,0.3993991966474921
WZ2023_Pu_025_10min,0.5293606937421637,0.4067234504208601
RM2024_Intensity D2-2___3,,
AS2011_Ratio H/L_1,,
RCJD2014_10min_3,0.5588947962485974,
FSO2013_Ratio M/L normalized Rep3___1,0.5420985460007421,
SR2019_JIMT1_Biol_repl_4,0.5278909861991703,
YP2020_Intensity C10_R2_mult_log2,,
ZCP2016_Ratio H/L Rep 2,,
CF2017_EOC 4,0.5254742586468935,0.39643213576558717
JJ2018_Ratio H/L normalized pP1___1,,
WZ2023_Pe_010_30min,0.5278546983560657,0.40301787611555967
MV2014_Ratio L/M normalized B2___3 (30 min),,
AH2018_LFQ_IT_3_N,0.5303478286747251,0.4019355602749286
KS2014_Intensity C6,0.5270470268420089,0.4103238259504278
ZQ2022_N3,0.5317143016285824,0.40363523957209974
HW2015_Ratio H/L normalized Exp1,,
CK2022_12 40-1,,
NJH2024_Sub7_MICT_Pre,,
ZX2022_Control Replicate 1,0.551025623540768,0.41925574390136017
JJ2018_Ratio H/M normalized pP1,,
CK2022_16 40-1,,
AH2018_SILAC_IT_2_C,0.5239974204356962,0.40113293223481405
CK2022_5 40-1,,
AH2018_LFQ_3_X,0.5278770201561592,
UK2020_UA_3,,
LY2019_P7-,0.5302257893308114,0.4175262890465759
GF2025_P5_Adh,0.5598101112552432,0.42413893983578327
RB2022_1_PostStrength,,
JAW2011_Ratio H/L LS1b,,
FSO2013_Ratio H/L normalized Rep3___1,0.5271176565061033,
SR2019_HCC1954_Biol_repl_3,0.5310581317207528,
CR2017_Ratio Replicate 2.2,0.5363580076594807,
VOI2024_0.1uM 2 h_1 mono,,
MV2014_Ratio L/M normalized A2___1 (10 min),,
RNJ2017_Log2_ratio_Tsup:Tstim_D3,,
CK2022_11 16-1,,
ZQ2022_C1,0.5290621708817681,0.4243881392270214
CR2017_Ratio Replicate 2.1,0.5296442999163263,0.4061263256823006
PG2020_Intensity CT_B,0.5166209991066969,
JJ2018_Ratio M/L normalized___2,,
AH2018_SILAC_MR_1_N,0.5270533264896339,0.3955273693854863
KS2014_Intensity pY_E5_1,,
JW2021_Before_3,,
NJH2015_iTRAQ Subject 2 117/116 (Exercise/Basal) (normalized),,
MV2014_Ratio M/H normalized B3___3 (30 min),,
FS2019_db/db1,,
NJH2025_Sub9_HIIT_Pre,,
JAW2011_Ratio H/L_1,,
RCJD2014_20min_3,0.5505126846425227,
AH2018_LFQ_3_C,0.5177474896939122,
JJ2018_Ratio M/L normalized pP3___2,,
AMK2021_45I_p1,0.5275206424349193,
NJH2025_Sub8_HIIT_Post,,
AH2018_LFQ_M_3_X,0.5251080550753182,
YA2020_Reporter_intensity_Cancer_No.4,0.5412787990342062,
KS2014_Intensity pY_E5_2,,
FSO2013_Ratio H/L normalized Rep1___3,,
GF2025_P4_Sph,0.5292016027325747,0.41749257974672077
RB2022_2_PreEndurance,,
JW2021_Before_1,,
KBE2022_Log2_Ex_25_T,,
AS2011_Ratio H/L Normalized by Proteins Inhi_2,,
MV2014_Ratio L/M normalized A2___2 (10 min),,
JJ2018_Ratio M/L normalized___1,,
FR2021_Intensity.H,,
CK2022_14 16-1,,
AST2020_anti-CD3+PDL2,,
MV2014_Ratio M/L normalized B1___1 (5 min),,
KBE2022_Log2_Ex_19_T,0.5285491367206099,
KS2014_Intensity pY_N1,,
RB2022_1_RecoveryEndurance,,
FSO2013_Ratio H/M normalized Rep1___2,0.5427325815478208,
HS2024_8_I_T1,,
NJH2015_iTRAQ Subject 1 115/114 (Exercise/Basal) (normalized),,
EP2017_Mitotic R#2 log2 ratio,0.5201121195120666,0.39466379769951887
AH2018_TMTMS2_1_X,0.5466449596359012,0.418595024813083
KTGR2014_Ratio M L Normalized Rep2_AA_starvation_0_15,,
ZCP2016_Ratio H/L Rep 3,,
AS2011_Ratio H/L Normalized RNAi_1_3,,
SR2019_MCF10A_Biol_repl_1,,
NJH2025_Sub8_MICT_Mid,,
EJN2021_5_Ex_Ins,,
HS2024_6_I_N2,,
HH2022_Reporter intensity 4,0.5359045554307222,
RBK2021_1326T Late,,
TM2022_mock.12h.B,,
NJH2024_Sub12_MICT_Pre,,
RCJD2014_15min_3,0.544798426905972,
MV2014_Ratio L/H normalized B3___2 (5 min),,
LG2023_Control-3_intensity,0.5347253586356784,
JJ2018_Ratio H/L normalized pP3___2,,
CF2017_FTE 15,0.5286879992642715,0.3898772659940466
HS2024_4_I_T3,,
AH2018_SILAC_1_X,0.524905548990228,0.40223095777775236
PG2020_Intensity 10h_B,,
AH2018_TMTMS3_1_X,0.5362980503682301,0.4150919409313458
CF2017_FTE 14,0.5304836164364976,
NJH2024_Sub13_HIIT_Post,,
RM2024_Intensity D6-3___3,,
NJH2025_Sub7_HIIT_Pre,,
RBK2021_1259T Early,,
RKK2015_IKK+TNF-α/IKKb,,
FSO2012_Ratio -/+ 3-MB-PP1 exp. as1b,,
PG2020_Intensity 6h_A,0.5209253547222423,0.4046318390784745
SR2019_HCC1419_Biol_repl_3,0.5349469794626507,
KBE2022_Log2_Ex_14_T,0.5288253616694794,
EP2017_Untreated R#2 normalized log2 ratio,0.5322011193033547,0.4248805244746423
RM2024_Intensity D0-2___1,,
DB2022_Intensity L1,,
LY2019_P5+,0.5478177724305787,0.41958486061723793
HS2024_5_I_N2,,
SAS2015_PLX/AZD_Exp3,,
EP2017_Pervanadate R#2 log2 ratio,0.5325133229663561,0.39960240447463774
AS2011_Ratio H/L Normalized RNAi_2_1,,
