DatasetName,FLOT1_S(19) FLOT1_S(385) FLOT1_T(387) FLOT1_Y(121) FLOT1_Y(203),FLOT1_S(377) FLOT1_S(407) FLOT1_T(50) FLOT1_Y(198),FLOT1_S(163) FLOT1_S(2512) FLOT1_Y(175) FLOT1_Y(190)
RM2024_Intensity D4-1___3,,,
RB2022_4_PostEndurance,,,
FSO2013_Ratio M/L normalized Rep3,,,
SR2019_MCF7_Biol_repl_3,0.4975283944576875,,
RKK2015_IKKb(K44M)+TNF-α/IKKb(K44M),,,
SR2019_LM2_Biol_repl_1,,,
RCJD2014_15min_1,,,
AS2011_Ratio H/L Normalized by Proteins Inhi_1,,,
CK2022_7 16-1,,,
NJH2025_Sub12_HIIT_Mid,,,
AH2018_LFQ_IT_1_C,,,
RKK2015_TNF-α/basal,,,
JJ2018_Ratio H/M normalized pP2,,,
NJH2025_Sub12_MICT_Pre,,,
NJH2025_Sub7_MICT_Post,,,
DL2023_control-3,,,
ZX2022_Control Replicate 2,,,
HS2024_6_B_T3,,,
JW2015_Intensity pre1,,,
IMM2018_normalised rep. int. Empty-3,,,
AMK2021_30R_p5,,,
FSO2013_Ratio M/L normalized Rep1,,,
SR2019_MDAMB231_Biol_repl_4,,,
GF2025_P2_Sph,,,
FSO2012_Ratio -/+ 3-MB-PP1 exp. wt2b,,,
NJH2025_Sub13_HIIT_Mid,,,
CP2009_Ratio M/L,,,
NJH2025_Sub7_HIIT_Post,,,
KBE2022_Log2_Ex_44_T,,,
DB2022_Intensity L2,,,
TM2022_mock.4h.C,,,
AST2020_anti-CD3.2,,,
CW2012_10 µM Erl/control Experiment 1 Replicate B,,,
HS2024_7_B_N1,,,
FSO2013_Ratio M/L normalized Rep1___1,,,
SAS2015_AZD/DMSO_Exp3,,,
RM2024_Intensity D0-2___3,,,
RM2024_Intensity D6-1,,,
RB2022_8_RecoverySprint,,0.4085878414563561,
RB2022_5_PreEndurance,,,
CKC2017_log2 normalized phosphoproteomics_30min_rep#2,,,
EP2017_Untreated R#4 normalized log2 ratio,0.480428647131557,,0.5415137492687487
WZ2023_Pu_010_30min,0.48646887811771966,,
AS2011_Ratio H/L Proteins RNAi_2,,,
RB2022_4_PreStrength,,,
NJH2024_Sub4_MICT_Post,,,
AH2018_LFQ_M_1_X,0.4849751890393743,0.3909715261595702,
RB2022_8_RecoveryEndurance,,,
KBE2022_Log2_Ex_14_U,,,
FSO2013_Ratio M/L normalized Rep3___3,,,
AH2018_TMTMS3_1_C,0.5137608037434627,0.4006842892092045,
JJ2018_Ratio H/L normalized___1,,,
ZQ2022_C2,0.47781402427174396,,
RB2022_5_PreSprint,,,
PG2020_Intensity 8h_C,,,
AH2018_SILAC_MR_2_N,,0.3677204774591466,
MV2014_Ratio M/L normalized A1___2 (2 min),,,
TM2022_S2.8h.B,,,
MV2014_Ratio M/H normalized B3___1 (30 min),,,
FSO2012_Ratio -/+ 3-MB-PP1 exp. as4a,,,
RNJ2017_Log2_ratio_Tsup:Tstim_D2,,,
RM2024_Intensity D6-1___2,,,
NJH2025_Sub7_MICT_Mid,,,
LY2019_P1+,0.4888035224417397,,
AS2011_Ratio H/L Proteins Inhi_2,,,
BS2014_Log2(Ratio H/L normalized),,,
UK2020_HCM_2,0.495968678890657,,
FSO2013_Ratio H/L normalized Rep2___2,,,
EP2017_Pervanadate R#3 normalized log2 ratio,0.49010245054329865,,0.6961337809485296
RM2024_Intensity D4-3___3,,,
RB2022_5_PreStrength,,,
NJH2024_Sub4_MICT_Mid,,,
TM2022_S2.4h.A,,,
RB2022_5_PostStrength,,,
GF2025_P6_Sph,,,
RB2022_2_PreSprint,,,
ZX2022_CB treated Replicate 3,,,
RM2024_Intensity D6-2___3,,,
WZ2023_Pe_025_10min,0.4928366971804792,,
AS2011_Ratio H/L Normalized by Proteins RNAi_1,,,
AST2020_anti-CD3+PDL2.1,,,
KBE2022_Log2_Ex_34_U,,,
WZ2023_Pu_005_10min,0.48142630199377806,,
AS2011_Ratio H/L RNAi_2_1,,,
NJH2024_Sub9_HIIT_Mid,,,
CK2022_9 40-1,,,
KTGR2014_Ratio H L Normalized Rep1_Rapamycin_0_15,,,
LG2023_GSK3α-1_intensity,,,
WZ2023_Pu_025_30min,0.4825763957341054,,
AH2018_SILAC_MR_2_X,,0.35687949881045317,
HS2024_4_PD_T2,,,
NJH2024_Sub4_HIIT_Pre,,,
RB2022_2_RecoverySprint,,,
AS2011_Ratio H/L Protein RNAi_1,,,
RM2024_Intensity D2-1___2,,,
CR2017_Ratio Replicate 1.4,,,
FR2021_Norm.Intensity.B,,,
RM2024_Intensity D6-2___1,,,
YC2018_Log2(SKBR3-LR/SKBR3)_Rep.2-1,,,
RB2022_5_PostSprint,,,
EJN2021_3_Rest_Basal,,,
CR2017_Ratio Replicate 1.3,,,
AS2011_Ratio H/L Normalized by Protein RNAi_2,,,
KTGR2014_Ratio-Rapa 7 mins,,,
AMK2021_120R_p1,,,
AH2018_SILAC_3_X,,,
JJ2018_Ratio M/L normalized pP3,,,
AH2018_SILAC_M_2_N,,,
HS2024_7_PD_T2,,,
FSO2013_Ratio H/L normalized Rep1___1,,,
AH2018_LFQ_1_C,,0.38816859359317235,
AS2011_Ratio H/L Normalized Inhi_1_3,,,
KBE2022_Log2_Ex_28_T,,,
HS2024_3_B_N1,,,
RM2024_Intensity D4-2___3,,,
WZ2023_Pe_025_30min,0.4917356557098911,,
CK2022_11 40-1,,,
CW2012_10 µM Erl/control Experiment 3 Replicate B,,,
AH2018_SILAC_2_X,,,
MV2014_Ratio H/M normalized A2___2 (2 min),,,
AS2011_Ratio H/L RNAi_1_2,,,
KS2014_Intensity E15_1,0.4855079142211919,,
FSO2013_Ratio H/L normalized Rep2,,,
WZ2023_Pu_005_20min,0.4873101605311776,,
NJH2024_Sub10_MICT_Post,,,
RM2024_Intensity D2-3___1,,,
CR2017_Ratio Replicate 1.5,,,
CW2012_10 µM Gef/control Experiment 2 Replicate B,,,
HS2024_7_B_T3,,,
CKC2017_log2 normalized phosphoproteomics_60min_rep#1,,,
AS2011_Ratio H/L RNAi_1,,,
JC2019_Normalised_intensity_A_TiOx_Testis_sample_URO0059,,,
AH2018_LFQ_M_1_C,0.47578804383256346,0.39981324810646907,
NJH2025_Sub7_MICT_Pre,,,
SR2019_SKBR3_Biol_repl_2,0.5103238004268713,,
HS2024_9_B_T2,,,
KTGR2014_Ratio-AA 7 mins,,,
MV2014_Ratio L/H normalized B3___3 (5 min),,,
HS2024_3_PD_T1,,,
FSO2013_Ratio M/L normalized Rep3___2,,,
SR2019_BT549_Biol_repl_3,,,
RCJD2014_20min_mean,,,
FR2021_Norm.Intensity.H,,,
RB2022_2_PreStrength,,,
DB2022_LFQ intensity L1.2,,,
HS2024_4_B_N1,,,
KTGR2014_Ratio H M Normalized Rep2_Rapamycin_0_15,,,
CK2022_1 16-1,,,
CK2022_1 200-1,,,
PG2020_Intensity Mock_10h_D,,,
SR2019_MCF10A_Biol_repl_2,0.4676722282449678,,
JJ2018_Ratio M/L normalized pP2___2,,,
HS2024_6_PD_T1,,,
JVO2010_Ratio M/L Normalized by Protein ThymON - Log2 G1/S,,,
RB2022_6_RecoveryEndurance,,0.3708832205132206,
FSO2012_Ratio -/+ 3-MB-PP1 exp. wt3b,,,
EP2017_Mitotic R#2 normalized log2 ratio,0.4916416796187635,,0.5399323504536263
RCJD2014_5min_1,,,
RM2024_Intensity D4-1___1,,,
DL2023_24h-1,,,
YC2018_Log2(SKBR3-LR/SKBR3)_Rep.1-1,,,
FSO2012_Ratio -/+ 3-MB-PP1 exp. as2b,,,
TM2022_S2.4h.C,,,
SAS2015_PLX/AZD_Exp2,,,
CR2017_Ratio Replicate 3.3,,,
PG2020_Intensity 2h_C,,,
VOI2024_Veh2 di,,,
ZX2022_CB treated Replicate 2,,,
KBE2022_Log2_Ex_8_T,,,
NJH2025_Sub10_MICT_Post,,,
HS2024_6_I_T3,,,
RN2012_L11,,,
AS2011_Ratio H/L Normalized Inhi_2_2,,,
IMM2018_normalised rep. int. Empty-1,,,
HS2024_5_PD_T1,,,
AH2018_LFQ_M_2_C,,,
CK2022_3 40-1,,,
RBK2021_1260T Early,,,
NJH2024_Sub4_HIIT_Post,,,
HS2024_4_I_T1,,,
YA2020_Reporter_intensity_Cancer_No.5,0.4799379737060209,0.40089429464417903,
HH2022_Reporter intensity 8,,,
ZQ2022_N2,0.5082128692750468,,
FSO2012_Ratio -/+ 3-MB-PP1 exp. wt1b,,,
FSO2013_Ratio H/L normalized Rep3___3,,,
AH2018_TMTMS3_2_N,0.48738666117642504,0.41831337921305967,
EJN2021_5_Rest_Basal,,,
NJH2025_Sub2_HIIT_Post,,,
NJH2025_Sub1_MICT_Post,,,
HS2024_9_B_T1,,,
FSO2012_Ratio -/+ 3-MB-PP1 exp. wt1a,,,
JAW2011_Ratio H/L LS2_1,,,
JVO2010_Log2 Ratio H/M Normalized aphidicolin,,,
NJH2024_Sub6_HIIT_Pre,,,
AH2018_SILAC_3_N,,,
YA2020_Reporter_intensity_Normal_No.1,0.47310614533795786,0.4024656956459486,
HS2024_3_B_T1,,,
JJ2018_Ratio H/L normalized___2,,,
RM2024_Intensity D0-2,,,
MV2014_Ratio M/L normalized B1___2 (5 min),,,
RB2022_7_PostStrength,,0.37364873852971897,
RB2022_1_PostEndurance,,,
CR2017_Ratio Replicate 3,,,
SR2019_Hs578T_Biol_repl_3,,,
MV2014_Ratio L/H normalized B3___1 (5 min),,,
RBK2021_1244T Early,,,
RB2022_3_PostSprint,,,
NJH2024_Sub13_MICT_Mid,,,
KTGR2014_Ratio-AA 2 mins,,,
GF2025_P7_Sph,,,
HS2024_8_I_T3,,,
CF2017_EOC 3,0.49299319243291234,,
LATM2013_Normalized Log2 Ratio (Medium/Light) Forward,,,
HS2024_6_PD_T3,,,
DL2023_12h-2,,,
RM2024_Intensity D6-3___1,,,
FS2019_Ctr1,,,
WZ2023_Pu_010_20min,0.48530022193367833,,
AS2011_Ratio H/L_3,,,
CK2022_1 40-1,,,
RNJ2017_Log2_ratio_Tsup:Trest_D1,,,
CK2022_8 16-1,,,
KS2014_Intensity N3,,,
RB2022_4_RecoveryEndurance,,,
RB2022_5_RecoveryEndurance,,,
JAW2011_Ratio H/L LS1a_2,,,
NJH2024_Sub12_HIIT_Mid,,,
AH2018_LFQ_IT_1_N,,,
FSO2013_Ratio H/M normalized Rep2,,,
RAM2015_Log2 A,,,
HS2024_8_PD_T1,,,
JJ2018_Ratio H/L normalized pP2,,,
CF2017_OSE 27,,,
KS2014_Intensity E15_2,0.4913941527162802,,
BS2014_Log2(Ratio H/L protein),,,
PG2020_Intensity 8h_A,,,
HS2024_7_I_T1,,,
VOI2024_Veh3 di,,,
RKK2015_TNF-α+SC-514/basal,,,
SR2019_JIMT1_Biol_repl_1,0.47350805937622836,,
HW2015_Ratio H/L normalized Exp2,,,
HS2024_3_I_N1,,,
AH2018_SILAC_M_3_X,,,
NJH2024_Sub9_HIIT_Post,,,
AS2011_Ratio H/L RNAi_1_3,,,
GRW2016_Ratio H/L normalized SILAC 1___2,,,
NJH2025_Sub1_HIIT_Pre,,,
YC2018_Log2(SKBR3-LR/SKBR3)_Rep.1-2,,,
NJH2024_Sub4_HIIT_Mid,,,
VOI2024_0.1uM 2 h_1 di,,,
KBE2022_Log2_Ex_6_T,,,
RM2024_Intensity D4-3___1,,,
AH2018_LFQ_4_X,,0.37066939493342616,
AS2011_Inhi 2_Ratio H/L normalized by corresponding protein level (H:TAL treatment; L: MA treatment),,,
RB2022_8_PostEndurance,,0.37687993309172285,
NJH2025_Sub4_MICT_Mid,,,
YP2020_Intensity C30_R1_mult_log2,,,
AST2020_anti-CD3.1,,,
NJH2025_Sub4_HIIT_Post,,,
EP2017_Untreated R#4 log2 ratio,0.48035150072170607,,0.5413313149479893
HS2024_6_B_N1,,,
KBE2022_Log2_Ex_27_T,,,
CW2012_10 µM Gef/control Experiment 1 Replicate A,,,
VOI2024_0.1uM 24 h_1 mono,,,
AMK2021_120R_p5,,,
AS2011_Ratio H/L Proteins,,,
NJH2024_Sub7_HIIT_Post,,,
NJH2015_TMT Subject 1 127_N/126 (Exercise/Basal) (normalized),,,
AS2011_Ratio H/L RNAi_2_2,,,
RB2022_7_RecoveryStrength,,0.37579554956666444,
AH2018_SILAC_IT_3_X,,,
JAW2011_Ratio H/L,,,
PG2020_Intensity 10h_C,0.46531349093140156,,
FSO2013_Ratio M/L normalized Rep2,,,
CP2009_Ratio H/M Normalized (50 nM dasatinib vs 5 nM dasatinib),,,
HH2022_Reporter intensity 5,,0.3942709116196257,
SR2019_HCC1954_Biol_repl_2,0.5051107343020933,,
CK2022_14 40-1,,,
RB2022_6_PreSprint,,0.3638048346818701,
NJH2025_Sub12_MICT_Mid,,,
PG2020_Intensity 4h_D,,,
NJH2025_Sub2_MICT_Post,,,
AH2018_LFQ_4_C,0.4727346067695691,0.35830870318207914,
DL2023_control-1,,,
AR2021_ALG 10 μM,0.5888501615119673,,
JAW2011_Ratio H/L LS2_2,,,
AH2018_SILAC_IT_3_N,,,
EJN2021_4_Rest_Ins,,,
RN2012_H05,,,
NJH2024_Sub7_HIIT_Mid,,,
GF2025_P2_Adh,,,
FSO2012_Ratio -/+ 3-MB-PP1 exp. as4b,,,
RB2022_8_PostSprint,,,
EJN2021_1_Rest_Ins,,,
HH2022_Reporter intensity 3,,0.3896390406110532,
FSO2012_Ratio -/+ 3-MB-PP1 exp. wt4b,,,
AH2018_SILAC_IT_1_C,,,
JW2021_After_3,,,
GF2025_P8_Sph,,,
FSO2012_Ratio -/+ 3-MB-PP1 exp. wt4,,,
JJ2018_Ratio M/L normalized pP2___1,,,
AH2018_SILAC_2_N,,,
CK2022_11 200-1,,,
CK2022_12 200-1,,,
AS2011_Ratio H/L Normalized by Protein RNAi_1,,,
RM2024_Intensity D2-1___3,,,
NJH2024_Sub1_MICT_Pre,,,
HH2022_Reporter intensity 9,,,
WZ2023_Su_010_20min,0.49035185559473166,,
AH2018_TMTMS2_2_N,0.5152955927047269,0.40103451075205565,
NJH2024_Sub13_MICT_Pre,,,
KBE2022_Log2_Ex_41_U,,,
NJH2015_TMT Subject 3 129_N/128_C (Exercise/Basal) (normalized),,,
AH2018_TMTMS3_Pool,0.49824419850905777,0.4161139950929576,
KS2014_Intensity N4,,,
NJH2024_Sub1_HIIT_Post,,,
MM2018_Ratio H/L replicate2,,,
RM2024_Intensity D4-2___2,,,
NJH2024_Sub13_HIIT_Pre,,,
CF2017_OSE 26,,,
CK2022_14 200-1,,,
SR2019_Hs578T_Biol_repl_1,0.4575283099049431,,
RB2022_7_PostSprint,,0.39535801532570114,
TM2022_mock.4h.A,,,
NJH2025_Sub12_HIIT_Pre,,,
AH2018_TMTMS3_1_N,0.5051214501765602,0.42087124295401585,
AST2020_anti-CD3+PDL2.2,,,
PG2020_Intensity Mock_10h_A,,,
JW2021_After_2,,,
NJH2024_Sub2_MICT_Post,,,
EJN2021_2_Rest_Ins,,,
SR2019_LM2_Biol_repl_4,,,
CP2009_Ratio H/M,,,
JAW2011_Ratio H/L HS,,,
CK2022_13 16-1,,,
GF2025_P1_Adh,,,
GF2025_P1_Sph,,,
EJN2021_5_Ex_Basal,,,
HS2024_7_I_T3,,,
JJ2018_Ratio H/L normalized pP2___2,,,
WZ2023_Pe_010_10min,0.4838662021806444,,
CF2017_EOC 1,0.5106714889619004,,
CK2022_3 200-1,,,
AH2018_LFQ_IT_3_C,,,
SR2019_Hs578T_Biol_repl_2,0.4754093851257273,,
NJH2024_Sub12_HIIT_Post,,,
JJ2018_Ratio H/L normalized pP1___2,,,
MV2014_Ratio H/L normalized A1___2 (10 min),,,
NJH2024_Sub10_MICT_Mid,,,
NJH2024_Sub13_MICT_Post,,,
BS2014_Log2(Ratio H/L normalized Rep_1),,,
RB2022_3_RecoverySprint,,,
NJH2025_Sub1_HIIT_Mid,,,
RCJD2014_20min_2,,,
FSO2012_Ratio -/+ 3-MB-PP1 exp. wt2,,,
HS2024_6_PD_T2,,,
HS2024_5_B_T1,,,
CW2012_10 µM Gef/control Experiment 2 Replicate A,,,
DL2023_12h-3,,,
SR2019_MDAMB231_Biol_repl_2,,,
HS2024_3_B_T2,,,
RB2022_6_PreStrength,,0.4118970349995586,
CK2022_2 40-1,,,
RB2022_1_PostSprint,,,
CK2022_4 200-1,,,
JW2021_Before_2,,,
TM2022_S2.12h.A,,,
MV2014_Ratio L/M normalized B2___2 (30 min),,,
CK2022_5 16-1,,,
AR2021_ALG 1 μM,0.5447141792465597,,
HS2024_4_B_T1,,,
MV2014_Ratio M/H normalized A3___1 (10 min),,,
SR2019_BT549_Biol_repl_4,0.47314455654720183,,
EJN2021_1_Rest_Basal,,,
NJH2025_Sub8_MICT_Post,,,
RCJD2014_5min_3,,,
CR2017_Ratio Replicate 3.2,,,
FSO2012_Ratio -/+ 3-MB-PP1 exp. as3a,,,
GF2025_P7_Adh,,,
CK2022_9 16-1,,,
NJH2024_Sub6_HIIT_Post,,,
AMK2021_30R_p3,,,
AS2011_Ratio H/L Normalized RNAi_2,,,
RM2024_Intensity D0-2___2,,,
KS2014_Intensity pY_N4,,,
CK2022_13 200-1,,,
AS2011_Ratio H/L Normalized_2,,,
PG2020_Intensity 6h_D,0.43892686880018805,,
CK2022_16 16-1,,,
FS2019_db/db3,,,
CK2022_15 40-1,,,
NJH2024_Sub9_MICT_Pre,,,
BS2014_Log2(Ratio H/L unmodified peptide),,,
WZ2023_Su_005_10min,0.4856068132574646,,
RM2009_Ratio M/L (M:15 min timepoint;L:0 min. timepoint),,,
KBE2022_Log2_Ex_41_T,,,
AMK2021_Ctrl_p1,,,
AH2018_LFQ_IT_3_X,,,
HS2024_5_PD_T3,,,
AH2018_TMTMS3_3_X,0.49971236854404866,0.41855686851057466,
FSO2012_Ratio -/+ 3-MB-PP1 exp. as2,,,
KBE2022_Log2_Ex_40_U,,,
AH2018_LFQ_M_1_N,,0.3964671085403791,
KBE2022_Log2_Ex_27_U,,,
HW2015_Ratio M/L normalized Exp3,,,
RKK2015_TNF-α/IKKb(K44M),,,
AH2018_SILAC_M_1_N,0.4793663970015958,,
HW2015_Ratio M/L normalized Exp1,,,
RB2022_5_RecoveryStrength,,,
YP2020_Intensity P10_R1_mult_log2,,,
RB2022_7_PreStrength,,,
YA2020_Reporter_intensity_Normal_No.4,0.48213903349451714,0.3942912321860399,
NJH2025_Sub13_HIIT_Pre,,,
PG2020_Intensity CT_D,,,
NJH2025_Sub9_MICT_Post,,,
VOI2024_Veh1 mono,,,
CK2022_12 16-1,,,
RN2012_L13,,,
LG2023_Control-1_intensity,,,
RM2024_Intensity D6-3___2,,,
KBE2022_Log2_Ex_8_U,,,
SR2019_SKBR3_Biol_repl_3,0.5072653191845571,,
NJH2024_Sub1_MICT_Post,,,
HS2024_3_I_T2,,,
KTGR2014_Ratio M L Normalized Rep2_Rapamycin_0_15,,,
RM2024_Intensity D0-3___3,,,
HS2024_6_I_T2,,,
CW2012_10 µM Erl/control Experiment 2 Replicate B,,,
AS2011_Ratio H/L Protein Inhi_1,,,
FSO2013_Ratio H/M normalized Rep2___1,,,
GRW2016_Ratio M/L normalized SILAC 5a___2,,,
CK2022_10 40-1,,,
NJH2024_Sub12_HIIT_Pre,,,
NJH2024_Sub8_MICT_Pre,,,
RM2024_Intensity D0-1___1,,,
LY2019_P3+,0.49471885863452847,,
HH2022_Reporter intensity 6,,,
RB2022_2_RecoveryStrength,,,
KTGR2014_Ratio-AA 15 mins,,,
AS2011_Ratio H/L Normalized RNAi_2_2,,,
KS2014_Intensity pY_N3,,,
MV2014_Ratio H/L normalized B1___2 (30 min),,,
LY2019_P5-,0.4920441963988452,,
HW2015_Ratio M/L normalized Exp2,,,
SR2019_HCC1419_Biol_repl_1,0.49371158741363014,,
AH2018_TMTMS2_3_X,0.5149247210620442,0.40673882319890536,
GF2025_P3_Adh,,,
SR2019_JIMT1_Biol_repl_2,0.4807820147741193,,
AH2018_TMTMS2_1_C,0.5198385382713644,0.4034931362168126,
RM2024_Intensity D0-1___2,,,
LY2019_P4+,0.520933054918428,,
KBE2022_Log2_Ex_19_U,,,
CKC2017_log2 normalized phosphoproteomics_0min_rep#1,,,
RB2022_4_PostStrength,,,
LG2023_GSK3α-3_intensity,,,
YA2020_Reporter_intensity_Cancer_No.1,0.4955349752229246,0.41228134919297715,
AST2020_Control,,,
JAW2011_Ratio H/L LS1a,,,
RCJD2014_5min_mean,,,
NJH2015_iTRAQ Subject 4 114/115 (Exercise/Basal) (normalized),,,
NJH2025_Sub1_MICT_Mid,,,
TM2022_S2.12h.C,,,
NJH2025_Sub9_MICT_Mid,,,
CKC2017_log2 normalized phosphoproteomics_120min_rep#2,,,
AS2011_Ratio H/L Normalized Inhi_1_2,,,
FSO2013_Ratio M/L normalized Rep2___1,,,
LG2023_Control-2_intensity,,,
NJH2024_Sub8_HIIT_Pre,,,
KS2014_Intensity pY_N2,,,
RB2022_5_RecoverySprint,,,
RB2022_7_RecoverySprint,,,
YA2020_Reporter_intensity_Normal_No.3,0.48165393183584565,0.40683969457179736,
HS2024_8_B_T2,,,
AH2018_LFQ_1_X,,0.37713725118865216,
RM2024_Intensity D6-1___1,,,
RCJD2014_10min_2,,,
FR2021_Norm.Intensity.M,,,
RM2024_Intensity D0-3___1,,,
KS2014_Intensity N2,,,
HH2022_Reporter intensity 1,,0.3883611121405194,
HH2022_Reporter intensity 2,,0.38956915221884153,
RM2024_Intensity D6-2___2,,,
FSO2012_Ratio -/+ 3-MB-PP1 exp. as1,,,
RM2024_Intensity D2-3___2,,,
YA2020_Reporter_intensity_Normal_No.5,0.4718227384169705,0.3984224771478256,
SR2019_MCF7_Biol_repl_1,0.48944604919503265,,
FSO2012_Ratio -/+ 3-MB-PP1 exp. as1a,,,
HS2024_8_B_T1,,,
NJH2025_Sub6_HIIT_Pre,,,
RNJ2017_Log2_ratio_Tsup:Tstim_D1,,,
EP2017_Untreated R#2 log2 ratio,0.5376883781390579,,0.6805552547192626
SR2019_LM2_Biol_repl_3,,,
RB2022_4_RecoveryStrength,,,
CR2017_Ratio Replicate 2,,,
CW2012_10 µM Erl/control Experiment 2 Replicate A,,,
FSO2013_Ratio H/M normalized Rep3,,,
AR2021_KD 72h,0.49747544427805346,,0.5929017551491096
MV2014_Ratio H/M normalized B2___3 (5 min),,,
KBE2022_Log2_Ex_18_U,,,
AS2011_Ratio H/L Inhi_1_1,,,
NJH2024_Sub8_MICT_Post,,,
AH2018_TMTMS3_3_C,0.5000333777990618,0.41152743206291403,
KBE2022_Log2_Ex_9_U,,,
AH2018_SILAC_M_3_N,,,
KBE2022_Log2_Ex_13_T,,,
RM2024_Intensity D0-3,,,
SR2019_SKBR3_Biol_repl_1,0.5075232283023917,,
PG2020_Intensity Mock_10h_C,,,
CF2017_OSE 29,,,
YB2013_Ratio_H_L_Normalized_in_experiment_1,,,
NJH2025_Sub1_HIIT_Post,,,
DL2023_24h-2,,,
HS2024_7_B_N2,,,
PG2020_Intensity 10h_A,,,
RN2012_L12,,,
MV2014_Ratio M/L normalized B1___3 (5 min),,,
NJH2024_Sub8_MICT_Mid,,,
AH2018_LFQ_IT_4_C,,,
SAS2015_PLX/AZD_Exp1,,,
FR2021_Norm.Intensity.A,,,
FSO2013_Ratio H/M normalized Rep1___1,,,
JW2015_Intensity cap2,,,
BS2014_Log2(Ratio H/L normalized Rep_2),,,
NJH2024_Sub6_MICT_Post,,,
CK2022_8 40-1,,,
RB2022_7_RecoveryEndurance,,0.39066821200714963,
NJH2025_Sub12_HIIT_Post,,,
EJN2021_4_Ex_Basal,,,
TM2022_S2.12h.B,,,
RN2012_L15,,,
KS2014_Intensity pY_PV3,,,
TM2022_S2.4h.B,,,
PG2020_Intensity 4h_A,,,
FSO2013_Ratio H/M normalized Rep2___2,,,
TM2022_mock.4h.B,,,
KBE2022_Log2_Ex_24_U,,,
NJH2025_Sub13_MICT_Mid,,,
KS2014_Intensity C3,0.491512383397799,,
RB2022_1_PreSprint,,,
HS2024_4_I_N1,,,
CK2022_7 200-1,,,
CK2022_5 200-1,,,
CKC2017_log2 normalized phosphoproteomics_120min_rep#3,,,
FSO2013_Ratio H/L normalized Rep2___1,,,
NJH2024_Sub10_HIIT_Mid,,,
RB2022_2_PostEndurance,,,
AH2018_LFQ_2_C,,,
AH2018_SILAC_MR_1_X,,0.38552590074915033,
KTGR2014_Ratio H M Normalized Rep1_Rapamycin_0_15,,,
IMM2018_normalised rep. int. Empty-2,,,
RM2024_Intensity D4-1,,,
KBE2022_Log2_Ex_25_U,,,
AH2018_SILAC_3_C,,,
EJN2021_5_Rest_Ins,,,
VOI2024_0.1uM 24 h_3 di,,,
RNJ2017_Log2_ratio_Tstim:Trest_D3,,,
DB2022_LFQ intensity L2.1,,,
FSO2013_Ratio H/M normalized Rep1,,,
CK2022_4 16-1,,,
AS2011_Ratio H/L,,,
SR2019_MCF7_Biol_repl_4,0.4962778539445991,,
EJN2021_2_Ex_Ins,,,
AS2011_Ratio H/L Inhi_2_3,,,
JAW2011_Ratio H/L LS1a_1,,,
AH2018_LFQ_1_N,,0.3854852250712052,
SAS2015_PLX/DMSO_Exp1,,,
SFR2015_HL_log2_ratio_avg_c,,,
JJ2018_Ratio M/L normalized pP2,,,
NJH2024_Sub7_MICT_Mid,,,
PG2020_Intensity 6h_B,,,
FSO2013_Ratio H/L normalized Rep3,,,
GRW2016_Ratio H/L normalized SILAC 2___2,,,
RKK2015_IKKb(K44M)+TNF-α/TNF-α,,,
JJ2018_Ratio M/L normalized,,,
KTGR2014_Ratio-AA 30 mins,,,
JW2021_After_1,,,
NJH2025_Sub2_MICT_Mid,,,
HS2024_6_B_N2,,,
KBE2022_Log2_Ex_9_T,,,
AH2018_SILAC_IT_2_N,,,
AH2018_SILAC_IT_1_X,,,
HW2015_Ratio H/L normalized Exp3,,,
HS2024_7_PD_T1,,,
UK2020_UA_2,0.5003605346998162,,
RM2024_Intensity D2-1___1,,,
GF2025_P10_Sph,,,
WZ2023_Pe_025_20min,0.4909179501321551,,
JVO2010_Log2 Ratio M/L Normalized aphidicolin,,,
AH2018_LFQ_2_N,,0.3738404327635751,
HS2024_4_I_N2,,,
AH2018_TMTMS2_3_N,0.5159789628348354,0.3991853939350518,
RN2012_H06,,,
AS2011_Inhi 1_Ratio H/L normalized by corresponding protein level (H:TAL treatment; L: MA treatment),,,
HS2024_4_PD_T3,,,
WZ2023_Su_005_30min,0.4840924301861998,,
SR2019_HCC1419_Biol_repl_4,0.5093316330188448,,
JJ2018_Ratio H/M normalized___2,,,
SR2019_JIMT1_Biol_repl_3,0.486830241309493,,
AS2011_Ratio H/L Protein,,,
UK2020_HCM_3,0.4882554615963189,,
NJH2024_Sub10_HIIT_Post,,,
CR2017_Ratio Replicate 3.1,,,
WZ2023_Su_025_10min,0.4883275028870516,,
AH2018_LFQ_IT_4_X,,,
CP2009_Ratio H/L,,,
VOI2024_0.1uM 24 h_3 mono,,,
RB2022_4_RecoverySprint,,,
RM2024_Intensity D6-3,,,
WZ2023_Su_005_20min,0.48696646539559313,,
CW2012_10 µM Gef/control Experiment 1 Replicate B,,,
SFR2015_HL_log2_ratio_avg_a,,,
CW2012_10 µM Erl/control Experiment 3 Replicate A,,,
RB2022_1_PreEndurance,,,
FSO2012_Ratio -/+ 3-MB-PP1 exp. wt3a,,,
LG2023_GSK3α-2_intensity,,,
EP2017_Pervanadate R#1 log2 ratio,0.4890979140839863,,0.7024315852983616
NJH2025_Sub6_HIIT_Post,,,
RB2022_6_RecoverySprint,,,
KS2014_Intensity,0.49125837700877656,,
MV2014_Ratio H/M normalized A2___1 (2 min),,,
PG2020_Intensity 8h_D,,,
LY2019_P7+,0.48258299647229047,,
EP2017_Untreated R#1 normalized log2 ratio,0.5164162266069385,,0.4945415993592693
RN2012_L10,,,
PG2020_Intensity 4h_C,,,
EP2017_Mitotic R#3 normalized log2 ratio,0.49627676723261177,,0.519486228299104
FSO2012_Ratio -/+ 3-MB-PP1 exp. as4,,,
DB2022_LFQ intensity L1,,,
KBE2022_Log2_Ex_24_T,,,
RB2022_8_PostStrength,,0.3910568345684755,
AH2018_SILAC_IT_2_X,,,
HS2024_4_B_T3,,,
NJH2024_Sub2_HIIT_Post,,,
HS2024_8_B_N2,,,
NJH2025_Sub8_HIIT_Pre,,,
JJ2018_Ratio H/L normalized pP2___1,,,
HS2024_8_I_T2,,,
KBE2022_Log2_Ex_6_U,,,
LATM2013_Normalized Log2 Ratio (Light/Medium) Reverse,,,
CR2017_Ratio Replicate 1.1,,,
CKC2017_log2 normalized phosphoproteomics_30min_rep#1,,,
MV2014_Ratio M/H normalized B3___2 (30 min),,,
CK2022_16 200-1,,,
VOI2024_0.1uM 2 h_3 di,,,
EP2017_Mitotic R#1 normalized log2 ratio,0.4949099607860049,,0.552171779862219
GF2025_P9_Sph,,,
CK2022_6 200-1,,,
NJH2024_Sub7_MICT_Post,,,
AH2018_TMTMS3_2_X,0.5018053860680248,0.411821085746462,
NJH2024_Sub8_HIIT_Post,,,
DB2022_LFQ intensity R1,,,
JW2015_Intensity cap3,,,
SR2019_HCC1954_Biol_repl_1,0.5088400853225169,,
HS2024_4_I_T2,,,
NJH2024_Sub2_MICT_Mid,,,
VOI2024_0.1uM 2 h_2 mono,,,
CP2009_Ratio M/L Normalized (5 nM dasatinib vs Ctrl),,,
FSO2012_Ratio -/+ 3-MB-PP1 exp. as3b,,,
HS2024_4_PD_T1,,,
SAS2015_AZD/DMSO_Exp1,,,
NJH2024_Sub1_MICT_Mid,,,
IMM2018_normalised rep. int. CDK5L-3,,,
HS2024_3_B_T3,,,
MV2014_Ratio L/H normalized A3___2 (2 min),,,
NJH2025_Sub13_MICT_Pre,,,
SR2019_MDAMB231_Biol_repl_3,,,
GRW2016_Ratio H/L normalized SILAC 4___1,,,
MM2018_Ratio H/L replicate1,,,
PG2020_Intensity 2h_D,,,
EP2017_Untreated R#3 normalized log2 ratio,0.4778741071650524,,0.55165862440799
MV2014_Ratio M/H normalized A3___3 (10 min),,,
NJH2024_Sub7_HIIT_Pre,,,
JAW2011_Ratio H/L LS2,,,
CK2022_8 200-1,,,
KS2014_Intensity pY_C4,,,
CR2017_Ratio Replicate 3.5,,,
RB2022_7_PostEndurance,,,
NJH2025_Sub4_HIIT_Pre,,,
CKC2017_log2 normalized phosphoproteomics_90min_rep#3,,,
TM2022_mock.12h.A,,,
JJ2018_Ratio H/L normalized pP1,,,
EP2017_Pervanadate R#2 normalized log2 ratio,0.4983000994640676,,0.6925077968443674
AS2011_Ratio H/L Normalized by Protein (Unnormalized),,,
KS2014_Intensity pY_E5_4,,,
RM2024_Intensity D4-3___2,,,
CKC2017_log2 normalized phosphoproteomics_15min_rep#1,,,
AH2018_SILAC_2_C,,,
AS2011_RNAi 2_Ratio H/L normalized by corresponding protein level (H: shPlk1; L: shEg5),,,
HS2024_7_I_N1,,,
KBE2022_Log2_Ex_29_T,,,
HS2024_7_I_T2,,,
AS2011_Ratio H/L Normalized RNAi_2_3,,,
CW2012_10 µM Gef/control Experiment 3 Replicate B,,,
HS2024_6_B_T2,,,
AMK2021_45I_p5,,,
CW2012_10 µM Erl/control Experiment 1 Replicate A,,,
SAS2015_PLX/DMSO_Exp2,,,
EJN2021_1_Ex_Basal,,,
FR2021_Intensity.M,,,
RB2022_2_PostSprint,,,
AH2018_SILAC_MR_3_N,,0.37072421210721906,
MV2014_Ratio H/L normalized B1___3 (30 min),,,
CF2017_FTE 13,0.4866914007225599,,
PG2020_Intensity CT_C,,,
ZCP2016_Ratio H/L Rep 1,,,
FS2019_db/db2,,,
KS2014_Intensity pY_PV4,,,
KBE2022_Log2_Ex_39_U,,,
EP2017_Untreated R#3 log2 ratio,0.4776854607657432,,0.5514922809601872
RB2022_2_PostStrength,,,
AS2011_Ratio H/L Normalized_1,,,
MV2014_Ratio M/H normalized A3___2 (10 min),,,
CR2017_Ratio Replicate 3.4,,,
HS2024_8_PD_T2,,,
FS2019_Ctr2,,,
RB2022_6_PreEndurance,,,
FR2021_Norm.Intensity.G,,,
NJH2025_Sub9_HIIT_Post,,,
CKC2017_log2 normalized phosphoproteomics_0min_rep#3,,,
RM2024_Intensity D4-3,,,
HS2024_8_B_N1,,,
NJH2025_Sub10_MICT_Mid,,,
KBE2022_Log2_Ex_15_U,,,
AS2011_Ratio H/L Normalized Inhi_2,,,
RKK2015_TNF-α/SC-514,,,
RB2022_3_PreSprint,,,
CR2017_Ratio Replicate 2.3,,,
RM2009_Ratio M/L Normalized by Corresponding Protein Level (M:15 min timepoint;L:0 min. timepoint),,,
CP2009_Ratio H/L Normalized (50 nM dasatinib vs Ctrl),,,
GF2025_P4_Adh,,,
YA2020_Reporter_intensity_Normal_No.2,0.4812463471253533,0.4036840169198739,
YP2020_Intensity P30_R2_mult_log2,,,
NJH2025_Sub13_MICT_Post,,,
HS2024_4_B_N2,,,
HS2024_3_PD_T3,,,
AMK2021_120R_p3,,,
MV2014_Ratio L/H normalized A3___3 (2 min),,,
NJH2025_Sub10_HIIT_Pre,,,
FR2021_Intensity.G,,,
RAM2015_Log2 C,,,
AS2011_Ratio H/L Proteins Inhi_1,,,
FSO2013_Ratio H/M normalized Rep1___3,,,
AH2018_LFQ_M_2_N,,0.388462782580421,
MV2014_Ratio M/L normalized A1___3 (2 min),,,
KBE2022_Log2_Ex_40_T,,,
CK2022_2 16-1,,,
RAM2015_Log2 B,,,
YP2020_Intensity C10_R1_mult_log2,,,
FSO2013_Ratio M/L normalized Rep1___2,,,
NJH2025_Sub8_MICT_Pre,,,
EJN2021_4_Rest_Basal,,,
YB2013_Ratio_H_L_Normalized_in_experiment_2,,,
JJ2018_Ratio H/M normalized pP3___1,,,
VOI2024_Veh2 mono,,,
HS2024_6_B_T1,,,
UK2020_HCM_5,0.49267579614331264,,
NJH2025_Sub10_HIIT_Post,,,
VOI2024_0.1uM 2 h_3 mono,,,
JW2015_Intensity pre3,,,
AS2011_Ratio H/L Normalized Inhi_2_1,,,
DL2023_24h-3,,,
HS2024_7_PD_T3,,,
PG2020_Intensity Mock_10h_B,,,
WZ2023_Su_025_30min,0.4886345878393912,,
AH2018_LFQ_4_N,,0.37502647082795626,
CR2017_Ratio Replicate 1.2,,,
AS2011_Ratio H/L Normalized by Proteins,,,
RB2022_6_RecoveryStrength,,0.4277060255970965,
HS2024_8_I_N1,,,
AMK2021_Ctrl_p3,,,
AS2011_Ratio H/L Protein Inhi_2,,,
HH2022_Reporter intensity 7,,,
AH2018_SILAC_M_1_X,0.47686474837817067,,
RB2022_7_PreEndurance,,0.4238931857209992,
VOI2024_0.1uM 24 h_2 di,,,
DL2023_control-2,,,
LY2019_P6+,0.5096484635348678,,
DB2022_LFQ intensity R2,,,
GF2025_P6_Adh,,,
VOI2024_Veh1 di,,,
AS2011_Ratio H/L RNAi_2,,,
FSO2012_Ratio -/+ 3-MB-PP1 exp. as3,,,
VOI2024_Veh3 mono,,,
HS2024_5_I_T2,,,
NJH2025_Sub7_HIIT_Mid,,,
MV2014_Ratio H/L normalized B1___1 (30 min),,,
RM2009_Ratio H/L (H:60 min timepoint;L:0 min. timepoint),,,
RB2022_6_PostSprint,,0.39613433983250657,
KTGR2014_Ratio H L Normalized Rep2_Rapamycin_0_15,,,
AS2011_Ratio H/L Inhi_1,,,
AS2011_Ratio H/L Normalized RNAi_1_2,,,
AH2018_TMTMS3_2_C,0.5032521961678706,0.41135856652328584,
SR2019_Hs578T_Biol_repl_4,0.4772349216059289,,
RB2022_8_PreStrength,,,
KS2014_Intensity C5,0.49380405172568154,,
RM2024_Intensity D0-1,,,
CW2012_10 µM Gef/control Experiment 3 Replicate A,,,
YP2020_Intensity P30_R1_mult_log2,,,
NJH2025_Sub2_HIIT_Pre,,,
RB2022_3_RecoveryEndurance,,,
RNJ2017_Log2_ratio_Tstim:Trest_D2,,,
GF2025_P9_Adh,,,
RB2022_3_PostStrength,,,
TM2022_S2.8h.A,,,
AS2011_Ratio H/L RNAi_1_1,,,
AS2011_Ratio H/L Normalized by Proteins RNAi_2,,,
FSO2012_Ratio -/+ 3-MB-PP1 exp. wt1,,,
AS2011_Ratio H/L Normalized by Protein Inhi_1,,,
NJH2025_Sub2_MICT_Pre,,,
MV2014_Ratio L/M normalized A2___3 (10 min),,,
MV2014_Ratio H/M normalized A2___3 (2 min),,,
HS2024_4_B_T2,,,
SR2019_BT549_Biol_repl_1,,,
AH2018_LFQ_M_4_N,0.4224125902589734,0.3890858501279175,
NJH2024_Sub8_HIIT_Mid,,,
PG2020_Intensity 8h_B,,,
AH2018_LFQ_2_X,0.4386864725897775,0.37167810595666956,
PG2020_Intensity 2h_B,,,
AS2011_Ratio H/L Proteins RNAi_1,,,
RB2022_4_PostSprint,,,
KS2014_Intensity E15_3,0.4902369064188221,,
GF2025_P3_Sph,,,
DB2022_LFQ intensity L2,,,
MV2014_Ratio H/L normalized A1___1 (10 min),,,
AH2018_SILAC_1_C,,,
NJH2024_Sub1_HIIT_Pre,,,
FSO2013_Ratio M/L normalized Rep2___2,,,
NJH2015_TMT Subject 4 130_N/129_C (Exercise/Basal) (normalized),,,
AS2011_Ratio H/L RNAi_2_3,,,
AH2018_SILAC_IT_1_N,,,
KTGR2014_Ratio H M Normalized Rep2_AA_starvation_0_15,,,
RB2022_4_PreEndurance,,,
JJ2018_Ratio M/L normalized pP1,,,
CR2017_Ratio Replicate 2.4,,,
ZQ2022_N1,0.5008517811306286,,
LY2019_P6-,0.49478823124382254,,
RM2024_Intensity D2-3,,,
UK2020_HCM_1,0.4917864255671516,,
JW2015_Intensity pre2,,,
KTGR2014_Ratio M L Normalized Rep1_AA_starvation_0_15,,,
RM2024_Intensity D2-1,,,
NJH2025_Sub12_MICT_Post,,,
MV2014_Ratio H/M normalized B2___2 (5 min),,,
RN2012_L14,,,
AH2018_LFQ_3_N,,0.3565601410206525,
RKK2015_TNF-α/IKKb,,,
SFR2015_HL_log2_ratio_std_b,,,
UK2020_UA_1,0.49077296206062454,,
KBE2022_Log2_Ex_13_U,,,
AS2011_Ratio H/L Normalized Inhi_1,,,
RNJ2017_Log2_ratio_Tsup:Trest_D2,,,
RB2022_1_RecoverySprint,,,
CKC2017_log2 normalized phosphoproteomics_120min_rep#1,,,
JJ2018_Ratio H/L normalized pP3,,,
CK2022_7 40-1,,,
AS2011_Ratio H/L Inhi_1_3,,,
NJH2025_Sub10_HIIT_Mid,,,
KTGR2014_Ratio H L Normalized Rep2_AA_starvation_0_15,,,
JAW2011_Ratio H/L LS1b_1,,,
PG2020_Intensity 4h_B,,,
SR2019_BT549_Biol_repl_2,,,
RM2024_Intensity D4-2,,,
DB2022_LFQ intensity R2.2,,,
JJ2018_Ratio H/L normalized,,,
RB2022_5_PostEndurance,,,
HS2024_5_PD_T2,,,
WZ2023_Su_025_20min,0.49131381846809197,,
RM2024_Intensity D2-2___1,,,
IMM2018_normalised rep. int. CDK5L-2,,,
LY2019_P8-,0.47532552488083046,,
JVO2010_Ratio H/M Normalized by Protein ThymON - Log2 G2,,,
CKC2017_log2 normalized phosphoproteomics_15min_rep#3,,,
FSO2013_Ratio H/L normalized Rep1,,,
NJH2024_Sub2_HIIT_Pre,,,
CKC2017_log2 normalized phosphoproteomics_60min_rep#2,,,
CK2022_13 40-1,,,
FSO2012_Ratio -/+ 3-MB-PP1 exp. wt4a,,,
RN2012_H02,,,
PG2020_Intensity 10h_D,,,
RB2022_8_PreEndurance,,0.42351983621173583,
HS2024_3_B_N2,,,
EJN2021_4_Ex_Ins,,,
AS2011_Ratio H/L Normalized by Protein,,,
EJN2021_1_Ex_Ins,,,
EP2017_Pervanadate R#3 log2 ratio,0.49296146894985,,0.7009051823864104
FSO2013_Ratio M/L normalized Rep1___3,,,
NJH2025_Sub4_HIIT_Mid,,,
RCJD2014_5min_2,,,
RB2022_6_PostStrength,,,
AH2018_SILAC_MR_3_C,,0.3813043910765759,
AH2018_LFQ_M_4_C,0.48208548602099216,0.3810520068028824,
NJH2024_Sub4_MICT_Pre,,,
AS2011_Ratio H/L Normalized Inhi_1_1,,,
DL2023_12h-1,,,
MV2014_Ratio L/M normalized B2___1 (30 min),,,
DB2022_LFQ intensity L1.1,,,
NJH2025_Sub6_MICT_Pre,,,
NJH2025_Sub6_MICT_Post,,,
CKC2017_log2 normalized phosphoproteomics_60min_rep#3,,,
RN2012_H04,,,
CK2022_6 40-1,,,
DB2022_LFQ intensity R2.1,,,
KBE2022_Log2_Ex_42_U,,,
LY2019_P3-,0.48882049630541574,,
FR2021_Intensity.A,,,
EJN2021_3_Ex_Ins,,,
MV2014_Ratio M/L normalized A1___1 (2 min),,,
WZ2023_Pe_005_30min,0.4861523045451518,,
HS2024_8_PD_T3,,,
EJN2021_3_Ex_Basal,,,
AST2020_Control.1,,,
JW2015_Intensity cap1,,,
PG2020_Intensity CT_A,,,
FS2019_Ctr3,,,
WZ2023_Pu_025_20min,0.48536124876673553,,
NJH2025_Sub4_MICT_Post,,,
JVO2010_Ratio H/M Normalized by Protein Noco3h - Log2 Late S,,,
GF2025_P10_Adh,,,
RB2022_1_RecoveryStrength,,,
SR2019_HCC1954_Biol_repl_4,0.5108341210766705,,
FR2021_Norm.Intensity.N,,,
HS2024_5_B_N1,,,
FSO2013_Ratio H/M normalized Rep3___3,,,
AH2018_TMTMS2_2_C,0.5159466202282617,0.4014489942341214,
RB2022_4_PreSprint,,,
DB2022_Intensity R2,,,
AH2018_TMTMS2_Pool,0.4991716811540007,0.4168115397157971,
HS2024_8_I_N2,,,
RB2022_3_RecoveryStrength,,,
NJH2024_Sub6_HIIT_Mid,,,
AH2018_SILAC_M_1_C,0.4708773308140638,,
LY2019_P8+,0.4958376233093328,,
RB2022_2_RecoveryEndurance,,,
JJ2018_Ratio H/M normalized pP2___1,,,
JAW2011_Ratio H/L HS_1,,,
RB2022_3_PostEndurance,,,
KS2014_Intensity pY_PV1,,,
JAW2011_Ratio H/L LS1b_2,,,
SR2019_MCF7_Biol_repl_2,0.4967493148833656,,
NJH2015_TMT Subject 2 128_N/127_C (Exercise/Basal) (normalized),,,
AS2011_Ratio H/L Normalized RNAi_1_1,,,
AH2018_LFQ_M_4_X,0.47510273716547324,0.3884529872829773,
NJH2024_Sub6_MICT_Pre,,,
JJ2018_Ratio M/L normalized pP1___2,,,
YP2020_Intensity C30_R2_mult_log2,,,
NJH2024_Sub9_HIIT_Pre,,,
AS2011_Ratio H/L Normalized Inhi_2_3,,,
RM2024_Intensity D0-1___3,,,
FSO2012_Ratio -/+ 3-MB-PP1 exp. wt3,,,
KBE2022_Log2_Ex_28_U,,,
GRW2016_Ratio H/L normalized SILAC 1___1,,,
CF2017_FTE 17,0.47532841316389246,,
LY2019_P2-,0.5031264409426436,,
AH2018_LFQ_IT_1_X,,,
JJ2018_Ratio H/L normalized pP3___1,,,
RB2022_8_RecoveryStrength,,,
WZ2023_Pe_005_20min,0.4891322123402504,,
AST2020_Control.2,,,
NJH2025_Sub6_MICT_Mid,,,
RCJD2014_10min_1,,,
FSO2013_Ratio H/L normalized Rep2___3,,,
JVO2010_Ratio M/L Normalized by Protein Noco3h - Log2 G1,,,
HS2024_3_I_T1,,,
FSO2012_Ratio -/+ 3-MB-PP1 exp. as2a,,,
CK2022_4 40-1,,,
SR2019_MCF10A_Biol_repl_4,0.4602975039757496,,
KS2014_Intensity pY_C5,,,
NJH2025_Sub4_MICT_Pre,,,
NJH2024_Sub9_MICT_Post,,,
CF2017_OSE 28,0.4809084399762211,,
HS2024_5_B_T2,,,
HS2024_6_I_T1,,,
HS2024_5_B_T3,,,
JJ2018_Ratio H/M normalized pP1___1,,,
KBE2022_Log2_Ex_36_U,,,
AH2018_TMTMS3_3_N,0.4964342361129021,0.4125930828151578,
SR2019_HCC1419_Biol_repl_2,0.505956612208021,,
FR2021_Intensity.N,,,
AS2011_Ratio H/L Inhi_2_1,,,
AH2018_SILAC_MR_1_C,,0.3841958537951241,
NJH2024_Sub1_HIIT_Mid,,,
NJH2025_Sub8_HIIT_Mid,,,
EP2017_Mitotic R#3 log2 ratio,0.49947178597640746,,0.5312156359800576
KBE2022_Log2_Ex_36_T,,,
NJH2025_Sub6_HIIT_Mid,,,
WZ2023_Pu_005_30min,0.4833202658973363,,
KS2014_Intensity C2,0.4963080456847198,,
FSO2013_Ratio H/L normalized Rep1___2,,,
RM2024_Intensity D2-2,,,
KBE2022_Log2_Ex_42_T,,,
CK2022_9 200-1,,,
GRW2016_Ratio H/L normalized SILAC 2___1,,,
JJ2018_Ratio H/M normalized pP3___2,,,
DB2022_LFQ intensity R1.1,,,
CK2022_10 200-1,,,
NJH2024_Sub9_MICT_Mid,,,
JAW2011_Ratio H/L_2,,,
HS2024_7_I_N2,,,
RBK2021_1332T Late,,,
LY2019_P1-,0.49787457461453216,,
RKK2015_TNF-α/basal.1,,,
RKK2015_TNF-α/TNF-α+SC-514,,,
CR2017_Ratio Replicate 2.5,,,
HS2024_3_I_T3,,,
CKC2017_log2 normalized phosphoproteomics_90min_rep#2,,,
AS2011_Ratio H/L Normalized RNAi_1,,,
KS2014_Intensity E15_4,0.4880999912798333,,
ZQ2022_C3,0.48305025378073374,,
EJN2021_3_Rest_Ins,,,
YP2020_Intensity P10_R2_mult_log2,,,
MV2014_Ratio H/L normalized A1___3 (10 min),,,
NJH2025_Sub1_MICT_Pre,,,
KBE2022_Log2_Ex_39_T,,,
FSO2013_Ratio H/M normalized Rep3___2,,,
RM2024_Intensity D6-2,,,
EP2017_Untreated R#1 log2 ratio,0.5164807168183214,,0.4944286074001359
RKK2015_SC-514/basal,,,
RM2024_Intensity D6-1___3,,,
WZ2023_Pu_010_10min,0.4871145701680845,,
NJH2025_Sub9_HIIT_Mid,,,
SR2019_SKBR3_Biol_repl_4,0.509586402530582,,
HS2024_5_I_T3,,,
KS2014_Intensity N1,,,
NJH2024_Sub12_MICT_Post,,,
TM2022_S2.8h.C,,,
CR2017_Ratio Replicate 1,,,
AS2011_RNAi 1_Ratio H/L normalized by corresponding protein level (H: shPlk1; L: shEg5),,,
CKC2017_log2 normalized phosphoproteomics_30min_rep#3,,,
JJ2018_Ratio H/M normalized pP3,,,
AH2018_SILAC_MR_2_C,,0.3722460524485416,
LATM2013_Log2 Ratio (Medium/Light) Forward,,,
PG2020_Intensity 2h_A,,,
NJH2024_Sub6_MICT_Mid,,,
NJH2025_Sub13_HIIT_Post,,,
AH2018_SILAC_MR_3_X,,0.3522362273923473,
JJ2018_Ratio H/M normalized___1,,,
RCJD2014_15min_2,,,
AS2011_Ratio H/L_2,,,
AS2011_Ratio H/L Normalized,,,
RN2012_H03,,,
HS2024_5_B_N2,,,
HS2024_5_I_N1,,,
HS2024_6_I_N1,,,
AR2021_KD 48h,0.5055419791454776,,0.604400554038547
FR2021_Intensity.B,,,
RB2022_3_PreEndurance,,,
HS2024_5_I_T1,,,
NJH2024_Sub10_MICT_Pre,,,
SR2019_LM2_Biol_repl_2,,,
AST2020_anti-CD3,,,
SR2019_MDAMB231_Biol_repl_1,,,
RM2024_Intensity D2-3___3,,,
WZ2023_Pe_005_10min,0.488386145778375,,
KBE2022_Log2_Ex_29_U,,,
HS2024_7_B_T1,,,
AH2018_LFQ_M_2_X,0.45927823678221646,0.3885214166695521,
AH2018_LFQ_IT_4_N,,,
CK2022_15 200-1,,,
RM2024_Intensity D4-1___2,,,
JJ2018_Ratio H/M normalized,,,
JJ2018_Ratio M/L normalized pP3___1,,,
KBE2022_Log2_Ex_34_T,,,
CKC2017_log2 normalized phosphoproteomics_0min_rep#2,,,
LY2019_P2+,0.49402029710835116,,
LATM2013_Log2 Ratio (Light/Medium) Reverse,,,
CK2022_2 200-1,,,
AS2011_Ratio H/L Protein RNAi_2,,,
MV2014_Ratio L/H normalized A3___1 (2 min),,,
WZ2023_Su_010_30min,0.49043759007945925,,
RN2012_H01,,,
KTGR2014_Ratio-Rapa 2 mins,,,
EJN2021_2_Rest_Basal,,,
KS2014_Intensity pY_E5_3,,,
MM2018_Ratio H/L replicate 3,,,
EP2017_Pervanadate R#1 normalized log2 ratio,0.48691538064072637,,0.6969440608431984
HS2024_8_B_T3,,,
YA2020_Reporter_intensity_Cancer_No.3,0.4731564574671709,0.4004407229634698,
KBE2022_Log2_Ex_44_U,,,
WZ2023_Pe_010_20min,0.4888981402206376,,
KS2014_Intensity pY_C6,,,
AS2011_Ratio H/L Normalized_3,,,
RCJD2014_15min_mean,,,
RB2022_3_PreStrength,,,
NJH2015_iTRAQ Subject 3 116/117 (Exercise/Basal) (normalized),,,
RCJD2014_10min_mean,,,
KS2014_Intensity C1,,,
FSO2013_Ratio H/M normalized Rep3___1,,,
AH2018_SILAC_M_3_C,,,
RKK2015_TNF-α+IKKb/TNF-α,,,
RM2024_Intensity D0-3___2,,,
FSO2012_Ratio -/+ 3-MB-PP1 exp. wt2a,,,
AH2018_SILAC_M_2_C,,,
AH2018_SILAC_M_2_X,,,
KTGR2014_Ratio-Rapa 15 mins,,,
RM2024_Intensity D4-2___1,,,
KBE2022_Log2_Ex_15_T,,,
VOI2024_0.1uM 24 h_1 di,,,
WZ2023_Su_010_10min,0.4895074269853553,,
PG2020_Intensity 6h_C,,,
JVO2010_Ratio M/L Normalized by Protein Noco45 - Log2 mitosis,,,
JJ2018_Ratio M/L normalized pP1___1,,,
AH2018_LFQ_M_3_N,0.47568905338438483,0.37564141522285643,
VOI2024_0.1uM 24 h_2 mono,,,
AH2018_TMTMS2_3_C,0.5125487458223768,0.40543315868350904,
CK2022_15 16-1,,,
CK2022_3 16-1,,,
LY2019_P4-,0.4709871318928259,,
FSO2013_Ratio H/L normalized Rep3___2,,,
KS2014_Intensity pY_PV2,,,
HS2024_3_I_N2,,,
GF2025_P8_Adh,,,
YC2018_Log2(SKBR3-LR/SKBR3)_Rep.2-2,,,
GF2025_P5_Sph,,,
CK2022_10 16-1,,,
KTGR2014_Ratio H L Normalized Rep1_AA_starvation_0_15,,,
VOI2024_0.1uM 2 h_2 di,,,
NJH2015_TMT Pool 131/130_C (Exercise/Basal) (normalized),,,
NJH2024_Sub2_HIIT_Mid,,,
AMK2021_45I_p3,,,
NJH2024_Sub13_HIIT_Mid,,,
DB2022_LFQ intensity R1.2,,,
DB2022_Intensity R1,,,
NJH2024_Sub12_MICT_Mid,,,
KTGR2014_Ratio M L Normalized Rep1_Rapamycin_0_15,,,
UK2020_HCM_4,0.4922596809449578,,
SAS2015_AZD/DMSO_Exp2,,,
IMM2018_normalised rep. int. CDK5L-1,,,
DB2022_LFQ intensity L2.2,,,
KTGR2014_Ratio H M Normalized Rep1_AA_starvation_0_15,,,
EP2017_Mitotic R#1 log2 ratio,0.498256299835132,,0.5603197772296302
EJN2021_2_Ex_Basal,,,
RM2009_Ratio H/L Normalized by Corresponding Protein Level (H:60 min timepoint;L:0 min. timepoint),,,
KTGR2014_Ratio-Rapa 30 mins,,,
CKC2017_log2 normalized phosphoproteomics_90min_rep#1,,,
CF2017_FTE 16,0.4881860876417917,,
AR2021_L41 10 μM,0.5674543569455507,,
CF2017_EOC 2,0.49278174404640573,,
RB2022_6_PostEndurance,,,
AH2018_SILAC_1_N,,,
NJH2024_Sub10_HIIT_Pre,,,
AS2011_Ratio H/L Inhi_1_2,,,
UK2020_HCM_6,0.49061374090265686,,
RB2022_7_PreSprint,,,
NJH2024_Sub2_MICT_Pre,,,
HS2024_3_PD_T2,,,
CK2022_6 16-1,,,
ZX2022_CB treated Replicate 1,,,
BS2014_Log2(Ratio H/L normalized Rep_3),,,
TM2022_mock.12h.C,,,
GRW2016_Ratio M/L normalized SILAC 5a___1,,,
HH2022_Reporter intensity 0,,0.3961250783907545,
RM2024_Intensity D2-2___2,,,
JC2019_Normalised_intensity_B_TiOx_Testis_sample_URO0126,,,
RB2022_1_PreStrength,,,
JJ2018_Ratio H/M normalized pP2___2,,,
AH2018_TMTMS2_2_X,0.5161036109793564,0.4028526130755567,
AR2021_L41 1 μM,0.5672630977981555,,
JJ2018_Ratio H/M normalized pP1___2,,,
AH2018_TMTMS2_1_N,0.5192033303047892,0.4062630233393076,
NJH2025_Sub10_MICT_Pre,,,
JVO2010_Ratio H/M Normalized by Protein Noco45 - Log2 early S,,,
ZX2022_Control Replicate 3,,,
KS2014_Intensity C4,0.4946806779923275,,
AS2011_Ratio H/L Inhi_2,,,
KBE2022_Log2_Ex_18_T,,,
NJH2025_Sub9_MICT_Pre,,,
RCJD2014_20min_1,,,
MV2014_Ratio H/M normalized B2___1 (5 min),,,
FSO2013_Ratio M/L normalized Rep2___3,,,
JC2019_Normalised_intensity_C_TiOx_Testis_sample_URO0158,,,
SR2019_MCF10A_Biol_repl_3,0.47659492267927694,,
HS2024_7_B_T2,,,
SAS2015_PLX/DMSO_Exp3,,,
AMK2021_Ctrl_p5,,,
NJH2025_Sub2_HIIT_Mid,,,
AH2018_LFQ_M_3_C,0.48277134955634027,0.401078929522253,
CKC2017_log2 normalized phosphoproteomics_15min_rep#2,,,
YA2020_Reporter_intensity_Cancer_No.2,0.4956614945376767,0.42079296874142974,
FSO2013_Ratio H/M normalized Rep2___3,,,
RB2022_8_PreSprint,,0.35671712690328494,
AH2018_SILAC_IT_3_C,,,
WZ2023_Pu_025_10min,0.48370400008055486,,
RM2024_Intensity D2-2___3,,,
AS2011_Ratio H/L_1,,,
RCJD2014_10min_3,,,
FSO2013_Ratio M/L normalized Rep3___1,,,
SR2019_JIMT1_Biol_repl_4,0.49720573915380956,,
YP2020_Intensity C10_R2_mult_log2,,,
ZCP2016_Ratio H/L Rep 2,,,
CF2017_EOC 4,0.48443556128837423,,
JJ2018_Ratio H/L normalized pP1___1,,,
WZ2023_Pe_010_30min,0.48777352156672976,,
MV2014_Ratio L/M normalized B2___3 (30 min),,,
AH2018_LFQ_IT_3_N,,,
KS2014_Intensity C6,0.4986015383598638,,
ZQ2022_N3,0.5027663949160696,,
HW2015_Ratio H/L normalized Exp1,,,
CK2022_12 40-1,,,
NJH2024_Sub7_MICT_Pre,,,
ZX2022_Control Replicate 1,,,
JJ2018_Ratio H/M normalized pP1,,,
CK2022_16 40-1,,,
AH2018_SILAC_IT_2_C,,,
CK2022_5 40-1,,,
AH2018_LFQ_3_X,,0.36095756254017686,
UK2020_UA_3,0.4942394888865237,,
LY2019_P7-,0.5031530465023739,,
GF2025_P5_Adh,,,
RB2022_1_PostStrength,,,
JAW2011_Ratio H/L LS1b,,,
FSO2013_Ratio H/L normalized Rep3___1,,,
SR2019_HCC1954_Biol_repl_3,0.5110564012185425,,
CR2017_Ratio Replicate 2.2,,,
VOI2024_0.1uM 2 h_1 mono,,,
MV2014_Ratio L/M normalized A2___1 (10 min),,,
RNJ2017_Log2_ratio_Tsup:Tstim_D3,,,
CK2022_11 16-1,,,
ZQ2022_C1,0.49527919575034324,,
CR2017_Ratio Replicate 2.1,,,
PG2020_Intensity CT_B,,,
JJ2018_Ratio M/L normalized___2,,,
AH2018_SILAC_MR_1_N,,0.3541568225103654,
KS2014_Intensity pY_E5_1,,,
JW2021_Before_3,,,
NJH2015_iTRAQ Subject 2 117/116 (Exercise/Basal) (normalized),,,
MV2014_Ratio M/H normalized B3___3 (30 min),,,
FS2019_db/db1,,,
NJH2025_Sub9_HIIT_Pre,,,
JAW2011_Ratio H/L_1,,,
RCJD2014_20min_3,,,
AH2018_LFQ_3_C,0.47452312278620584,0.39002535566191227,
JJ2018_Ratio M/L normalized pP3___2,,,
AMK2021_45I_p1,,,
NJH2025_Sub8_HIIT_Post,,,
AH2018_LFQ_M_3_X,0.47163647946983567,0.37808034070005453,
YA2020_Reporter_intensity_Cancer_No.4,0.48125272525774526,0.40033923273755684,
KS2014_Intensity pY_E5_2,,,
FSO2013_Ratio H/L normalized Rep1___3,,,
GF2025_P4_Sph,,,
RB2022_2_PreEndurance,,,
JW2021_Before_1,,,
KBE2022_Log2_Ex_25_T,,,
AS2011_Ratio H/L Normalized by Proteins Inhi_2,,,
MV2014_Ratio L/M normalized A2___2 (10 min),,,
JJ2018_Ratio M/L normalized___1,,,
FR2021_Intensity.H,,,
CK2022_14 16-1,,,
AST2020_anti-CD3+PDL2,,,
MV2014_Ratio M/L normalized B1___1 (5 min),,,
KBE2022_Log2_Ex_19_T,,,
KS2014_Intensity pY_N1,,,
RB2022_1_RecoveryEndurance,,,
FSO2013_Ratio H/M normalized Rep1___2,,,
HS2024_8_I_T1,,,
NJH2015_iTRAQ Subject 1 115/114 (Exercise/Basal) (normalized),,,
EP2017_Mitotic R#2 log2 ratio,0.4949279592682251,,0.5480368493636328
AH2018_TMTMS2_1_X,0.5206483838322266,0.4042218123877309,
KTGR2014_Ratio M L Normalized Rep2_AA_starvation_0_15,,,
ZCP2016_Ratio H/L Rep 3,,,
AS2011_Ratio H/L Normalized RNAi_1_3,,,
SR2019_MCF10A_Biol_repl_1,,,
NJH2025_Sub8_MICT_Mid,,,
EJN2021_5_Ex_Ins,,,
HS2024_6_I_N2,,,
HH2022_Reporter intensity 4,,0.39665499662163006,
RBK2021_1326T Late,,,
TM2022_mock.12h.B,,,
NJH2024_Sub12_MICT_Pre,,,
RCJD2014_15min_3,,,
MV2014_Ratio L/H normalized B3___2 (5 min),,,
LG2023_Control-3_intensity,,,
JJ2018_Ratio H/L normalized pP3___2,,,
CF2017_FTE 15,0.48523156161711534,,
HS2024_4_I_T3,,,
AH2018_SILAC_1_X,,,
PG2020_Intensity 10h_B,,,
AH2018_TMTMS3_1_X,0.5052481935068185,0.41839071407000294,
CF2017_FTE 14,0.49550664136379313,,
NJH2024_Sub13_HIIT_Post,,,
RM2024_Intensity D6-3___3,,,
NJH2025_Sub7_HIIT_Pre,,,
RBK2021_1259T Early,,,
RKK2015_IKK+TNF-α/IKKb,,,
FSO2012_Ratio -/+ 3-MB-PP1 exp. as1b,,,
PG2020_Intensity 6h_A,,,
SR2019_HCC1419_Biol_repl_3,0.5133002882506047,,
KBE2022_Log2_Ex_14_T,,,
EP2017_Untreated R#2 normalized log2 ratio,0.5375545121376655,,0.6809724021152359
RM2024_Intensity D0-2___1,,,
DB2022_Intensity L1,,,
LY2019_P5+,0.5113359173466332,,
HS2024_5_I_N2,,,
SAS2015_PLX/AZD_Exp3,,,
EP2017_Pervanadate R#2 log2 ratio,0.5012114067278285,,0.6964442311886105
AS2011_Ratio H/L Normalized RNAi_2_1,,,
