DatasetName,GOLGB1_S(102) GOLGB1_S(1138) GOLGB1_S(128) GOLGB1_S(133) GOLGB1_S(138) GOLGB1_S(139) GOLGB1_S(1756) GOLGB1_S(1758) GOLGB1_S(1941) GOLGB1_S(2418) GOLGB1_S(2594) GOLGB1_S(2817) GOLGB1_S(2883) GOLGB1_S(3061) GOLGB1_S(530) GOLGB1_S(539) GOLGB1_S(967) GOLGB1_T(1260) GOLGB1_T(22),GOLGB1_S(1137) GOLGB1_S(1148) GOLGB1_S(1153) GOLGB1_S(1568) GOLGB1_S(1676) GOLGB1_S(17) GOLGB1_S(1747) GOLGB1_S(1749) GOLGB1_S(1752) GOLGB1_S(1956) GOLGB1_S(2114) GOLGB1_S(2141) GOLGB1_S(2213) GOLGB1_S(2216) GOLGB1_S(2797) GOLGB1_S(2872) GOLGB1_S(2877) GOLGB1_S(2935) GOLGB1_S(2941) GOLGB1_S(2962) GOLGB1_S(2987) GOLGB1_S(3010) GOLGB1_S(3015) GOLGB1_S(3016) GOLGB1_S(3020) GOLGB1_S(3021) GOLGB1_S(3042) GOLGB1_S(3124) GOLGB1_S(3134) GOLGB1_S(3145) GOLGB1_S(38) GOLGB1_S(453) GOLGB1_S(462) GOLGB1_S(464) GOLGB1_S(485) GOLGB1_S(491) GOLGB1_S(537) GOLGB1_S(574) GOLGB1_S(596) GOLGB1_S(6) GOLGB1_S(671) GOLGB1_S(676) GOLGB1_S(892) GOLGB1_S(972) GOLGB1_S(99) GOLGB1_T(140) GOLGB1_T(1897) GOLGB1_T(2438) GOLGB1_T(2444) GOLGB1_T(476) GOLGB1_T(556) GOLGB1_T(573)
RM2024_Intensity D4-1___3,,
RB2022_4_PostEndurance,,
FSO2013_Ratio M/L normalized Rep3,,0.5399042565335779
SR2019_MCF7_Biol_repl_3,,
RKK2015_IKKb(K44M)+TNF-α/IKKb(K44M),,
SR2019_LM2_Biol_repl_1,,
RCJD2014_15min_1,,
AS2011_Ratio H/L Normalized by Proteins Inhi_1,,
CK2022_7 16-1,,
NJH2025_Sub12_HIIT_Mid,,
AH2018_LFQ_IT_1_C,,0.5366189494276132
RKK2015_TNF-α/basal,,
JJ2018_Ratio H/M normalized pP2,,
NJH2025_Sub12_MICT_Pre,,
NJH2025_Sub7_MICT_Post,,
DL2023_control-3,,
ZX2022_Control Replicate 2,,
HS2024_6_B_T3,,
JW2015_Intensity pre1,,
IMM2018_normalised rep. int. Empty-3,,
AMK2021_30R_p5,,
FSO2013_Ratio M/L normalized Rep1,,0.5403824024233234
SR2019_MDAMB231_Biol_repl_4,,
GF2025_P2_Sph,,0.5371462819476366
FSO2012_Ratio -/+ 3-MB-PP1 exp. wt2b,,0.5414003423325167
NJH2025_Sub13_HIIT_Mid,,
CP2009_Ratio M/L,,
NJH2025_Sub7_HIIT_Post,,
KBE2022_Log2_Ex_44_T,,0.5390150880258558
DB2022_Intensity L2,,
TM2022_mock.4h.C,,
AST2020_anti-CD3.2,,
CW2012_10 µM Erl/control Experiment 1 Replicate B,,
HS2024_7_B_N1,,
FSO2013_Ratio M/L normalized Rep1___1,,0.540386752941432
SAS2015_AZD/DMSO_Exp3,,
RM2024_Intensity D0-2___3,,
RM2024_Intensity D6-1,,
RB2022_8_RecoverySprint,,
RB2022_5_PreEndurance,,
CKC2017_log2 normalized phosphoproteomics_30min_rep#2,,
EP2017_Untreated R#4 normalized log2 ratio,,0.5358250678497138
WZ2023_Pu_010_30min,0.351023566302215,0.537516602831166
AS2011_Ratio H/L Proteins RNAi_2,0.3627329544973643,
RB2022_4_PreStrength,,
NJH2024_Sub4_MICT_Post,,
AH2018_LFQ_M_1_X,,0.5385757235658374
RB2022_8_RecoveryEndurance,,
KBE2022_Log2_Ex_14_U,,0.5394536164570259
FSO2013_Ratio M/L normalized Rep3___3,,
AH2018_TMTMS3_1_C,,0.5434551478575231
JJ2018_Ratio H/L normalized___1,,
ZQ2022_C2,,0.5392037867532528
RB2022_5_PreSprint,,
PG2020_Intensity 8h_C,0.35737099020305135,0.5407574249250723
AH2018_SILAC_MR_2_N,,
MV2014_Ratio M/L normalized A1___2 (2 min),,
TM2022_S2.8h.B,,
MV2014_Ratio M/H normalized B3___1 (30 min),,
FSO2012_Ratio -/+ 3-MB-PP1 exp. as4a,,0.5414532334012708
RNJ2017_Log2_ratio_Tsup:Tstim_D2,,
RM2024_Intensity D6-1___2,,
NJH2025_Sub7_MICT_Mid,,
LY2019_P1+,,0.5476571173037279
AS2011_Ratio H/L Proteins Inhi_2,,0.5399179143301677
BS2014_Log2(Ratio H/L normalized),,
UK2020_HCM_2,,
FSO2013_Ratio H/L normalized Rep2___2,,
EP2017_Pervanadate R#3 normalized log2 ratio,,0.5382636992543322
RM2024_Intensity D4-3___3,,
RB2022_5_PreStrength,,
NJH2024_Sub4_MICT_Mid,,
TM2022_S2.4h.A,,
RB2022_5_PostStrength,,
GF2025_P6_Sph,,
RB2022_2_PreSprint,,
ZX2022_CB treated Replicate 3,,
RM2024_Intensity D6-2___3,,
WZ2023_Pe_025_10min,0.3621218140447513,0.5394479588447969
AS2011_Ratio H/L Normalized by Proteins RNAi_1,,
AST2020_anti-CD3+PDL2.1,,
KBE2022_Log2_Ex_34_U,,0.5405166467701563
WZ2023_Pu_005_10min,0.35859687338655616,0.5391521984627916
AS2011_Ratio H/L RNAi_2_1,,
NJH2024_Sub9_HIIT_Mid,,
CK2022_9 40-1,,
KTGR2014_Ratio H L Normalized Rep1_Rapamycin_0_15,,
LG2023_GSK3α-1_intensity,,
WZ2023_Pu_025_30min,0.35858150631867164,0.5392099397769212
AH2018_SILAC_MR_2_X,,
HS2024_4_PD_T2,,
NJH2024_Sub4_HIIT_Pre,,
RB2022_2_RecoverySprint,,
AS2011_Ratio H/L Protein RNAi_1,,
RM2024_Intensity D2-1___2,,
CR2017_Ratio Replicate 1.4,,
FR2021_Norm.Intensity.B,,
RM2024_Intensity D6-2___1,,
YC2018_Log2(SKBR3-LR/SKBR3)_Rep.2-1,,
RB2022_5_PostSprint,,
EJN2021_3_Rest_Basal,,
CR2017_Ratio Replicate 1.3,,0.542510906886402
AS2011_Ratio H/L Normalized by Protein RNAi_2,,
KTGR2014_Ratio-Rapa 7 mins,,
AMK2021_120R_p1,,
AH2018_SILAC_3_X,,0.5370671708053283
JJ2018_Ratio M/L normalized pP3,,
AH2018_SILAC_M_2_N,,0.5396397174893929
HS2024_7_PD_T2,,
FSO2013_Ratio H/L normalized Rep1___1,,0.5411185228133579
AH2018_LFQ_1_C,,0.5381359510938769
AS2011_Ratio H/L Normalized Inhi_1_3,,0.538993967762367
KBE2022_Log2_Ex_28_T,,0.5395700682476423
HS2024_3_B_N1,,
RM2024_Intensity D4-2___3,,
WZ2023_Pe_025_30min,0.3589738230969509,0.5386588426236951
CK2022_11 40-1,,
CW2012_10 µM Erl/control Experiment 3 Replicate B,,
AH2018_SILAC_2_X,,
MV2014_Ratio H/M normalized A2___2 (2 min),,
AS2011_Ratio H/L RNAi_1_2,,
KS2014_Intensity E15_1,,0.5360588881189637
FSO2013_Ratio H/L normalized Rep2,,0.5384633789179967
WZ2023_Pu_005_20min,0.35047651830350235,0.5377744973354563
NJH2024_Sub10_MICT_Post,,
RM2024_Intensity D2-3___1,,
CR2017_Ratio Replicate 1.5,,
CW2012_10 µM Gef/control Experiment 2 Replicate B,,
HS2024_7_B_T3,,
CKC2017_log2 normalized phosphoproteomics_60min_rep#1,,
AS2011_Ratio H/L RNAi_1,,
JC2019_Normalised_intensity_A_TiOx_Testis_sample_URO0059,,
AH2018_LFQ_M_1_C,,0.5390571031214846
NJH2025_Sub7_MICT_Pre,,
SR2019_SKBR3_Biol_repl_2,,
HS2024_9_B_T2,,
KTGR2014_Ratio-AA 7 mins,,
MV2014_Ratio L/H normalized B3___3 (5 min),,
HS2024_3_PD_T1,,
FSO2013_Ratio M/L normalized Rep3___2,,
SR2019_BT549_Biol_repl_3,,
RCJD2014_20min_mean,,
FR2021_Norm.Intensity.H,,
RB2022_2_PreStrength,,
DB2022_LFQ intensity L1.2,,
HS2024_4_B_N1,,
KTGR2014_Ratio H M Normalized Rep2_Rapamycin_0_15,,
CK2022_1 16-1,,
CK2022_1 200-1,,
PG2020_Intensity Mock_10h_D,,
SR2019_MCF10A_Biol_repl_2,,
JJ2018_Ratio M/L normalized pP2___2,,
HS2024_6_PD_T1,,
JVO2010_Ratio M/L Normalized by Protein ThymON - Log2 G1/S,0.3613680313638962,0.5430292929966635
RB2022_6_RecoveryEndurance,,
FSO2012_Ratio -/+ 3-MB-PP1 exp. wt3b,,0.5355675664872405
EP2017_Mitotic R#2 normalized log2 ratio,,0.5569942097552263
RCJD2014_5min_1,,
RM2024_Intensity D4-1___1,,
DL2023_24h-1,,
YC2018_Log2(SKBR3-LR/SKBR3)_Rep.1-1,,
FSO2012_Ratio -/+ 3-MB-PP1 exp. as2b,,0.5438786627187745
TM2022_S2.4h.C,,
SAS2015_PLX/AZD_Exp2,,
CR2017_Ratio Replicate 3.3,,0.5408726707704942
PG2020_Intensity 2h_C,0.35060670059940646,0.537629606316423
VOI2024_Veh2 di,,
ZX2022_CB treated Replicate 2,,
KBE2022_Log2_Ex_8_T,,0.539127101968869
NJH2025_Sub10_MICT_Post,,
HS2024_6_I_T3,,
RN2012_L11,,0.5359150281141501
AS2011_Ratio H/L Normalized Inhi_2_2,,0.5374237497494382
IMM2018_normalised rep. int. Empty-1,,
HS2024_5_PD_T1,,
AH2018_LFQ_M_2_C,,
CK2022_3 40-1,,
RBK2021_1260T Early,,
NJH2024_Sub4_HIIT_Post,,
HS2024_4_I_T1,,
YA2020_Reporter_intensity_Cancer_No.5,,
HH2022_Reporter intensity 8,,0.5407480564506717
ZQ2022_N2,,0.5402907839221066
FSO2012_Ratio -/+ 3-MB-PP1 exp. wt1b,,0.5377058853843321
FSO2013_Ratio H/L normalized Rep3___3,,
AH2018_TMTMS3_2_N,,0.5366819388464346
EJN2021_5_Rest_Basal,,
NJH2025_Sub2_HIIT_Post,,
NJH2025_Sub1_MICT_Post,,
HS2024_9_B_T1,,
FSO2012_Ratio -/+ 3-MB-PP1 exp. wt1a,,0.535393000310388
JAW2011_Ratio H/L LS2_1,,
JVO2010_Log2 Ratio H/M Normalized aphidicolin,0.3611660209707571,0.5405326514756496
NJH2024_Sub6_HIIT_Pre,,
AH2018_SILAC_3_N,,0.5384981171930401
YA2020_Reporter_intensity_Normal_No.1,,
HS2024_3_B_T1,,
JJ2018_Ratio H/L normalized___2,,
RM2024_Intensity D0-2,,
MV2014_Ratio M/L normalized B1___2 (5 min),,
RB2022_7_PostStrength,,
RB2022_1_PostEndurance,,
CR2017_Ratio Replicate 3,,0.5473724575636215
SR2019_Hs578T_Biol_repl_3,,
MV2014_Ratio L/H normalized B3___1 (5 min),,
RBK2021_1244T Early,,
RB2022_3_PostSprint,,
NJH2024_Sub13_MICT_Mid,,
KTGR2014_Ratio-AA 2 mins,,
GF2025_P7_Sph,,
HS2024_8_I_T3,,
CF2017_EOC 3,,0.5407759219004072
LATM2013_Normalized Log2 Ratio (Medium/Light) Forward,,
HS2024_6_PD_T3,,
DL2023_12h-2,,
RM2024_Intensity D6-3___1,,
FS2019_Ctr1,,
WZ2023_Pu_010_20min,0.35727507065949987,0.5398667785923379
AS2011_Ratio H/L_3,,
CK2022_1 40-1,,
RNJ2017_Log2_ratio_Tsup:Trest_D1,,
CK2022_8 16-1,,
KS2014_Intensity N3,0.3524542467722944,0.5487646929173549
RB2022_4_RecoveryEndurance,,
RB2022_5_RecoveryEndurance,,
JAW2011_Ratio H/L LS1a_2,,
NJH2024_Sub12_HIIT_Mid,,
AH2018_LFQ_IT_1_N,,0.5376631836807174
FSO2013_Ratio H/M normalized Rep2,,0.5415045166928169
RAM2015_Log2 A,0.36303835129262285,0.53992756414861
HS2024_8_PD_T1,,
JJ2018_Ratio H/L normalized pP2,,
CF2017_OSE 27,,0.5380390497639114
KS2014_Intensity E15_2,,0.5386824660202312
BS2014_Log2(Ratio H/L protein),,
PG2020_Intensity 8h_A,0.35865959203777614,0.5401187423439924
HS2024_7_I_T1,,
VOI2024_Veh3 di,,
RKK2015_TNF-α+SC-514/basal,,
SR2019_JIMT1_Biol_repl_1,,
HW2015_Ratio H/L normalized Exp2,,
HS2024_3_I_N1,,
AH2018_SILAC_M_3_X,,0.5373066633624829
NJH2024_Sub9_HIIT_Post,,
AS2011_Ratio H/L RNAi_1_3,,
GRW2016_Ratio H/L normalized SILAC 1___2,,
NJH2025_Sub1_HIIT_Pre,,
YC2018_Log2(SKBR3-LR/SKBR3)_Rep.1-2,,
NJH2024_Sub4_HIIT_Mid,,
VOI2024_0.1uM 2 h_1 di,,
KBE2022_Log2_Ex_6_T,,0.5394065864616877
RM2024_Intensity D4-3___1,,
AH2018_LFQ_4_X,,
AS2011_Inhi 2_Ratio H/L normalized by corresponding protein level (H:TAL treatment; L: MA treatment),,0.540199130062256
RB2022_8_PostEndurance,,
NJH2025_Sub4_MICT_Mid,,
YP2020_Intensity C30_R1_mult_log2,,
AST2020_anti-CD3.1,,
NJH2025_Sub4_HIIT_Post,,
EP2017_Untreated R#4 log2 ratio,,0.5358856056554813
HS2024_6_B_N1,,
KBE2022_Log2_Ex_27_T,,0.5399130579291059
CW2012_10 µM Gef/control Experiment 1 Replicate A,,
VOI2024_0.1uM 24 h_1 mono,,
AMK2021_120R_p5,,
AS2011_Ratio H/L Proteins,,0.5409533398132249
NJH2024_Sub7_HIIT_Post,,
NJH2015_TMT Subject 1 127_N/126 (Exercise/Basal) (normalized),,
AS2011_Ratio H/L RNAi_2_2,,
RB2022_7_RecoveryStrength,,
AH2018_SILAC_IT_3_X,,0.5412472758367394
JAW2011_Ratio H/L,,
PG2020_Intensity 10h_C,0.36097807133090287,0.541694571646369
FSO2013_Ratio M/L normalized Rep2,,0.5401984107123402
CP2009_Ratio H/M Normalized (50 nM dasatinib vs 5 nM dasatinib),,
HH2022_Reporter intensity 5,,0.5417619729277672
SR2019_HCC1954_Biol_repl_2,,
CK2022_14 40-1,,
RB2022_6_PreSprint,,
NJH2025_Sub12_MICT_Mid,,
PG2020_Intensity 4h_D,0.3470410355595095,
NJH2025_Sub2_MICT_Post,,
AH2018_LFQ_4_C,,
DL2023_control-1,,
AR2021_ALG 10 μM,,0.5403172221539536
JAW2011_Ratio H/L LS2_2,,
AH2018_SILAC_IT_3_N,,0.5413902362409128
EJN2021_4_Rest_Ins,,
RN2012_H05,,0.5389274150823081
NJH2024_Sub7_HIIT_Mid,,
GF2025_P2_Adh,,0.5440365723710794
FSO2012_Ratio -/+ 3-MB-PP1 exp. as4b,,0.5375315557539859
RB2022_8_PostSprint,,
EJN2021_1_Rest_Ins,,
HH2022_Reporter intensity 3,,0.5372917643805273
FSO2012_Ratio -/+ 3-MB-PP1 exp. wt4b,,0.5413169713343167
AH2018_SILAC_IT_1_C,,0.5378180058282588
JW2021_After_3,,
GF2025_P8_Sph,,
FSO2012_Ratio -/+ 3-MB-PP1 exp. wt4,,0.5423171697217304
JJ2018_Ratio M/L normalized pP2___1,,
AH2018_SILAC_2_N,,
CK2022_11 200-1,,
CK2022_12 200-1,,
AS2011_Ratio H/L Normalized by Protein RNAi_1,,
RM2024_Intensity D2-1___3,,
NJH2024_Sub1_MICT_Pre,,
HH2022_Reporter intensity 9,,0.5396702578562493
WZ2023_Su_010_20min,0.35620756758793065,0.5386162537145761
AH2018_TMTMS2_2_N,,0.544804652618952
NJH2024_Sub13_MICT_Pre,,
KBE2022_Log2_Ex_41_U,,0.539874191638951
NJH2015_TMT Subject 3 129_N/128_C (Exercise/Basal) (normalized),,
AH2018_TMTMS3_Pool,,
KS2014_Intensity N4,0.36287648693214997,0.5452670658209207
NJH2024_Sub1_HIIT_Post,,
MM2018_Ratio H/L replicate2,,
RM2024_Intensity D4-2___2,,
NJH2024_Sub13_HIIT_Pre,,
CF2017_OSE 26,,0.5386357397146972
CK2022_14 200-1,,
SR2019_Hs578T_Biol_repl_1,,
RB2022_7_PostSprint,,
TM2022_mock.4h.A,,
NJH2025_Sub12_HIIT_Pre,,
AH2018_TMTMS3_1_N,,0.5352101144963379
AST2020_anti-CD3+PDL2.2,,
PG2020_Intensity Mock_10h_A,0.3524978271082007,0.5338801285128257
JW2021_After_2,,
NJH2024_Sub2_MICT_Post,,
EJN2021_2_Rest_Ins,,
SR2019_LM2_Biol_repl_4,,
CP2009_Ratio H/M,,
JAW2011_Ratio H/L HS,,
CK2022_13 16-1,,
GF2025_P1_Adh,,0.5439560316043264
GF2025_P1_Sph,,0.5346215427530271
EJN2021_5_Ex_Basal,,
HS2024_7_I_T3,,
JJ2018_Ratio H/L normalized pP2___2,,
WZ2023_Pe_010_10min,0.36100611073693134,0.5394817885428849
CF2017_EOC 1,,0.5412919038020325
CK2022_3 200-1,,
AH2018_LFQ_IT_3_C,,
SR2019_Hs578T_Biol_repl_2,,
NJH2024_Sub12_HIIT_Post,,
JJ2018_Ratio H/L normalized pP1___2,,
MV2014_Ratio H/L normalized A1___2 (10 min),,
NJH2024_Sub10_MICT_Mid,,
NJH2024_Sub13_MICT_Post,,
BS2014_Log2(Ratio H/L normalized Rep_1),,
RB2022_3_RecoverySprint,,
NJH2025_Sub1_HIIT_Mid,,
RCJD2014_20min_2,,
FSO2012_Ratio -/+ 3-MB-PP1 exp. wt2,,0.5422149653951911
HS2024_6_PD_T2,,
HS2024_5_B_T1,,
CW2012_10 µM Gef/control Experiment 2 Replicate A,,
DL2023_12h-3,,
SR2019_MDAMB231_Biol_repl_2,,
HS2024_3_B_T2,,
RB2022_6_PreStrength,,
CK2022_2 40-1,,
RB2022_1_PostSprint,,
CK2022_4 200-1,,
JW2021_Before_2,,
TM2022_S2.12h.A,,
MV2014_Ratio L/M normalized B2___2 (30 min),,
CK2022_5 16-1,,
AR2021_ALG 1 μM,,0.5394604554208224
HS2024_4_B_T1,,
MV2014_Ratio M/H normalized A3___1 (10 min),,
SR2019_BT549_Biol_repl_4,,
EJN2021_1_Rest_Basal,,
NJH2025_Sub8_MICT_Post,,
RCJD2014_5min_3,,
CR2017_Ratio Replicate 3.2,,0.542739013891866
FSO2012_Ratio -/+ 3-MB-PP1 exp. as3a,,0.5444817366248675
GF2025_P7_Adh,,
CK2022_9 16-1,,
NJH2024_Sub6_HIIT_Post,,
AMK2021_30R_p3,,
AS2011_Ratio H/L Normalized RNAi_2,0.3590969963417573,
RM2024_Intensity D0-2___2,,
KS2014_Intensity pY_N4,,
CK2022_13 200-1,,
AS2011_Ratio H/L Normalized_2,,
PG2020_Intensity 6h_D,0.3503019553468302,0.539875690253509
CK2022_16 16-1,,
FS2019_db/db3,,
CK2022_15 40-1,,
NJH2024_Sub9_MICT_Pre,,
BS2014_Log2(Ratio H/L unmodified peptide),,
WZ2023_Su_005_10min,0.34781659650131863,0.536710444092096
RM2009_Ratio M/L (M:15 min timepoint;L:0 min. timepoint),,
KBE2022_Log2_Ex_41_T,,0.5397175587188565
AMK2021_Ctrl_p1,,
AH2018_LFQ_IT_3_X,,
HS2024_5_PD_T3,,
AH2018_TMTMS3_3_X,,0.5377047832677005
FSO2012_Ratio -/+ 3-MB-PP1 exp. as2,,0.5449627223480497
KBE2022_Log2_Ex_40_U,,0.5393237568502186
AH2018_LFQ_M_1_N,,
KBE2022_Log2_Ex_27_U,,0.5403288830974442
HW2015_Ratio M/L normalized Exp3,,
RKK2015_TNF-α/IKKb(K44M),,
AH2018_SILAC_M_1_N,,0.5379984292523143
HW2015_Ratio M/L normalized Exp1,,
RB2022_5_RecoveryStrength,,
YP2020_Intensity P10_R1_mult_log2,,
RB2022_7_PreStrength,,
YA2020_Reporter_intensity_Normal_No.4,,
NJH2025_Sub13_HIIT_Pre,,
PG2020_Intensity CT_D,,0.5345540630419071
NJH2025_Sub9_MICT_Post,,
VOI2024_Veh1 mono,,
CK2022_12 16-1,,
RN2012_L13,,0.5378054133016159
LG2023_Control-1_intensity,,
RM2024_Intensity D6-3___2,,
KBE2022_Log2_Ex_8_U,,0.5390412431822535
SR2019_SKBR3_Biol_repl_3,,
NJH2024_Sub1_MICT_Post,,
HS2024_3_I_T2,,
KTGR2014_Ratio M L Normalized Rep2_Rapamycin_0_15,,
RM2024_Intensity D0-3___3,,
HS2024_6_I_T2,,
CW2012_10 µM Erl/control Experiment 2 Replicate B,,
AS2011_Ratio H/L Protein Inhi_1,,0.539305013844995
FSO2013_Ratio H/M normalized Rep2___1,,0.5417024781659209
GRW2016_Ratio M/L normalized SILAC 5a___2,,
CK2022_10 40-1,,
NJH2024_Sub12_HIIT_Pre,,
NJH2024_Sub8_MICT_Pre,,
RM2024_Intensity D0-1___1,,
LY2019_P3+,,0.5369730688520326
HH2022_Reporter intensity 6,,0.5412328648299962
RB2022_2_RecoveryStrength,,
KTGR2014_Ratio-AA 15 mins,,
AS2011_Ratio H/L Normalized RNAi_2_2,,
KS2014_Intensity pY_N3,,
MV2014_Ratio H/L normalized B1___2 (30 min),,
LY2019_P5-,,0.5435138615080773
HW2015_Ratio M/L normalized Exp2,,
SR2019_HCC1419_Biol_repl_1,,
AH2018_TMTMS2_3_X,,0.5423391664680624
GF2025_P3_Adh,,0.543369251221552
SR2019_JIMT1_Biol_repl_2,,
AH2018_TMTMS2_1_C,,0.5440608256509837
RM2024_Intensity D0-1___2,,
LY2019_P4+,,0.5420277044622741
KBE2022_Log2_Ex_19_U,,0.5394056375932288
CKC2017_log2 normalized phosphoproteomics_0min_rep#1,,
RB2022_4_PostStrength,,
LG2023_GSK3α-3_intensity,,
YA2020_Reporter_intensity_Cancer_No.1,,
AST2020_Control,,
JAW2011_Ratio H/L LS1a,,
RCJD2014_5min_mean,,
NJH2015_iTRAQ Subject 4 114/115 (Exercise/Basal) (normalized),,
NJH2025_Sub1_MICT_Mid,,
TM2022_S2.12h.C,,
NJH2025_Sub9_MICT_Mid,,
CKC2017_log2 normalized phosphoproteomics_120min_rep#2,,
AS2011_Ratio H/L Normalized Inhi_1_2,,0.538993967762367
FSO2013_Ratio M/L normalized Rep2___1,,0.5401655202394938
LG2023_Control-2_intensity,,
NJH2024_Sub8_HIIT_Pre,,
KS2014_Intensity pY_N2,,
RB2022_5_RecoverySprint,,
RB2022_7_RecoverySprint,,
YA2020_Reporter_intensity_Normal_No.3,,
HS2024_8_B_T2,,
AH2018_LFQ_1_X,,0.5375130337604046
RM2024_Intensity D6-1___1,,
RCJD2014_10min_2,,
FR2021_Norm.Intensity.M,,
RM2024_Intensity D0-3___1,,
KS2014_Intensity N2,0.3603098377166388,0.5465506860993042
HH2022_Reporter intensity 1,,0.5371671484926628
HH2022_Reporter intensity 2,,0.5373230774464923
RM2024_Intensity D6-2___2,,
FSO2012_Ratio -/+ 3-MB-PP1 exp. as1,,0.5392998290249882
RM2024_Intensity D2-3___2,,
YA2020_Reporter_intensity_Normal_No.5,,
SR2019_MCF7_Biol_repl_1,,
FSO2012_Ratio -/+ 3-MB-PP1 exp. as1a,,0.5392849687314876
HS2024_8_B_T1,,
NJH2025_Sub6_HIIT_Pre,,
RNJ2017_Log2_ratio_Tsup:Tstim_D1,,
EP2017_Untreated R#2 log2 ratio,,0.5184252351924881
SR2019_LM2_Biol_repl_3,,
RB2022_4_RecoveryStrength,,
CR2017_Ratio Replicate 2,,0.5348045928747934
CW2012_10 µM Erl/control Experiment 2 Replicate A,,
FSO2013_Ratio H/M normalized Rep3,,0.5369315427118442
AR2021_KD 72h,,0.5382560910985048
MV2014_Ratio H/M normalized B2___3 (5 min),,
KBE2022_Log2_Ex_18_U,,0.5392137313686223
AS2011_Ratio H/L Inhi_1_1,,
NJH2024_Sub8_MICT_Post,,
AH2018_TMTMS3_3_C,,0.5376960038751439
KBE2022_Log2_Ex_9_U,,0.5387622514193814
AH2018_SILAC_M_3_N,,0.5386274522025747
KBE2022_Log2_Ex_13_T,,0.5389885241225183
RM2024_Intensity D0-3,,
SR2019_SKBR3_Biol_repl_1,,
PG2020_Intensity Mock_10h_C,,
CF2017_OSE 29,,
YB2013_Ratio_H_L_Normalized_in_experiment_1,,
NJH2025_Sub1_HIIT_Post,,
DL2023_24h-2,,
HS2024_7_B_N2,,
PG2020_Intensity 10h_A,0.35281313987284446,0.5418015013057335
RN2012_L12,,0.5371044706415209
MV2014_Ratio M/L normalized B1___3 (5 min),,
NJH2024_Sub8_MICT_Mid,,
AH2018_LFQ_IT_4_C,,0.5367747541005932
SAS2015_PLX/AZD_Exp1,,
FR2021_Norm.Intensity.A,,
FSO2013_Ratio H/M normalized Rep1___1,,
JW2015_Intensity cap2,,
BS2014_Log2(Ratio H/L normalized Rep_2),,
NJH2024_Sub6_MICT_Post,,
CK2022_8 40-1,,
RB2022_7_RecoveryEndurance,,
NJH2025_Sub12_HIIT_Post,,
EJN2021_4_Ex_Basal,,
TM2022_S2.12h.B,,
RN2012_L15,,0.5372705312311403
KS2014_Intensity pY_PV3,,
TM2022_S2.4h.B,,
PG2020_Intensity 4h_A,,
FSO2013_Ratio H/M normalized Rep2___2,,
TM2022_mock.4h.B,,
KBE2022_Log2_Ex_24_U,,0.539120945645864
NJH2025_Sub13_MICT_Mid,,
KS2014_Intensity C3,0.35756432204932,0.5310916188621365
RB2022_1_PreSprint,,
HS2024_4_I_N1,,
CK2022_7 200-1,,
CK2022_5 200-1,,
CKC2017_log2 normalized phosphoproteomics_120min_rep#3,,
FSO2013_Ratio H/L normalized Rep2___1,,0.538493243183511
NJH2024_Sub10_HIIT_Mid,,
RB2022_2_PostEndurance,,
AH2018_LFQ_2_C,,
AH2018_SILAC_MR_1_X,,
KTGR2014_Ratio H M Normalized Rep1_Rapamycin_0_15,,
IMM2018_normalised rep. int. Empty-2,,
RM2024_Intensity D4-1,,
KBE2022_Log2_Ex_25_U,,0.5391982686501362
AH2018_SILAC_3_C,,0.5367733782677173
EJN2021_5_Rest_Ins,,
VOI2024_0.1uM 24 h_3 di,,
RNJ2017_Log2_ratio_Tstim:Trest_D3,,
DB2022_LFQ intensity L2.1,,
FSO2013_Ratio H/M normalized Rep1,,
CK2022_4 16-1,,
AS2011_Ratio H/L,0.3562652778675654,0.5392876012176582
SR2019_MCF7_Biol_repl_4,,
EJN2021_2_Ex_Ins,,
AS2011_Ratio H/L Inhi_2_3,,0.5413019073297923
JAW2011_Ratio H/L LS1a_1,,
AH2018_LFQ_1_N,,
SAS2015_PLX/DMSO_Exp1,,
SFR2015_HL_log2_ratio_avg_c,,
JJ2018_Ratio M/L normalized pP2,,
NJH2024_Sub7_MICT_Mid,,
PG2020_Intensity 6h_B,0.3633530678611527,0.541752298844871
FSO2013_Ratio H/L normalized Rep3,,0.537477540627508
GRW2016_Ratio H/L normalized SILAC 2___2,,
RKK2015_IKKb(K44M)+TNF-α/TNF-α,,
JJ2018_Ratio M/L normalized,,
KTGR2014_Ratio-AA 30 mins,,
JW2021_After_1,,
NJH2025_Sub2_MICT_Mid,,
HS2024_6_B_N2,,
KBE2022_Log2_Ex_9_T,,0.53890855592023
AH2018_SILAC_IT_2_N,,0.5413795859227413
AH2018_SILAC_IT_1_X,,0.5412264423070312
HW2015_Ratio H/L normalized Exp3,,
HS2024_7_PD_T1,,
UK2020_UA_2,,
RM2024_Intensity D2-1___1,,
GF2025_P10_Sph,,
WZ2023_Pe_025_20min,0.36332847358607884,0.5394955135067394
JVO2010_Log2 Ratio M/L Normalized aphidicolin,0.36155946932478017,0.5409639314021748
AH2018_LFQ_2_N,,
HS2024_4_I_N2,,
AH2018_TMTMS2_3_N,,0.5446170529405678
RN2012_H06,,0.5373657189370744
AS2011_Inhi 1_Ratio H/L normalized by corresponding protein level (H:TAL treatment; L: MA treatment),,0.5408478887859437
HS2024_4_PD_T3,,
WZ2023_Su_005_30min,0.3529748359062051,0.5364230033083642
SR2019_HCC1419_Biol_repl_4,,
JJ2018_Ratio H/M normalized___2,,
SR2019_JIMT1_Biol_repl_3,,
AS2011_Ratio H/L Protein,,0.5409533398132249
UK2020_HCM_3,,
NJH2024_Sub10_HIIT_Post,,
CR2017_Ratio Replicate 3.1,,0.5458764340749511
WZ2023_Su_025_10min,0.3374321666313898,0.5328084170706977
AH2018_LFQ_IT_4_X,,0.5370605846338066
CP2009_Ratio H/L,,
VOI2024_0.1uM 24 h_3 mono,,
RB2022_4_RecoverySprint,,
RM2024_Intensity D6-3,,
WZ2023_Su_005_20min,0.34887467139240425,0.5371733469071425
CW2012_10 µM Gef/control Experiment 1 Replicate B,,
SFR2015_HL_log2_ratio_avg_a,,0.5388414872577413
CW2012_10 µM Erl/control Experiment 3 Replicate A,,
RB2022_1_PreEndurance,,
FSO2012_Ratio -/+ 3-MB-PP1 exp. wt3a,,0.5386756498592086
LG2023_GSK3α-2_intensity,,
EP2017_Pervanadate R#1 log2 ratio,,0.5325992292701172
NJH2025_Sub6_HIIT_Post,,
RB2022_6_RecoverySprint,,
KS2014_Intensity,0.3561230980344395,0.5434963049207778
MV2014_Ratio H/M normalized A2___1 (2 min),,
PG2020_Intensity 8h_D,0.35739556347970247,
LY2019_P7+,,0.5382593656201301
EP2017_Untreated R#1 normalized log2 ratio,,0.5220774834166166
RN2012_L10,,
PG2020_Intensity 4h_C,0.3554630992477929,0.536127906457316
EP2017_Mitotic R#3 normalized log2 ratio,,0.5516448065412664
FSO2012_Ratio -/+ 3-MB-PP1 exp. as4,,0.5395827646949273
DB2022_LFQ intensity L1,,
KBE2022_Log2_Ex_24_T,,0.5395873292234348
RB2022_8_PostStrength,,
AH2018_SILAC_IT_2_X,,0.5412368528287306
HS2024_4_B_T3,,
NJH2024_Sub2_HIIT_Post,,
HS2024_8_B_N2,,
NJH2025_Sub8_HIIT_Pre,,
JJ2018_Ratio H/L normalized pP2___1,,
HS2024_8_I_T2,,
KBE2022_Log2_Ex_6_U,,0.539619765590179
LATM2013_Normalized Log2 Ratio (Light/Medium) Reverse,,
CR2017_Ratio Replicate 1.1,,0.5355601629373477
CKC2017_log2 normalized phosphoproteomics_30min_rep#1,,
MV2014_Ratio M/H normalized B3___2 (30 min),,
CK2022_16 200-1,,
VOI2024_0.1uM 2 h_3 di,,
EP2017_Mitotic R#1 normalized log2 ratio,,0.5556812995862408
GF2025_P9_Sph,,
CK2022_6 200-1,,
NJH2024_Sub7_MICT_Post,,
AH2018_TMTMS3_2_X,,0.5352738473889007
NJH2024_Sub8_HIIT_Post,,
DB2022_LFQ intensity R1,,
JW2015_Intensity cap3,,
SR2019_HCC1954_Biol_repl_1,,
HS2024_4_I_T2,,
NJH2024_Sub2_MICT_Mid,,
VOI2024_0.1uM 2 h_2 mono,,
CP2009_Ratio M/L Normalized (5 nM dasatinib vs Ctrl),,
FSO2012_Ratio -/+ 3-MB-PP1 exp. as3b,,
HS2024_4_PD_T1,,
SAS2015_AZD/DMSO_Exp1,,
NJH2024_Sub1_MICT_Mid,,
IMM2018_normalised rep. int. CDK5L-3,,
HS2024_3_B_T3,,
MV2014_Ratio L/H normalized A3___2 (2 min),,
NJH2025_Sub13_MICT_Pre,,
SR2019_MDAMB231_Biol_repl_3,,
GRW2016_Ratio H/L normalized SILAC 4___1,,
MM2018_Ratio H/L replicate1,,
PG2020_Intensity 2h_D,0.339733829182967,
EP2017_Untreated R#3 normalized log2 ratio,,0.54415070195683
MV2014_Ratio M/H normalized A3___3 (10 min),,
NJH2024_Sub7_HIIT_Pre,,
JAW2011_Ratio H/L LS2,,
CK2022_8 200-1,,
KS2014_Intensity pY_C4,,
CR2017_Ratio Replicate 3.5,,
RB2022_7_PostEndurance,,
NJH2025_Sub4_HIIT_Pre,,
CKC2017_log2 normalized phosphoproteomics_90min_rep#3,,
TM2022_mock.12h.A,,
JJ2018_Ratio H/L normalized pP1,,
EP2017_Pervanadate R#2 normalized log2 ratio,,0.536439706854947
AS2011_Ratio H/L Normalized by Protein (Unnormalized),0.354361684782268,0.5377286433401567
KS2014_Intensity pY_E5_4,,
RM2024_Intensity D4-3___2,,
CKC2017_log2 normalized phosphoproteomics_15min_rep#1,,
AH2018_SILAC_2_C,,
AS2011_RNAi 2_Ratio H/L normalized by corresponding protein level (H: shPlk1; L: shEg5),,
HS2024_7_I_N1,,
KBE2022_Log2_Ex_29_T,,0.5392844839302631
HS2024_7_I_T2,,
AS2011_Ratio H/L Normalized RNAi_2_3,,
CW2012_10 µM Gef/control Experiment 3 Replicate B,,
HS2024_6_B_T2,,
AMK2021_45I_p5,,
CW2012_10 µM Erl/control Experiment 1 Replicate A,,
SAS2015_PLX/DMSO_Exp2,,
EJN2021_1_Ex_Basal,,
FR2021_Intensity.M,,
RB2022_2_PostSprint,,
AH2018_SILAC_MR_3_N,,
MV2014_Ratio H/L normalized B1___3 (30 min),,
CF2017_FTE 13,,
PG2020_Intensity CT_C,0.35606365486376634,0.5324237608234891
ZCP2016_Ratio H/L Rep 1,,
FS2019_db/db2,,
KS2014_Intensity pY_PV4,,
KBE2022_Log2_Ex_39_U,,0.5396422287244572
EP2017_Untreated R#3 log2 ratio,,0.544200429045417
RB2022_2_PostStrength,,
AS2011_Ratio H/L Normalized_1,0.35008351780475,0.5405585560031686
MV2014_Ratio M/H normalized A3___2 (10 min),,
CR2017_Ratio Replicate 3.4,,
HS2024_8_PD_T2,,
FS2019_Ctr2,,
RB2022_6_PreEndurance,,
FR2021_Norm.Intensity.G,,
NJH2025_Sub9_HIIT_Post,,
CKC2017_log2 normalized phosphoproteomics_0min_rep#3,,
RM2024_Intensity D4-3,,
HS2024_8_B_N1,,
NJH2025_Sub10_MICT_Mid,,
KBE2022_Log2_Ex_15_U,,0.5394160444226155
AS2011_Ratio H/L Normalized Inhi_2,,
RKK2015_TNF-α/SC-514,,
RB2022_3_PreSprint,,
CR2017_Ratio Replicate 2.3,,0.5479323813901968
RM2009_Ratio M/L Normalized by Corresponding Protein Level (M:15 min timepoint;L:0 min. timepoint),,
CP2009_Ratio H/L Normalized (50 nM dasatinib vs Ctrl),,
GF2025_P4_Adh,,0.5423196716779596
YA2020_Reporter_intensity_Normal_No.2,,
YP2020_Intensity P30_R2_mult_log2,,
NJH2025_Sub13_MICT_Post,,
HS2024_4_B_N2,,
HS2024_3_PD_T3,,
AMK2021_120R_p3,,
MV2014_Ratio L/H normalized A3___3 (2 min),,
NJH2025_Sub10_HIIT_Pre,,
FR2021_Intensity.G,,
RAM2015_Log2 C,,0.540027937879831
AS2011_Ratio H/L Proteins Inhi_1,,0.5403077729510467
FSO2013_Ratio H/M normalized Rep1___3,,
AH2018_LFQ_M_2_N,,0.5401501225420153
MV2014_Ratio M/L normalized A1___3 (2 min),,
KBE2022_Log2_Ex_40_T,,0.539277254106137
CK2022_2 16-1,,
RAM2015_Log2 B,0.3662014846335126,0.5393644931034004
YP2020_Intensity C10_R1_mult_log2,,
FSO2013_Ratio M/L normalized Rep1___2,,
NJH2025_Sub8_MICT_Pre,,
EJN2021_4_Rest_Basal,,
YB2013_Ratio_H_L_Normalized_in_experiment_2,,
JJ2018_Ratio H/M normalized pP3___1,,
VOI2024_Veh2 mono,,
HS2024_6_B_T1,,
UK2020_HCM_5,,
NJH2025_Sub10_HIIT_Post,,
VOI2024_0.1uM 2 h_3 mono,,
JW2015_Intensity pre3,,
AS2011_Ratio H/L Normalized Inhi_2_1,,0.5413019073297923
DL2023_24h-3,,
HS2024_7_PD_T3,,
PG2020_Intensity Mock_10h_B,0.3512883124268137,
WZ2023_Su_025_30min,0.35758505541315677,0.5393715830825129
AH2018_LFQ_4_N,,0.5390350603436289
CR2017_Ratio Replicate 1.2,,0.5426418637914191
AS2011_Ratio H/L Normalized by Proteins,0.3543451911488133,0.5363446017668967
RB2022_6_RecoveryStrength,,
HS2024_8_I_N1,,
AMK2021_Ctrl_p3,,
AS2011_Ratio H/L Protein Inhi_2,,0.5399829085417609
HH2022_Reporter intensity 7,,0.5414946332450171
AH2018_SILAC_M_1_X,,0.5369691706743996
RB2022_7_PreEndurance,,
VOI2024_0.1uM 24 h_2 di,,
DL2023_control-2,,
LY2019_P6+,,0.5426534228442212
DB2022_LFQ intensity R2,,
GF2025_P6_Adh,,
VOI2024_Veh1 di,,
AS2011_Ratio H/L RNAi_2,0.3628513774686559,
FSO2012_Ratio -/+ 3-MB-PP1 exp. as3,,0.5439259622545715
VOI2024_Veh3 mono,,
HS2024_5_I_T2,,
NJH2025_Sub7_HIIT_Mid,,
MV2014_Ratio H/L normalized B1___1 (30 min),,
RM2009_Ratio H/L (H:60 min timepoint;L:0 min. timepoint),,
RB2022_6_PostSprint,,
KTGR2014_Ratio H L Normalized Rep2_Rapamycin_0_15,,
AS2011_Ratio H/L Inhi_1,,0.5403255333134374
AS2011_Ratio H/L Normalized RNAi_1_2,,
AH2018_TMTMS3_2_C,,0.5368430654318183
SR2019_Hs578T_Biol_repl_4,,
RB2022_8_PreStrength,,
KS2014_Intensity C5,0.35536827324777226,0.5374108510293628
RM2024_Intensity D0-1,,
CW2012_10 µM Gef/control Experiment 3 Replicate A,,
YP2020_Intensity P30_R1_mult_log2,,
NJH2025_Sub2_HIIT_Pre,,
RB2022_3_RecoveryEndurance,,
RNJ2017_Log2_ratio_Tstim:Trest_D2,,
GF2025_P9_Adh,,
RB2022_3_PostStrength,,
TM2022_S2.8h.A,,
AS2011_Ratio H/L RNAi_1_1,,
AS2011_Ratio H/L Normalized by Proteins RNAi_2,,
FSO2012_Ratio -/+ 3-MB-PP1 exp. wt1,,0.5338966536204993
AS2011_Ratio H/L Normalized by Protein Inhi_1,,
NJH2025_Sub2_MICT_Pre,,
MV2014_Ratio L/M normalized A2___3 (10 min),,
MV2014_Ratio H/M normalized A2___3 (2 min),,
HS2024_4_B_T2,,
SR2019_BT549_Biol_repl_1,,
AH2018_LFQ_M_4_N,,0.539746071834681
NJH2024_Sub8_HIIT_Mid,,
PG2020_Intensity 8h_B,0.3516654974319245,0.5405547758137665
AH2018_LFQ_2_X,,0.5378275337904691
PG2020_Intensity 2h_B,,0.5377878723693674
AS2011_Ratio H/L Proteins RNAi_1,,
RB2022_4_PostSprint,,
KS2014_Intensity E15_3,,0.539086084216557
GF2025_P3_Sph,,0.536814468447824
DB2022_LFQ intensity L2,,
MV2014_Ratio H/L normalized A1___1 (10 min),,
AH2018_SILAC_1_C,,0.5366331942645499
NJH2024_Sub1_HIIT_Pre,,
FSO2013_Ratio M/L normalized Rep2___2,,
NJH2015_TMT Subject 4 130_N/129_C (Exercise/Basal) (normalized),,
AS2011_Ratio H/L RNAi_2_3,0.3595541338558375,
AH2018_SILAC_IT_1_N,,0.5413808780749849
KTGR2014_Ratio H M Normalized Rep2_AA_starvation_0_15,,
RB2022_4_PreEndurance,,
JJ2018_Ratio M/L normalized pP1,,
CR2017_Ratio Replicate 2.4,,
ZQ2022_N1,,0.5425543528126597
LY2019_P6-,,0.53591849685747
RM2024_Intensity D2-3,,
UK2020_HCM_1,,
JW2015_Intensity pre2,,
KTGR2014_Ratio M L Normalized Rep1_AA_starvation_0_15,,
RM2024_Intensity D2-1,,
NJH2025_Sub12_MICT_Post,,
MV2014_Ratio H/M normalized B2___2 (5 min),,
RN2012_L14,,0.5400481605518705
AH2018_LFQ_3_N,,0.5396227953967654
RKK2015_TNF-α/IKKb,,
SFR2015_HL_log2_ratio_std_b,,
UK2020_UA_1,,
KBE2022_Log2_Ex_13_U,,0.5386199930882566
AS2011_Ratio H/L Normalized Inhi_1,,0.5403513676672586
RNJ2017_Log2_ratio_Tsup:Trest_D2,,
RB2022_1_RecoverySprint,,
CKC2017_log2 normalized phosphoproteomics_120min_rep#1,,
JJ2018_Ratio H/L normalized pP3,,
CK2022_7 40-1,,
AS2011_Ratio H/L Inhi_1_3,,0.5401162990261132
NJH2025_Sub10_HIIT_Mid,,
KTGR2014_Ratio H L Normalized Rep2_AA_starvation_0_15,,
JAW2011_Ratio H/L LS1b_1,,
PG2020_Intensity 4h_B,,0.5380234468359661
SR2019_BT549_Biol_repl_2,,
RM2024_Intensity D4-2,,
DB2022_LFQ intensity R2.2,,
JJ2018_Ratio H/L normalized,,
RB2022_5_PostEndurance,,
HS2024_5_PD_T2,,
WZ2023_Su_025_20min,0.35583600344769867,0.5398750258727403
RM2024_Intensity D2-2___1,,
IMM2018_normalised rep. int. CDK5L-2,,
LY2019_P8-,,0.5420681043029337
JVO2010_Ratio H/M Normalized by Protein ThymON - Log2 G2,0.3618043130314024,0.5393445824426574
CKC2017_log2 normalized phosphoproteomics_15min_rep#3,,
FSO2013_Ratio H/L normalized Rep1,,0.5408988454050303
NJH2024_Sub2_HIIT_Pre,,
CKC2017_log2 normalized phosphoproteomics_60min_rep#2,,
CK2022_13 40-1,,
FSO2012_Ratio -/+ 3-MB-PP1 exp. wt4a,,0.5405288792169837
RN2012_H02,,
PG2020_Intensity 10h_D,0.3511862118809905,0.5412329874890537
RB2022_8_PreEndurance,,
HS2024_3_B_N2,,
EJN2021_4_Ex_Ins,,
AS2011_Ratio H/L Normalized by Protein,0.3543451911488133,0.5363446017668967
EJN2021_1_Ex_Ins,,
EP2017_Pervanadate R#3 log2 ratio,,0.538491772320937
FSO2013_Ratio M/L normalized Rep1___3,,
NJH2025_Sub4_HIIT_Mid,,
RCJD2014_5min_2,,
RB2022_6_PostStrength,,
AH2018_SILAC_MR_3_C,,
AH2018_LFQ_M_4_C,,
NJH2024_Sub4_MICT_Pre,,
AS2011_Ratio H/L Normalized Inhi_1_1,,0.5401162990261132
DL2023_12h-1,,
MV2014_Ratio L/M normalized B2___1 (30 min),,
DB2022_LFQ intensity L1.1,,
NJH2025_Sub6_MICT_Pre,,
NJH2025_Sub6_MICT_Post,,
CKC2017_log2 normalized phosphoproteomics_60min_rep#3,,
RN2012_H04,,0.5379565210649407
CK2022_6 40-1,,
DB2022_LFQ intensity R2.1,,
KBE2022_Log2_Ex_42_U,,0.5394933153029379
LY2019_P3-,,0.5422879836553279
FR2021_Intensity.A,,
EJN2021_3_Ex_Ins,,
MV2014_Ratio M/L normalized A1___1 (2 min),,
WZ2023_Pe_005_30min,0.36302082718326734,0.5398012554922778
HS2024_8_PD_T3,,
EJN2021_3_Ex_Basal,,
AST2020_Control.1,,
JW2015_Intensity cap1,,
PG2020_Intensity CT_A,,0.5325700502100786
FS2019_Ctr3,,
WZ2023_Pu_025_20min,0.3569558784990294,0.5392470231803217
NJH2025_Sub4_MICT_Post,,
JVO2010_Ratio H/M Normalized by Protein Noco3h - Log2 Late S,0.3630765257108569,0.5370080909710271
GF2025_P10_Adh,,
RB2022_1_RecoveryStrength,,
SR2019_HCC1954_Biol_repl_4,,
FR2021_Norm.Intensity.N,,
HS2024_5_B_N1,,
FSO2013_Ratio H/M normalized Rep3___3,,
AH2018_TMTMS2_2_C,,0.5446542120065185
RB2022_4_PreSprint,,
DB2022_Intensity R2,,
AH2018_TMTMS2_Pool,,0.5370823760084324
HS2024_8_I_N2,,
RB2022_3_RecoveryStrength,,
NJH2024_Sub6_HIIT_Mid,,
AH2018_SILAC_M_1_C,,0.5373463170830302
LY2019_P8+,,0.5423242974027949
RB2022_2_RecoveryEndurance,,
JJ2018_Ratio H/M normalized pP2___1,,
JAW2011_Ratio H/L HS_1,,
RB2022_3_PostEndurance,,
KS2014_Intensity pY_PV1,,
JAW2011_Ratio H/L LS1b_2,,
SR2019_MCF7_Biol_repl_2,,
NJH2015_TMT Subject 2 128_N/127_C (Exercise/Basal) (normalized),,
AS2011_Ratio H/L Normalized RNAi_1_1,,
AH2018_LFQ_M_4_X,,
NJH2024_Sub6_MICT_Pre,,
JJ2018_Ratio M/L normalized pP1___2,,
YP2020_Intensity C30_R2_mult_log2,,
NJH2024_Sub9_HIIT_Pre,,
AS2011_Ratio H/L Normalized Inhi_2_3,,0.5374237497494382
RM2024_Intensity D0-1___3,,
FSO2012_Ratio -/+ 3-MB-PP1 exp. wt3,,0.5347311092135872
KBE2022_Log2_Ex_28_U,,0.5396527063367855
GRW2016_Ratio H/L normalized SILAC 1___1,,
CF2017_FTE 17,,0.5381868077268742
LY2019_P2-,,0.539067661900319
AH2018_LFQ_IT_1_X,,0.5365903272922229
JJ2018_Ratio H/L normalized pP3___1,,
RB2022_8_RecoveryStrength,,
WZ2023_Pe_005_20min,0.3632447251928886,0.5399794895236913
AST2020_Control.2,,
NJH2025_Sub6_MICT_Mid,,
RCJD2014_10min_1,,
FSO2013_Ratio H/L normalized Rep2___3,,
JVO2010_Ratio M/L Normalized by Protein Noco3h - Log2 G1,0.3607170873983518,0.5454553926421665
HS2024_3_I_T1,,
FSO2012_Ratio -/+ 3-MB-PP1 exp. as2a,,0.5450411873125295
CK2022_4 40-1,,
SR2019_MCF10A_Biol_repl_4,,
KS2014_Intensity pY_C5,,
NJH2025_Sub4_MICT_Pre,,
NJH2024_Sub9_MICT_Post,,
CF2017_OSE 28,,
HS2024_5_B_T2,,
HS2024_6_I_T1,,
HS2024_5_B_T3,,
JJ2018_Ratio H/M normalized pP1___1,,
KBE2022_Log2_Ex_36_U,,0.5387059448085304
AH2018_TMTMS3_3_N,,0.5376193989041489
SR2019_HCC1419_Biol_repl_2,,
FR2021_Intensity.N,,
AS2011_Ratio H/L Inhi_2_1,,
AH2018_SILAC_MR_1_C,,
NJH2024_Sub1_HIIT_Mid,,
NJH2025_Sub8_HIIT_Mid,,
EP2017_Mitotic R#3 log2 ratio,,0.5539076977517751
KBE2022_Log2_Ex_36_T,,0.5396856484336845
NJH2025_Sub6_HIIT_Mid,,
WZ2023_Pu_005_30min,0.3596678294712649,0.5396612114208483
KS2014_Intensity C2,0.35631729743715285,0.5360566670544807
FSO2013_Ratio H/L normalized Rep1___2,,
RM2024_Intensity D2-2,,
KBE2022_Log2_Ex_42_T,,0.5395848018560894
CK2022_9 200-1,,
GRW2016_Ratio H/L normalized SILAC 2___1,,
JJ2018_Ratio H/M normalized pP3___2,,
DB2022_LFQ intensity R1.1,,
CK2022_10 200-1,,
NJH2024_Sub9_MICT_Mid,,
JAW2011_Ratio H/L_2,,
HS2024_7_I_N2,,
RBK2021_1332T Late,,
LY2019_P1-,,0.5414215919614528
RKK2015_TNF-α/basal.1,,
RKK2015_TNF-α/TNF-α+SC-514,,
CR2017_Ratio Replicate 2.5,,
HS2024_3_I_T3,,
CKC2017_log2 normalized phosphoproteomics_90min_rep#2,,
AS2011_Ratio H/L Normalized RNAi_1,,
KS2014_Intensity E15_4,,0.5376857823870382
ZQ2022_C3,,0.5397375174447456
EJN2021_3_Rest_Ins,,
YP2020_Intensity P10_R2_mult_log2,,
MV2014_Ratio H/L normalized A1___3 (10 min),,
NJH2025_Sub1_MICT_Pre,,
KBE2022_Log2_Ex_39_T,,0.5399132856118869
FSO2013_Ratio H/M normalized Rep3___2,,
RM2024_Intensity D6-2,,
EP2017_Untreated R#1 log2 ratio,,0.5221276462721206
RKK2015_SC-514/basal,,
RM2024_Intensity D6-1___3,,
WZ2023_Pu_010_10min,0.3501190741094538,0.5368155106686828
NJH2025_Sub9_HIIT_Mid,,
SR2019_SKBR3_Biol_repl_4,,
HS2024_5_I_T3,,
KS2014_Intensity N1,0.3476640620433178,0.5464719401684409
NJH2024_Sub12_MICT_Post,,
TM2022_S2.8h.C,,
CR2017_Ratio Replicate 1,,0.5365310704805413
AS2011_RNAi 1_Ratio H/L normalized by corresponding protein level (H: shPlk1; L: shEg5),,
CKC2017_log2 normalized phosphoproteomics_30min_rep#3,,
JJ2018_Ratio H/M normalized pP3,,
AH2018_SILAC_MR_2_C,,
LATM2013_Log2 Ratio (Medium/Light) Forward,,
PG2020_Intensity 2h_A,0.34973932273530584,0.5370567824923888
NJH2024_Sub6_MICT_Mid,,
NJH2025_Sub13_HIIT_Post,,
AH2018_SILAC_MR_3_X,,
JJ2018_Ratio H/M normalized___1,,
RCJD2014_15min_2,,
AS2011_Ratio H/L_2,,
AS2011_Ratio H/L Normalized,0.35624192411261807,0.5380489837018231
RN2012_H03,,0.5398070676024133
HS2024_5_B_N2,,
HS2024_5_I_N1,,
HS2024_6_I_N1,,
AR2021_KD 48h,,0.5379791901333596
FR2021_Intensity.B,,
RB2022_3_PreEndurance,,
HS2024_5_I_T1,,
NJH2024_Sub10_MICT_Pre,,
SR2019_LM2_Biol_repl_2,,
AST2020_anti-CD3,,
SR2019_MDAMB231_Biol_repl_1,,
RM2024_Intensity D2-3___3,,
WZ2023_Pe_005_10min,0.3595235380587467,0.5387207355166852
KBE2022_Log2_Ex_29_U,,0.5401136061607308
HS2024_7_B_T1,,
AH2018_LFQ_M_2_X,,0.5388934959233164
AH2018_LFQ_IT_4_N,,0.5384986766502821
CK2022_15 200-1,,
RM2024_Intensity D4-1___2,,
JJ2018_Ratio H/M normalized,,
JJ2018_Ratio M/L normalized pP3___1,,
KBE2022_Log2_Ex_34_T,,0.5402171154618386
CKC2017_log2 normalized phosphoproteomics_0min_rep#2,,
LY2019_P2+,,0.5442207875803783
LATM2013_Log2 Ratio (Light/Medium) Reverse,,
CK2022_2 200-1,,
AS2011_Ratio H/L Protein RNAi_2,0.3590248502685133,
MV2014_Ratio L/H normalized A3___1 (2 min),,
WZ2023_Su_010_30min,0.35674659445668117,0.5371059493452555
RN2012_H01,,
KTGR2014_Ratio-Rapa 2 mins,,
EJN2021_2_Rest_Basal,,
KS2014_Intensity pY_E5_3,,
MM2018_Ratio H/L replicate 3,,
EP2017_Pervanadate R#1 normalized log2 ratio,,0.532361302922441
HS2024_8_B_T3,,
YA2020_Reporter_intensity_Cancer_No.3,,
KBE2022_Log2_Ex_44_U,,0.5395387562307822
WZ2023_Pe_010_20min,0.3629890929137806,0.5402429826173933
KS2014_Intensity pY_C6,,
AS2011_Ratio H/L Normalized_3,,
RCJD2014_15min_mean,,
RB2022_3_PreStrength,,
NJH2015_iTRAQ Subject 3 116/117 (Exercise/Basal) (normalized),,
RCJD2014_10min_mean,,
KS2014_Intensity C1,0.36024752133414006,0.5380215355929759
FSO2013_Ratio H/M normalized Rep3___1,,0.5369958085619942
AH2018_SILAC_M_3_C,,0.5370305798623014
RKK2015_TNF-α+IKKb/TNF-α,,
RM2024_Intensity D0-3___2,,
FSO2012_Ratio -/+ 3-MB-PP1 exp. wt2a,,0.5429647318677945
AH2018_SILAC_M_2_C,,0.5381700382337673
AH2018_SILAC_M_2_X,,0.5383378600834874
KTGR2014_Ratio-Rapa 15 mins,,
RM2024_Intensity D4-2___1,,
KBE2022_Log2_Ex_15_T,,0.5393860745485722
VOI2024_0.1uM 24 h_1 di,,
WZ2023_Su_010_10min,0.35440794613759175,0.5384152583115855
PG2020_Intensity 6h_C,0.3603644840513625,0.5403022908173919
JVO2010_Ratio M/L Normalized by Protein Noco45 - Log2 mitosis,0.3751410291446045,0.5448867459687722
JJ2018_Ratio M/L normalized pP1___1,,
AH2018_LFQ_M_3_N,,0.5402116423362342
VOI2024_0.1uM 24 h_2 mono,,
AH2018_TMTMS2_3_C,,0.5439269669916158
CK2022_15 16-1,,
CK2022_3 16-1,,
LY2019_P4-,,0.5390724970976962
FSO2013_Ratio H/L normalized Rep3___2,,
KS2014_Intensity pY_PV2,,
HS2024_3_I_N2,,
GF2025_P8_Adh,,
YC2018_Log2(SKBR3-LR/SKBR3)_Rep.2-2,,
GF2025_P5_Sph,,0.5369288809830434
CK2022_10 16-1,,
KTGR2014_Ratio H L Normalized Rep1_AA_starvation_0_15,,
VOI2024_0.1uM 2 h_2 di,,
NJH2015_TMT Pool 131/130_C (Exercise/Basal) (normalized),,
NJH2024_Sub2_HIIT_Mid,,
AMK2021_45I_p3,,
NJH2024_Sub13_HIIT_Mid,,
DB2022_LFQ intensity R1.2,,
DB2022_Intensity R1,,
NJH2024_Sub12_MICT_Mid,,
KTGR2014_Ratio M L Normalized Rep1_Rapamycin_0_15,,
UK2020_HCM_4,,
SAS2015_AZD/DMSO_Exp2,,
IMM2018_normalised rep. int. CDK5L-1,,
DB2022_LFQ intensity L2.2,,
KTGR2014_Ratio H M Normalized Rep1_AA_starvation_0_15,,
EP2017_Mitotic R#1 log2 ratio,,0.5572521337708022
EJN2021_2_Ex_Basal,,
RM2009_Ratio H/L Normalized by Corresponding Protein Level (H:60 min timepoint;L:0 min. timepoint),,
KTGR2014_Ratio-Rapa 30 mins,,
CKC2017_log2 normalized phosphoproteomics_90min_rep#1,,
CF2017_FTE 16,,
AR2021_L41 10 μM,,0.537783590172401
CF2017_EOC 2,,0.5404986620316328
RB2022_6_PostEndurance,,
AH2018_SILAC_1_N,,0.537672567692219
NJH2024_Sub10_HIIT_Pre,,
AS2011_Ratio H/L Inhi_1_2,,
UK2020_HCM_6,,
RB2022_7_PreSprint,,
NJH2024_Sub2_MICT_Pre,,
HS2024_3_PD_T2,,
CK2022_6 16-1,,
ZX2022_CB treated Replicate 1,,
BS2014_Log2(Ratio H/L normalized Rep_3),,
TM2022_mock.12h.C,,
GRW2016_Ratio M/L normalized SILAC 5a___1,,
HH2022_Reporter intensity 0,,0.5375527406261915
RM2024_Intensity D2-2___2,,
JC2019_Normalised_intensity_B_TiOx_Testis_sample_URO0126,,
RB2022_1_PreStrength,,
JJ2018_Ratio H/M normalized pP2___2,,
AH2018_TMTMS2_2_X,,0.5424117166292877
AR2021_L41 1 μM,,0.5383856861501732
JJ2018_Ratio H/M normalized pP1___2,,
AH2018_TMTMS2_1_N,,0.5444893721349984
NJH2025_Sub10_MICT_Pre,,
JVO2010_Ratio H/M Normalized by Protein Noco45 - Log2 early S,0.3541673768116206,0.5379369186015489
ZX2022_Control Replicate 3,,
KS2014_Intensity C4,0.3482309010867006,0.5384644700210568
AS2011_Ratio H/L Inhi_2,,
KBE2022_Log2_Ex_18_T,,0.5391283488817293
NJH2025_Sub9_MICT_Pre,,
RCJD2014_20min_1,,
MV2014_Ratio H/M normalized B2___1 (5 min),,
FSO2013_Ratio M/L normalized Rep2___3,,
JC2019_Normalised_intensity_C_TiOx_Testis_sample_URO0158,,
SR2019_MCF10A_Biol_repl_3,,
HS2024_7_B_T2,,
SAS2015_PLX/DMSO_Exp3,,
AMK2021_Ctrl_p5,,
NJH2025_Sub2_HIIT_Mid,,
AH2018_LFQ_M_3_C,,0.5388162297458933
CKC2017_log2 normalized phosphoproteomics_15min_rep#2,,
YA2020_Reporter_intensity_Cancer_No.2,,
FSO2013_Ratio H/M normalized Rep2___3,,
RB2022_8_PreSprint,,
AH2018_SILAC_IT_3_C,,0.5375344203799922
WZ2023_Pu_025_10min,0.3611181647876821,0.5396758503899028
RM2024_Intensity D2-2___3,,
AS2011_Ratio H/L_1,0.35008351780475,0.5403685086079986
RCJD2014_10min_3,,
FSO2013_Ratio M/L normalized Rep3___1,,0.5398634495888778
SR2019_JIMT1_Biol_repl_4,,
YP2020_Intensity C10_R2_mult_log2,,
ZCP2016_Ratio H/L Rep 2,,
CF2017_EOC 4,,0.5390712299741788
JJ2018_Ratio H/L normalized pP1___1,,
WZ2023_Pe_010_30min,0.3648898687066082,0.5402987413279349
MV2014_Ratio L/M normalized B2___3 (30 min),,
AH2018_LFQ_IT_3_N,,
KS2014_Intensity C6,0.35676261875254867,0.5342650716468536
ZQ2022_N3,,0.5416385934272049
HW2015_Ratio H/L normalized Exp1,,
CK2022_12 40-1,,
NJH2024_Sub7_MICT_Pre,,
ZX2022_Control Replicate 1,,
JJ2018_Ratio H/M normalized pP1,,
CK2022_16 40-1,,
AH2018_SILAC_IT_2_C,,0.5375604549231713
CK2022_5 40-1,,
AH2018_LFQ_3_X,,
UK2020_UA_3,,
LY2019_P7-,,0.537791295657626
GF2025_P5_Adh,,0.5416038209130363
RB2022_1_PostStrength,,
JAW2011_Ratio H/L LS1b,,
FSO2013_Ratio H/L normalized Rep3___1,,0.53751176456951
SR2019_HCC1954_Biol_repl_3,,
CR2017_Ratio Replicate 2.2,,0.5395951136993422
VOI2024_0.1uM 2 h_1 mono,,
MV2014_Ratio L/M normalized A2___1 (10 min),,
RNJ2017_Log2_ratio_Tsup:Tstim_D3,,
CK2022_11 16-1,,
ZQ2022_C1,,0.540468573856347
CR2017_Ratio Replicate 2.1,,0.5393076444711415
PG2020_Intensity CT_B,,
JJ2018_Ratio M/L normalized___2,,
AH2018_SILAC_MR_1_N,,
KS2014_Intensity pY_E5_1,,
JW2021_Before_3,,
NJH2015_iTRAQ Subject 2 117/116 (Exercise/Basal) (normalized),,
MV2014_Ratio M/H normalized B3___3 (30 min),,
FS2019_db/db1,,
NJH2025_Sub9_HIIT_Pre,,
JAW2011_Ratio H/L_1,,
RCJD2014_20min_3,,
AH2018_LFQ_3_C,,
JJ2018_Ratio M/L normalized pP3___2,,
AMK2021_45I_p1,,
NJH2025_Sub8_HIIT_Post,,
AH2018_LFQ_M_3_X,,0.5391263325344305
YA2020_Reporter_intensity_Cancer_No.4,,
KS2014_Intensity pY_E5_2,,
FSO2013_Ratio H/L normalized Rep1___3,,
GF2025_P4_Sph,,0.5368035258551485
RB2022_2_PreEndurance,,
JW2021_Before_1,,
KBE2022_Log2_Ex_25_T,,0.5398476192853288
AS2011_Ratio H/L Normalized by Proteins Inhi_2,,
MV2014_Ratio L/M normalized A2___2 (10 min),,
JJ2018_Ratio M/L normalized___1,,
FR2021_Intensity.H,,
CK2022_14 16-1,,
AST2020_anti-CD3+PDL2,,
MV2014_Ratio M/L normalized B1___1 (5 min),,
KBE2022_Log2_Ex_19_T,,0.5381718614150915
KS2014_Intensity pY_N1,,
RB2022_1_RecoveryEndurance,,
FSO2013_Ratio H/M normalized Rep1___2,,
HS2024_8_I_T1,,
NJH2015_iTRAQ Subject 1 115/114 (Exercise/Basal) (normalized),,
EP2017_Mitotic R#2 log2 ratio,,0.5585604265375677
AH2018_TMTMS2_1_X,,0.5428483719353677
KTGR2014_Ratio M L Normalized Rep2_AA_starvation_0_15,,
ZCP2016_Ratio H/L Rep 3,,
AS2011_Ratio H/L Normalized RNAi_1_3,,
SR2019_MCF10A_Biol_repl_1,,
NJH2025_Sub8_MICT_Mid,,
EJN2021_5_Ex_Ins,,
HS2024_6_I_N2,,
HH2022_Reporter intensity 4,,0.540756505049759
RBK2021_1326T Late,,
TM2022_mock.12h.B,,
NJH2024_Sub12_MICT_Pre,,
RCJD2014_15min_3,,
MV2014_Ratio L/H normalized B3___2 (5 min),,
LG2023_Control-3_intensity,,
JJ2018_Ratio H/L normalized pP3___2,,
CF2017_FTE 15,,
HS2024_4_I_T3,,
AH2018_SILAC_1_X,,0.5365904266762682
PG2020_Intensity 10h_B,0.35804350056925216,0.5416841680917899
AH2018_TMTMS3_1_X,,0.5362762695734825
CF2017_FTE 14,,
NJH2024_Sub13_HIIT_Post,,
RM2024_Intensity D6-3___3,,
NJH2025_Sub7_HIIT_Pre,,
RBK2021_1259T Early,,
RKK2015_IKK+TNF-α/IKKb,,
FSO2012_Ratio -/+ 3-MB-PP1 exp. as1b,,
PG2020_Intensity 6h_A,0.3656178320672331,0.5391242311417455
SR2019_HCC1419_Biol_repl_3,,
KBE2022_Log2_Ex_14_T,,0.5395954185409713
EP2017_Untreated R#2 normalized log2 ratio,,0.5184435209837394
RM2024_Intensity D0-2___1,,
DB2022_Intensity L1,,
LY2019_P5+,,0.5425343902784878
HS2024_5_I_N2,,
SAS2015_PLX/AZD_Exp3,,
EP2017_Pervanadate R#2 log2 ratio,,0.5366660676726094
AS2011_Ratio H/L Normalized RNAi_2_1,0.3595541338558375,
