DatasetName,PCNT_C(1632) PCNT_S(1142) PCNT_S(1535) PCNT_S(1653) PCNT_S(1703) PCNT_S(2059) PCNT_S(2234) PCNT_S(2237) PCNT_S(2350) PCNT_S(2352) PCNT_S(2479) PCNT_S(2878) PCNT_S(2894) PCNT_S(2900) PCNT_S(3077) PCNT_S(3242) PCNT_S(3274) PCNT_S(3277) PCNT_S(3284) PCNT_S(44) PCNT_T(2367) PCNT_T(3282),PCNT_C(2192) PCNT_C(2194) PCNT_C(2195) PCNT_S(1006) PCNT_S(1245) PCNT_S(1814) PCNT_S(2) PCNT_S(2044) PCNT_S(2177) PCNT_S(2192) PCNT_S(2214) PCNT_S(2327) PCNT_S(2345) PCNT_S(2355) PCNT_S(2433) PCNT_S(2477) PCNT_S(2963) PCNT_S(3087) PCNT_S(3245) PCNT_S(3292) PCNT_S(3306) PCNT_S(4) PCNT_S(54) PCNT_S(6) PCNT_S(61) PCNT_S(610) PCNT_S(682) PCNT_S(813) PCNT_T(1010) PCNT_T(1013) PCNT_T(191) PCNT_T(2155) PCNT_T(2362) PCNT_T(3085) PCNT_T(3294) PCNT_T(510)
RM2024_Intensity D4-1___3,,
RB2022_4_PostEndurance,,
FSO2013_Ratio M/L normalized Rep3,0.4452341806356042,0.5353121871922595
SR2019_MCF7_Biol_repl_3,,
RKK2015_IKKb(K44M)+TNF-α/IKKb(K44M),0.43325725221258965,
SR2019_LM2_Biol_repl_1,,
RCJD2014_15min_1,,
AS2011_Ratio H/L Normalized by Proteins Inhi_1,,
CK2022_7 16-1,,
NJH2025_Sub12_HIIT_Mid,,
AH2018_LFQ_IT_1_C,0.4229763660294256,
RKK2015_TNF-α/basal,0.43818266101831876,
JJ2018_Ratio H/M normalized pP2,,
NJH2025_Sub12_MICT_Pre,,
NJH2025_Sub7_MICT_Post,,
DL2023_control-3,,
ZX2022_Control Replicate 2,0.4306966127476441,
HS2024_6_B_T3,0.43252618567924306,
JW2015_Intensity pre1,,
IMM2018_normalised rep. int. Empty-3,,
AMK2021_30R_p5,,
FSO2013_Ratio M/L normalized Rep1,0.4331023592666481,0.534864538494451
SR2019_MDAMB231_Biol_repl_4,,
GF2025_P2_Sph,,0.5403141114495775
FSO2012_Ratio -/+ 3-MB-PP1 exp. wt2b,,
NJH2025_Sub13_HIIT_Mid,,
CP2009_Ratio M/L,,
NJH2025_Sub7_HIIT_Post,,
KBE2022_Log2_Ex_44_T,0.4257169480908829,
DB2022_Intensity L2,,
TM2022_mock.4h.C,,
AST2020_anti-CD3.2,,0.5360767374458767
CW2012_10 µM Erl/control Experiment 1 Replicate B,,
HS2024_7_B_N1,,
FSO2013_Ratio M/L normalized Rep1___1,0.4291358077276541,0.5349221056358944
SAS2015_AZD/DMSO_Exp3,,
RM2024_Intensity D0-2___3,,
RM2024_Intensity D6-1,,
RB2022_8_RecoverySprint,,
RB2022_5_PreEndurance,,
CKC2017_log2 normalized phosphoproteomics_30min_rep#2,,
EP2017_Untreated R#4 normalized log2 ratio,0.4393037997610208,0.5181723509744046
WZ2023_Pu_010_30min,0.41437097796659544,0.5377328265098773
AS2011_Ratio H/L Proteins RNAi_2,,
RB2022_4_PreStrength,,
NJH2024_Sub4_MICT_Post,,
AH2018_LFQ_M_1_X,,0.5324601815694838
RB2022_8_RecoveryEndurance,,
KBE2022_Log2_Ex_14_U,0.4317952045053153,
FSO2013_Ratio M/L normalized Rep3___3,,
AH2018_TMTMS3_1_C,0.428776993571857,
JJ2018_Ratio H/L normalized___1,,
ZQ2022_C2,,
RB2022_5_PreSprint,,
PG2020_Intensity 8h_C,,
AH2018_SILAC_MR_2_N,,
MV2014_Ratio M/L normalized A1___2 (2 min),,
TM2022_S2.8h.B,,
MV2014_Ratio M/H normalized B3___1 (30 min),,
FSO2012_Ratio -/+ 3-MB-PP1 exp. as4a,,
RNJ2017_Log2_ratio_Tsup:Tstim_D2,,
RM2024_Intensity D6-1___2,,
NJH2025_Sub7_MICT_Mid,,
LY2019_P1+,0.435730818791674,0.5388859245868042
AS2011_Ratio H/L Proteins Inhi_2,,
BS2014_Log2(Ratio H/L normalized),,
UK2020_HCM_2,,0.5366436529933392
FSO2013_Ratio H/L normalized Rep2___2,0.43433825930608483,
EP2017_Pervanadate R#3 normalized log2 ratio,0.44862544996533366,0.5344165186430124
RM2024_Intensity D4-3___3,,
RB2022_5_PreStrength,,
NJH2024_Sub4_MICT_Mid,,
TM2022_S2.4h.A,,
RB2022_5_PostStrength,,
GF2025_P6_Sph,0.4387115420899202,0.5404931369844754
RB2022_2_PreSprint,,
ZX2022_CB treated Replicate 3,0.4286251034548966,
RM2024_Intensity D6-2___3,,
WZ2023_Pe_025_10min,0.41733447426151943,0.5361815046510192
AS2011_Ratio H/L Normalized by Proteins RNAi_1,,
AST2020_anti-CD3+PDL2.1,,0.5362421620821798
KBE2022_Log2_Ex_34_U,0.42631708534316065,
WZ2023_Pu_005_10min,0.4156425655715657,0.535524408962818
AS2011_Ratio H/L RNAi_2_1,,
NJH2024_Sub9_HIIT_Mid,,
CK2022_9 40-1,,
KTGR2014_Ratio H L Normalized Rep1_Rapamycin_0_15,,
LG2023_GSK3α-1_intensity,,
WZ2023_Pu_025_30min,0.41279359360185547,0.5348409095632037
AH2018_SILAC_MR_2_X,,
HS2024_4_PD_T2,,
NJH2024_Sub4_HIIT_Pre,,
RB2022_2_RecoverySprint,,
AS2011_Ratio H/L Protein RNAi_1,,
RM2024_Intensity D2-1___2,,
CR2017_Ratio Replicate 1.4,,
FR2021_Norm.Intensity.B,,
RM2024_Intensity D6-2___1,,
YC2018_Log2(SKBR3-LR/SKBR3)_Rep.2-1,,
RB2022_5_PostSprint,,
EJN2021_3_Rest_Basal,0.4293346644367724,0.534900073721702
CR2017_Ratio Replicate 1.3,,
AS2011_Ratio H/L Normalized by Protein RNAi_2,,
KTGR2014_Ratio-Rapa 7 mins,,
AMK2021_120R_p1,,
AH2018_SILAC_3_X,0.4299585064548857,
JJ2018_Ratio M/L normalized pP3,,
AH2018_SILAC_M_2_N,0.4252738904258152,
HS2024_7_PD_T2,0.42619845490379765,
FSO2013_Ratio H/L normalized Rep1___1,0.4349788033387988,0.5355986975613899
AH2018_LFQ_1_C,,
AS2011_Ratio H/L Normalized Inhi_1_3,,
KBE2022_Log2_Ex_28_T,0.43187005709022386,
HS2024_3_B_N1,,
RM2024_Intensity D4-2___3,,
WZ2023_Pe_025_30min,0.41535136226880154,0.5351412320217253
CK2022_11 40-1,,
CW2012_10 µM Erl/control Experiment 3 Replicate B,,
AH2018_SILAC_2_X,0.4222512733579228,
MV2014_Ratio H/M normalized A2___2 (2 min),,
AS2011_Ratio H/L RNAi_1_2,,
KS2014_Intensity E15_1,,0.5317012700602279
FSO2013_Ratio H/L normalized Rep2,0.4341817464442954,0.5325737844225982
WZ2023_Pu_005_20min,0.41528020532573323,0.5372184454563718
NJH2024_Sub10_MICT_Post,,
RM2024_Intensity D2-3___1,,
CR2017_Ratio Replicate 1.5,,
CW2012_10 µM Gef/control Experiment 2 Replicate B,,
HS2024_7_B_T3,0.43269148993818674,
CKC2017_log2 normalized phosphoproteomics_60min_rep#1,,
AS2011_Ratio H/L RNAi_1,,
JC2019_Normalised_intensity_A_TiOx_Testis_sample_URO0059,,
AH2018_LFQ_M_1_C,,
NJH2025_Sub7_MICT_Pre,,
SR2019_SKBR3_Biol_repl_2,,
HS2024_9_B_T2,0.43456988465905505,
KTGR2014_Ratio-AA 7 mins,,
MV2014_Ratio L/H normalized B3___3 (5 min),,
HS2024_3_PD_T1,0.4376431271866046,
FSO2013_Ratio M/L normalized Rep3___2,0.43141297763594366,
SR2019_BT549_Biol_repl_3,,
RCJD2014_20min_mean,,
FR2021_Norm.Intensity.H,,
RB2022_2_PreStrength,,
DB2022_LFQ intensity L1.2,,
HS2024_4_B_N1,,
KTGR2014_Ratio H M Normalized Rep2_Rapamycin_0_15,,
CK2022_1 16-1,,
CK2022_1 200-1,0.42742150686174957,
PG2020_Intensity Mock_10h_D,,
SR2019_MCF10A_Biol_repl_2,,
JJ2018_Ratio M/L normalized pP2___2,,
HS2024_6_PD_T1,0.4348546474341402,
JVO2010_Ratio M/L Normalized by Protein ThymON - Log2 G1/S,,
RB2022_6_RecoveryEndurance,,
FSO2012_Ratio -/+ 3-MB-PP1 exp. wt3b,,
EP2017_Mitotic R#2 normalized log2 ratio,0.4347373057094133,0.553639664719082
RCJD2014_5min_1,,
RM2024_Intensity D4-1___1,,
DL2023_24h-1,,
YC2018_Log2(SKBR3-LR/SKBR3)_Rep.1-1,,
FSO2012_Ratio -/+ 3-MB-PP1 exp. as2b,,
TM2022_S2.4h.C,,
SAS2015_PLX/AZD_Exp2,0.41612214110695567,
CR2017_Ratio Replicate 3.3,0.4291369832474347,
PG2020_Intensity 2h_C,,
VOI2024_Veh2 di,,
ZX2022_CB treated Replicate 2,0.42809122757780577,
KBE2022_Log2_Ex_8_T,0.4283270792361872,
NJH2025_Sub10_MICT_Post,,
HS2024_6_I_T3,0.43141633272068164,
RN2012_L11,0.42404440930476534,
AS2011_Ratio H/L Normalized Inhi_2_2,,
IMM2018_normalised rep. int. Empty-1,,
HS2024_5_PD_T1,0.43740453396374845,
AH2018_LFQ_M_2_C,,0.5338346918147384
CK2022_3 40-1,,
RBK2021_1260T Early,,
NJH2024_Sub4_HIIT_Post,,
HS2024_4_I_T1,0.42426104591384506,
YA2020_Reporter_intensity_Cancer_No.5,,
HH2022_Reporter intensity 8,,0.53552416007005
ZQ2022_N2,,
FSO2012_Ratio -/+ 3-MB-PP1 exp. wt1b,,
FSO2013_Ratio H/L normalized Rep3___3,,
AH2018_TMTMS3_2_N,0.42374026478074495,0.5365286067877223
EJN2021_5_Rest_Basal,0.4332885901412529,0.538718788098808
NJH2025_Sub2_HIIT_Post,,
NJH2025_Sub1_MICT_Post,,
HS2024_9_B_T1,0.43396908243591453,
FSO2012_Ratio -/+ 3-MB-PP1 exp. wt1a,,
JAW2011_Ratio H/L LS2_1,,
JVO2010_Log2 Ratio H/M Normalized aphidicolin,,
NJH2024_Sub6_HIIT_Pre,,
AH2018_SILAC_3_N,0.42888981509939156,
YA2020_Reporter_intensity_Normal_No.1,,
HS2024_3_B_T1,0.4320753976452734,
JJ2018_Ratio H/L normalized___2,,
RM2024_Intensity D0-2,,
MV2014_Ratio M/L normalized B1___2 (5 min),,
RB2022_7_PostStrength,0.42637718886800224,
RB2022_1_PostEndurance,0.43278506237071745,
CR2017_Ratio Replicate 3,,0.5412724745781906
SR2019_Hs578T_Biol_repl_3,,
MV2014_Ratio L/H normalized B3___1 (5 min),,
RBK2021_1244T Early,,
RB2022_3_PostSprint,,
NJH2024_Sub13_MICT_Mid,,
KTGR2014_Ratio-AA 2 mins,,
GF2025_P7_Sph,0.4309560831925598,0.5409077923343898
HS2024_8_I_T3,0.42548509283056485,
CF2017_EOC 3,0.4234773860408561,
LATM2013_Normalized Log2 Ratio (Medium/Light) Forward,,
HS2024_6_PD_T3,0.4303258834956566,
DL2023_12h-2,,
RM2024_Intensity D6-3___1,,
FS2019_Ctr1,,
WZ2023_Pu_010_20min,0.4215539290436308,0.537305383713395
AS2011_Ratio H/L_3,,
CK2022_1 40-1,,
RNJ2017_Log2_ratio_Tsup:Trest_D1,,
CK2022_8 16-1,,
KS2014_Intensity N3,0.4283698383387279,0.5336000379734531
RB2022_4_RecoveryEndurance,,
RB2022_5_RecoveryEndurance,,
JAW2011_Ratio H/L LS1a_2,,
NJH2024_Sub12_HIIT_Mid,,
AH2018_LFQ_IT_1_N,0.42643307947287296,
FSO2013_Ratio H/M normalized Rep2,0.4397892996900064,
RAM2015_Log2 A,0.4291057001106761,
HS2024_8_PD_T1,0.4287222381230435,
JJ2018_Ratio H/L normalized pP2,,
CF2017_OSE 27,0.43037129702233495,
KS2014_Intensity E15_2,,0.5332123300636558
BS2014_Log2(Ratio H/L protein),,
PG2020_Intensity 8h_A,,
HS2024_7_I_T1,0.4361156431497827,
VOI2024_Veh3 di,,
RKK2015_TNF-α+SC-514/basal,0.4337819846154458,
SR2019_JIMT1_Biol_repl_1,,
HW2015_Ratio H/L normalized Exp2,,
HS2024_3_I_N1,,
AH2018_SILAC_M_3_X,0.4306869840431094,
NJH2024_Sub9_HIIT_Post,,
AS2011_Ratio H/L RNAi_1_3,,
GRW2016_Ratio H/L normalized SILAC 1___2,,
NJH2025_Sub1_HIIT_Pre,,
YC2018_Log2(SKBR3-LR/SKBR3)_Rep.1-2,,
NJH2024_Sub4_HIIT_Mid,,
VOI2024_0.1uM 2 h_1 di,,
KBE2022_Log2_Ex_6_T,0.4298047603245349,
RM2024_Intensity D4-3___1,,
AH2018_LFQ_4_X,,
AS2011_Inhi 2_Ratio H/L normalized by corresponding protein level (H:TAL treatment; L: MA treatment),,
RB2022_8_PostEndurance,0.42505289541693453,
NJH2025_Sub4_MICT_Mid,,
YP2020_Intensity C30_R1_mult_log2,,
AST2020_anti-CD3.1,,0.5360888201947718
NJH2025_Sub4_HIIT_Post,,
EP2017_Untreated R#4 log2 ratio,0.43953914368195757,0.5188020679531589
HS2024_6_B_N1,,
KBE2022_Log2_Ex_27_T,0.4255480545387181,
CW2012_10 µM Gef/control Experiment 1 Replicate A,,
VOI2024_0.1uM 24 h_1 mono,,
AMK2021_120R_p5,,
AS2011_Ratio H/L Proteins,,
NJH2024_Sub7_HIIT_Post,,
NJH2015_TMT Subject 1 127_N/126 (Exercise/Basal) (normalized),,0.5371545486939072
AS2011_Ratio H/L RNAi_2_2,,
RB2022_7_RecoveryStrength,,
AH2018_SILAC_IT_3_X,0.42706318143550015,
JAW2011_Ratio H/L,,
PG2020_Intensity 10h_C,,
FSO2013_Ratio M/L normalized Rep2,0.4396578769908535,0.5311875390536916
CP2009_Ratio H/M Normalized (50 nM dasatinib vs 5 nM dasatinib),,
HH2022_Reporter intensity 5,,0.5358567179032251
SR2019_HCC1954_Biol_repl_2,,
CK2022_14 40-1,,
RB2022_6_PreSprint,,
NJH2025_Sub12_MICT_Mid,,
PG2020_Intensity 4h_D,,
NJH2025_Sub2_MICT_Post,,
AH2018_LFQ_4_C,,
DL2023_control-1,,
AR2021_ALG 10 μM,,
JAW2011_Ratio H/L LS2_2,,
AH2018_SILAC_IT_3_N,0.4224259760514459,
EJN2021_4_Rest_Ins,0.42772619206888435,0.5340839918244713
RN2012_H05,0.4351331480747277,
NJH2024_Sub7_HIIT_Mid,,
GF2025_P2_Adh,,0.5355856473158259
FSO2012_Ratio -/+ 3-MB-PP1 exp. as4b,,
RB2022_8_PostSprint,,
EJN2021_1_Rest_Ins,0.4363160285106162,0.5377125187658105
HH2022_Reporter intensity 3,0.4295202640207967,0.5359517840947234
FSO2012_Ratio -/+ 3-MB-PP1 exp. wt4b,,
AH2018_SILAC_IT_1_C,0.42452787454338575,
JW2021_After_3,,
GF2025_P8_Sph,0.43703104948889204,0.5384614573359489
FSO2012_Ratio -/+ 3-MB-PP1 exp. wt4,,
JJ2018_Ratio M/L normalized pP2___1,,
AH2018_SILAC_2_N,0.4244371863747889,
CK2022_11 200-1,0.4316526469105591,
CK2022_12 200-1,0.4353347799771203,
AS2011_Ratio H/L Normalized by Protein RNAi_1,,
RM2024_Intensity D2-1___3,,
NJH2024_Sub1_MICT_Pre,,
HH2022_Reporter intensity 9,,0.5419440596481782
WZ2023_Su_010_20min,0.4163042775796948,0.5264997082126017
AH2018_TMTMS2_2_N,0.4311130211715178,0.5367794798690596
NJH2024_Sub13_MICT_Pre,,
KBE2022_Log2_Ex_41_U,0.42796786377328416,
NJH2015_TMT Subject 3 129_N/128_C (Exercise/Basal) (normalized),,0.5340518583781111
AH2018_TMTMS3_Pool,0.43180643471267804,0.5371098313252173
KS2014_Intensity N4,0.42829016524189467,0.5403252895284046
NJH2024_Sub1_HIIT_Post,,
MM2018_Ratio H/L replicate2,,
RM2024_Intensity D4-2___2,,
NJH2024_Sub13_HIIT_Pre,,
CF2017_OSE 26,0.4312625188907892,
CK2022_14 200-1,0.43411765499173627,
SR2019_Hs578T_Biol_repl_1,,
RB2022_7_PostSprint,0.43086225784383764,
TM2022_mock.4h.A,,
NJH2025_Sub12_HIIT_Pre,,
AH2018_TMTMS3_1_N,0.41643413017519476,0.5380308474255051
AST2020_anti-CD3+PDL2.2,,0.5365313559955701
PG2020_Intensity Mock_10h_A,,
JW2021_After_2,,
NJH2024_Sub2_MICT_Post,,
EJN2021_2_Rest_Ins,0.41753538849033817,0.5389713821684062
SR2019_LM2_Biol_repl_4,,
CP2009_Ratio H/M,,
JAW2011_Ratio H/L HS,,
CK2022_13 16-1,,
GF2025_P1_Adh,,0.5345589818046584
GF2025_P1_Sph,,0.5354682470388751
EJN2021_5_Ex_Basal,0.4323780441771021,0.5366956935964442
HS2024_7_I_T3,0.430576216159901,
JJ2018_Ratio H/L normalized pP2___2,,
WZ2023_Pe_010_10min,0.41969739800466976,0.5338155220123778
CF2017_EOC 1,0.4304260729394183,
CK2022_3 200-1,0.4269819074526261,
AH2018_LFQ_IT_3_C,0.4204923862938388,
SR2019_Hs578T_Biol_repl_2,,
NJH2024_Sub12_HIIT_Post,,
JJ2018_Ratio H/L normalized pP1___2,,
MV2014_Ratio H/L normalized A1___2 (10 min),,
NJH2024_Sub10_MICT_Mid,,
NJH2024_Sub13_MICT_Post,,
BS2014_Log2(Ratio H/L normalized Rep_1),,
RB2022_3_RecoverySprint,0.42491043678501056,
NJH2025_Sub1_HIIT_Mid,,
RCJD2014_20min_2,,
FSO2012_Ratio -/+ 3-MB-PP1 exp. wt2,,
HS2024_6_PD_T2,0.42618473928457434,
HS2024_5_B_T1,0.4320679135144719,
CW2012_10 µM Gef/control Experiment 2 Replicate A,,
DL2023_12h-3,,
SR2019_MDAMB231_Biol_repl_2,,
HS2024_3_B_T2,,
RB2022_6_PreStrength,,
CK2022_2 40-1,,
RB2022_1_PostSprint,0.42466175329708217,
CK2022_4 200-1,0.42726613690677445,
JW2021_Before_2,,
TM2022_S2.12h.A,,
MV2014_Ratio L/M normalized B2___2 (30 min),,
CK2022_5 16-1,,
AR2021_ALG 1 μM,,
HS2024_4_B_T1,0.43380487474085583,
MV2014_Ratio M/H normalized A3___1 (10 min),,
SR2019_BT549_Biol_repl_4,,
EJN2021_1_Rest_Basal,0.43552607802535714,0.5375683522713793
NJH2025_Sub8_MICT_Post,,
RCJD2014_5min_3,,
CR2017_Ratio Replicate 3.2,0.429719364706096,
FSO2012_Ratio -/+ 3-MB-PP1 exp. as3a,,
GF2025_P7_Adh,0.4267071016990542,0.5374904140586759
CK2022_9 16-1,,
NJH2024_Sub6_HIIT_Post,,
AMK2021_30R_p3,,
AS2011_Ratio H/L Normalized RNAi_2,,
RM2024_Intensity D0-2___2,,
KS2014_Intensity pY_N4,,
CK2022_13 200-1,0.43240657195054943,
AS2011_Ratio H/L Normalized_2,,
PG2020_Intensity 6h_D,,
CK2022_16 16-1,,
FS2019_db/db3,,
CK2022_15 40-1,,
NJH2024_Sub9_MICT_Pre,,
BS2014_Log2(Ratio H/L unmodified peptide),,
WZ2023_Su_005_10min,0.4149632371695338,0.5365075911277868
RM2009_Ratio M/L (M:15 min timepoint;L:0 min. timepoint),,
KBE2022_Log2_Ex_41_T,0.4264557560273711,
AMK2021_Ctrl_p1,,
AH2018_LFQ_IT_3_X,0.4222643799728448,
HS2024_5_PD_T3,0.43859528234498674,
AH2018_TMTMS3_3_X,0.42320489488573626,0.5382420393199615
FSO2012_Ratio -/+ 3-MB-PP1 exp. as2,,
KBE2022_Log2_Ex_40_U,0.43083731099460826,
AH2018_LFQ_M_1_N,,
KBE2022_Log2_Ex_27_U,0.42563643449322036,
HW2015_Ratio M/L normalized Exp3,,
RKK2015_TNF-α/IKKb(K44M),0.4353764085908915,
AH2018_SILAC_M_1_N,0.4274378924056219,
HW2015_Ratio M/L normalized Exp1,,
RB2022_5_RecoveryStrength,0.4331986794473135,
YP2020_Intensity P10_R1_mult_log2,,
RB2022_7_PreStrength,0.4319584658181446,
YA2020_Reporter_intensity_Normal_No.4,,
NJH2025_Sub13_HIIT_Pre,,
PG2020_Intensity CT_D,,
NJH2025_Sub9_MICT_Post,,
VOI2024_Veh1 mono,,
CK2022_12 16-1,,
RN2012_L13,0.43407216210765215,
LG2023_Control-1_intensity,,
RM2024_Intensity D6-3___2,,
KBE2022_Log2_Ex_8_U,0.4238031934544091,
SR2019_SKBR3_Biol_repl_3,,
NJH2024_Sub1_MICT_Post,,
HS2024_3_I_T2,0.43287495668298415,
KTGR2014_Ratio M L Normalized Rep2_Rapamycin_0_15,,
RM2024_Intensity D0-3___3,,
HS2024_6_I_T2,,
CW2012_10 µM Erl/control Experiment 2 Replicate B,,
AS2011_Ratio H/L Protein Inhi_1,,
FSO2013_Ratio H/M normalized Rep2___1,0.44083746069314417,
GRW2016_Ratio M/L normalized SILAC 5a___2,,
CK2022_10 40-1,,
NJH2024_Sub12_HIIT_Pre,,
NJH2024_Sub8_MICT_Pre,,
RM2024_Intensity D0-1___1,,
LY2019_P3+,0.4310801227572871,0.5322642762327036
HH2022_Reporter intensity 6,,0.5386827548048044
RB2022_2_RecoveryStrength,,
KTGR2014_Ratio-AA 15 mins,,
AS2011_Ratio H/L Normalized RNAi_2_2,,
KS2014_Intensity pY_N3,,
MV2014_Ratio H/L normalized B1___2 (30 min),,
LY2019_P5-,0.4322740465413956,0.5378687856397909
HW2015_Ratio M/L normalized Exp2,,
SR2019_HCC1419_Biol_repl_1,,
AH2018_TMTMS2_3_X,0.43163678115772425,0.5372151352045326
GF2025_P3_Adh,,0.5398105847412062
SR2019_JIMT1_Biol_repl_2,,
AH2018_TMTMS2_1_C,0.4302803356342958,0.5357467394721642
RM2024_Intensity D0-1___2,,
LY2019_P4+,0.43535341464595556,0.5409606285326674
KBE2022_Log2_Ex_19_U,0.42995140281462246,
CKC2017_log2 normalized phosphoproteomics_0min_rep#1,,
RB2022_4_PostStrength,,
LG2023_GSK3α-3_intensity,,
YA2020_Reporter_intensity_Cancer_No.1,,
AST2020_Control,,0.5366814499255093
JAW2011_Ratio H/L LS1a,,
RCJD2014_5min_mean,,
NJH2015_iTRAQ Subject 4 114/115 (Exercise/Basal) (normalized),,
NJH2025_Sub1_MICT_Mid,,
TM2022_S2.12h.C,,
NJH2025_Sub9_MICT_Mid,,
CKC2017_log2 normalized phosphoproteomics_120min_rep#2,,
AS2011_Ratio H/L Normalized Inhi_1_2,,
FSO2013_Ratio M/L normalized Rep2___1,0.43692740657615015,0.5312848131707768
LG2023_Control-2_intensity,,
NJH2024_Sub8_HIIT_Pre,,
KS2014_Intensity pY_N2,,
RB2022_5_RecoverySprint,,
RB2022_7_RecoverySprint,0.4303724020153435,
YA2020_Reporter_intensity_Normal_No.3,,
HS2024_8_B_T2,0.4255252229421558,
AH2018_LFQ_1_X,,
RM2024_Intensity D6-1___1,,
RCJD2014_10min_2,,
FR2021_Norm.Intensity.M,,
RM2024_Intensity D0-3___1,,
KS2014_Intensity N2,0.43621760361666745,0.5396942772742982
HH2022_Reporter intensity 1,0.42986827110145714,0.5358061710700087
HH2022_Reporter intensity 2,0.42955190665087434,0.536082004531006
RM2024_Intensity D6-2___2,,
FSO2012_Ratio -/+ 3-MB-PP1 exp. as1,,
RM2024_Intensity D2-3___2,,
YA2020_Reporter_intensity_Normal_No.5,,
SR2019_MCF7_Biol_repl_1,,
FSO2012_Ratio -/+ 3-MB-PP1 exp. as1a,,
HS2024_8_B_T1,0.42536124310345474,
NJH2025_Sub6_HIIT_Pre,,
RNJ2017_Log2_ratio_Tsup:Tstim_D1,,
EP2017_Untreated R#2 log2 ratio,0.43600473759705005,0.5634853819357692
SR2019_LM2_Biol_repl_3,,
RB2022_4_RecoveryStrength,0.43395681541481995,
CR2017_Ratio Replicate 2,,0.5346992242281251
CW2012_10 µM Erl/control Experiment 2 Replicate A,,
FSO2013_Ratio H/M normalized Rep3,0.4476817987155464,
AR2021_KD 72h,,0.5334195081032511
MV2014_Ratio H/M normalized B2___3 (5 min),,
KBE2022_Log2_Ex_18_U,0.4238101473560278,
AS2011_Ratio H/L Inhi_1_1,,
NJH2024_Sub8_MICT_Post,,
AH2018_TMTMS3_3_C,0.4203355923505738,0.5372511244966636
KBE2022_Log2_Ex_9_U,0.42787972641863353,
AH2018_SILAC_M_3_N,0.42958888735585715,
KBE2022_Log2_Ex_13_T,0.4289777572756164,
RM2024_Intensity D0-3,,
SR2019_SKBR3_Biol_repl_1,,
PG2020_Intensity Mock_10h_C,,
CF2017_OSE 29,0.4370560174372486,
YB2013_Ratio_H_L_Normalized_in_experiment_1,,
NJH2025_Sub1_HIIT_Post,,
DL2023_24h-2,,
HS2024_7_B_N2,,
PG2020_Intensity 10h_A,,
RN2012_L12,0.42999900240076844,
MV2014_Ratio M/L normalized B1___3 (5 min),,
NJH2024_Sub8_MICT_Mid,,
AH2018_LFQ_IT_4_C,0.4280141407697119,
SAS2015_PLX/AZD_Exp1,0.42485887417072693,
FR2021_Norm.Intensity.A,,
FSO2013_Ratio H/M normalized Rep1___1,0.4253283006665503,
JW2015_Intensity cap2,,
BS2014_Log2(Ratio H/L normalized Rep_2),,
NJH2024_Sub6_MICT_Post,,
CK2022_8 40-1,,
RB2022_7_RecoveryEndurance,,
NJH2025_Sub12_HIIT_Post,,
EJN2021_4_Ex_Basal,0.43190210341033547,0.534130819122797
TM2022_S2.12h.B,,
RN2012_L15,0.4305609068776079,
KS2014_Intensity pY_PV3,,
TM2022_S2.4h.B,,
PG2020_Intensity 4h_A,,
FSO2013_Ratio H/M normalized Rep2___2,0.4302474526120555,
TM2022_mock.4h.B,,
KBE2022_Log2_Ex_24_U,0.4277978741389154,
NJH2025_Sub13_MICT_Mid,,
KS2014_Intensity C3,,0.5309747207690483
RB2022_1_PreSprint,,
HS2024_4_I_N1,0.43053045223373326,
CK2022_7 200-1,0.42827194485692177,
CK2022_5 200-1,0.4282835945399093,
CKC2017_log2 normalized phosphoproteomics_120min_rep#3,,
FSO2013_Ratio H/L normalized Rep2___1,0.4296506036253046,0.53260277921892
NJH2024_Sub10_HIIT_Mid,,
RB2022_2_PostEndurance,,
AH2018_LFQ_2_C,,0.5322489096214531
AH2018_SILAC_MR_1_X,,0.5379364573559884
KTGR2014_Ratio H M Normalized Rep1_Rapamycin_0_15,,
IMM2018_normalised rep. int. Empty-2,,
RM2024_Intensity D4-1,,
KBE2022_Log2_Ex_25_U,0.4275026298551499,
AH2018_SILAC_3_C,0.42801711318021807,
EJN2021_5_Rest_Ins,0.41365233032012133,0.5381514309666036
VOI2024_0.1uM 24 h_3 di,,
RNJ2017_Log2_ratio_Tstim:Trest_D3,,
DB2022_LFQ intensity L2.1,,
FSO2013_Ratio H/M normalized Rep1,0.4221882809402409,
CK2022_4 16-1,,
AS2011_Ratio H/L,,
SR2019_MCF7_Biol_repl_4,,
EJN2021_2_Ex_Ins,0.43442046092580555,0.5361840225277598
AS2011_Ratio H/L Inhi_2_3,,
JAW2011_Ratio H/L LS1a_1,,
AH2018_LFQ_1_N,,
SAS2015_PLX/DMSO_Exp1,0.4261431315169006,
SFR2015_HL_log2_ratio_avg_c,,
JJ2018_Ratio M/L normalized pP2,,
NJH2024_Sub7_MICT_Mid,,
PG2020_Intensity 6h_B,,0.5300420438498876
FSO2013_Ratio H/L normalized Rep3,0.4393605432779294,0.5330702879676481
GRW2016_Ratio H/L normalized SILAC 2___2,,
RKK2015_IKKb(K44M)+TNF-α/TNF-α,0.4328577452044359,
JJ2018_Ratio M/L normalized,,
KTGR2014_Ratio-AA 30 mins,,
JW2021_After_1,,
NJH2025_Sub2_MICT_Mid,,
HS2024_6_B_N2,,
KBE2022_Log2_Ex_9_T,0.4284360206290843,
AH2018_SILAC_IT_2_N,0.4197215345719505,
AH2018_SILAC_IT_1_X,0.42290659282899196,
HW2015_Ratio H/L normalized Exp3,,
HS2024_7_PD_T1,0.4314060576492944,
UK2020_UA_2,,0.5367654635973635
RM2024_Intensity D2-1___1,,
GF2025_P10_Sph,0.44110485966172247,0.54150053438228
WZ2023_Pe_025_20min,0.4223374498921004,0.5354049782495622
JVO2010_Log2 Ratio M/L Normalized aphidicolin,,
AH2018_LFQ_2_N,,
HS2024_4_I_N2,0.43484127825216023,
AH2018_TMTMS2_3_N,0.43156491806108316,0.5364967894053567
RN2012_H06,0.42599003233860555,
AS2011_Inhi 1_Ratio H/L normalized by corresponding protein level (H:TAL treatment; L: MA treatment),,
HS2024_4_PD_T3,,
WZ2023_Su_005_30min,0.40663370181230873,0.5339320936318238
SR2019_HCC1419_Biol_repl_4,,
JJ2018_Ratio H/M normalized___2,,
SR2019_JIMT1_Biol_repl_3,,
AS2011_Ratio H/L Protein,,
UK2020_HCM_3,,0.5366789027730299
NJH2024_Sub10_HIIT_Post,,
CR2017_Ratio Replicate 3.1,,0.5295295145485955
WZ2023_Su_025_10min,0.41384952473299025,0.5357297722564573
AH2018_LFQ_IT_4_X,0.42994351600845576,
CP2009_Ratio H/L,,
VOI2024_0.1uM 24 h_3 mono,,
RB2022_4_RecoverySprint,,
RM2024_Intensity D6-3,,
WZ2023_Su_005_20min,0.4153884158384455,0.5376356280585771
CW2012_10 µM Gef/control Experiment 1 Replicate B,,
SFR2015_HL_log2_ratio_avg_a,,
CW2012_10 µM Erl/control Experiment 3 Replicate A,,
RB2022_1_PreEndurance,0.4299360888951132,
FSO2012_Ratio -/+ 3-MB-PP1 exp. wt3a,,
LG2023_GSK3α-2_intensity,,
EP2017_Pervanadate R#1 log2 ratio,0.4484686112206408,0.5346694316782872
NJH2025_Sub6_HIIT_Post,,
RB2022_6_RecoverySprint,,
KS2014_Intensity,0.42874379848117244,0.5421761625674124
MV2014_Ratio H/M normalized A2___1 (2 min),,
PG2020_Intensity 8h_D,,
LY2019_P7+,0.43288228343787166,0.5390547905482157
EP2017_Untreated R#1 normalized log2 ratio,0.4281677603418394,0.540058562897521
RN2012_L10,0.42738811018880507,
PG2020_Intensity 4h_C,,0.5309962862376021
EP2017_Mitotic R#3 normalized log2 ratio,0.4322631432348672,0.5530906354545786
FSO2012_Ratio -/+ 3-MB-PP1 exp. as4,,
DB2022_LFQ intensity L1,,
KBE2022_Log2_Ex_24_T,0.4285827789589371,
RB2022_8_PostStrength,,
AH2018_SILAC_IT_2_X,0.42474751115177206,
HS2024_4_B_T3,0.433140050594481,
NJH2024_Sub2_HIIT_Post,,
HS2024_8_B_N2,0.4303927476327973,
NJH2025_Sub8_HIIT_Pre,,
JJ2018_Ratio H/L normalized pP2___1,,
HS2024_8_I_T2,0.42925092244460894,
KBE2022_Log2_Ex_6_U,0.426502342993564,
LATM2013_Normalized Log2 Ratio (Light/Medium) Reverse,,
CR2017_Ratio Replicate 1.1,,
CKC2017_log2 normalized phosphoproteomics_30min_rep#1,,
MV2014_Ratio M/H normalized B3___2 (30 min),,
CK2022_16 200-1,0.4330650043105812,
VOI2024_0.1uM 2 h_3 di,,
EP2017_Mitotic R#1 normalized log2 ratio,0.4372913849727728,0.5521543045285743
GF2025_P9_Sph,0.421179850944743,0.5422345884623105
CK2022_6 200-1,0.4277204398986136,
NJH2024_Sub7_MICT_Post,,
AH2018_TMTMS3_2_X,0.43133234212233146,0.5370539786212599
NJH2024_Sub8_HIIT_Post,,
DB2022_LFQ intensity R1,,
JW2015_Intensity cap3,,
SR2019_HCC1954_Biol_repl_1,,
HS2024_4_I_T2,0.43718944408272137,
NJH2024_Sub2_MICT_Mid,,
VOI2024_0.1uM 2 h_2 mono,,
CP2009_Ratio M/L Normalized (5 nM dasatinib vs Ctrl),,
FSO2012_Ratio -/+ 3-MB-PP1 exp. as3b,,
HS2024_4_PD_T1,,
SAS2015_AZD/DMSO_Exp1,0.42550605500350963,
NJH2024_Sub1_MICT_Mid,,
IMM2018_normalised rep. int. CDK5L-3,,
HS2024_3_B_T3,0.4282298815242894,
MV2014_Ratio L/H normalized A3___2 (2 min),,
NJH2025_Sub13_MICT_Pre,,
SR2019_MDAMB231_Biol_repl_3,,
GRW2016_Ratio H/L normalized SILAC 4___1,,
MM2018_Ratio H/L replicate1,,
PG2020_Intensity 2h_D,,
EP2017_Untreated R#3 normalized log2 ratio,0.4391699447560363,0.5409045596690736
MV2014_Ratio M/H normalized A3___3 (10 min),,
NJH2024_Sub7_HIIT_Pre,,
JAW2011_Ratio H/L LS2,,
CK2022_8 200-1,0.42832336455333214,
KS2014_Intensity pY_C4,,
CR2017_Ratio Replicate 3.5,,0.5380970022414163
RB2022_7_PostEndurance,0.4308973987290281,
NJH2025_Sub4_HIIT_Pre,,
CKC2017_log2 normalized phosphoproteomics_90min_rep#3,,
TM2022_mock.12h.A,,
JJ2018_Ratio H/L normalized pP1,,
EP2017_Pervanadate R#2 normalized log2 ratio,0.4493304571951867,0.5373073002977035
AS2011_Ratio H/L Normalized by Protein (Unnormalized),,
KS2014_Intensity pY_E5_4,,
RM2024_Intensity D4-3___2,,
CKC2017_log2 normalized phosphoproteomics_15min_rep#1,,
AH2018_SILAC_2_C,0.4205151634612236,
AS2011_RNAi 2_Ratio H/L normalized by corresponding protein level (H: shPlk1; L: shEg5),,
HS2024_7_I_N1,,
KBE2022_Log2_Ex_29_T,0.4269595431949727,
HS2024_7_I_T2,0.42618953960993483,
AS2011_Ratio H/L Normalized RNAi_2_3,,
CW2012_10 µM Gef/control Experiment 3 Replicate B,,
HS2024_6_B_T2,0.4277013907142159,
AMK2021_45I_p5,,
CW2012_10 µM Erl/control Experiment 1 Replicate A,,
SAS2015_PLX/DMSO_Exp2,0.4256572155757633,
EJN2021_1_Ex_Basal,0.43626806277942387,0.5307282576965591
FR2021_Intensity.M,,
RB2022_2_PostSprint,,
AH2018_SILAC_MR_3_N,,0.5383472455336581
MV2014_Ratio H/L normalized B1___3 (30 min),,
CF2017_FTE 13,0.4276397045791722,
PG2020_Intensity CT_C,,
ZCP2016_Ratio H/L Rep 1,0.4296285235604247,
FS2019_db/db2,,
KS2014_Intensity pY_PV4,,
KBE2022_Log2_Ex_39_U,0.43008111765523,
EP2017_Untreated R#3 log2 ratio,0.43945220088100617,0.5418564048769711
RB2022_2_PostStrength,,
AS2011_Ratio H/L Normalized_1,,
MV2014_Ratio M/H normalized A3___2 (10 min),,
CR2017_Ratio Replicate 3.4,,0.5375019690808194
HS2024_8_PD_T2,0.42800267904672606,
FS2019_Ctr2,,
RB2022_6_PreEndurance,,
FR2021_Norm.Intensity.G,,
NJH2025_Sub9_HIIT_Post,,
CKC2017_log2 normalized phosphoproteomics_0min_rep#3,,
RM2024_Intensity D4-3,,
HS2024_8_B_N1,0.42769650190750497,
NJH2025_Sub10_MICT_Mid,,
KBE2022_Log2_Ex_15_U,0.4288311141135979,
AS2011_Ratio H/L Normalized Inhi_2,,
RKK2015_TNF-α/SC-514,0.4326136829617278,
RB2022_3_PreSprint,0.43142761406844465,
CR2017_Ratio Replicate 2.3,,
RM2009_Ratio M/L Normalized by Corresponding Protein Level (M:15 min timepoint;L:0 min. timepoint),,
CP2009_Ratio H/L Normalized (50 nM dasatinib vs Ctrl),,
GF2025_P4_Adh,,0.5363186582874732
YA2020_Reporter_intensity_Normal_No.2,,
YP2020_Intensity P30_R2_mult_log2,,
NJH2025_Sub13_MICT_Post,,
HS2024_4_B_N2,,
HS2024_3_PD_T3,,
AMK2021_120R_p3,,
MV2014_Ratio L/H normalized A3___3 (2 min),,
NJH2025_Sub10_HIIT_Pre,,
FR2021_Intensity.G,,
RAM2015_Log2 C,0.4296068537206377,
AS2011_Ratio H/L Proteins Inhi_1,,
FSO2013_Ratio H/M normalized Rep1___3,,
AH2018_LFQ_M_2_N,,0.5331097219205299
MV2014_Ratio M/L normalized A1___3 (2 min),,
KBE2022_Log2_Ex_40_T,0.42956801524170024,
CK2022_2 16-1,,
RAM2015_Log2 B,0.43023267168306684,
YP2020_Intensity C10_R1_mult_log2,,
FSO2013_Ratio M/L normalized Rep1___2,0.4340059461574646,
NJH2025_Sub8_MICT_Pre,,
EJN2021_4_Rest_Basal,0.43347579438786105,0.536058409075558
YB2013_Ratio_H_L_Normalized_in_experiment_2,,
JJ2018_Ratio H/M normalized pP3___1,,
VOI2024_Veh2 mono,,
HS2024_6_B_T1,0.4330725942263076,
UK2020_HCM_5,,0.5363401762485843
NJH2025_Sub10_HIIT_Post,,
VOI2024_0.1uM 2 h_3 mono,,
JW2015_Intensity pre3,,
AS2011_Ratio H/L Normalized Inhi_2_1,,
DL2023_24h-3,,
HS2024_7_PD_T3,,
PG2020_Intensity Mock_10h_B,,
WZ2023_Su_025_30min,0.41140606417903297,0.5373947346250789
AH2018_LFQ_4_N,,
CR2017_Ratio Replicate 1.2,,
AS2011_Ratio H/L Normalized by Proteins,,
RB2022_6_RecoveryStrength,,
HS2024_8_I_N1,0.4329692184597992,
AMK2021_Ctrl_p3,,
AS2011_Ratio H/L Protein Inhi_2,,
HH2022_Reporter intensity 7,,0.5370087003866426
AH2018_SILAC_M_1_X,0.42886219546664556,
RB2022_7_PreEndurance,,
VOI2024_0.1uM 24 h_2 di,,
DL2023_control-2,,
LY2019_P6+,0.432946291783576,0.5412494409680715
DB2022_LFQ intensity R2,,
GF2025_P6_Adh,0.4325501381336228,0.537037677151781
VOI2024_Veh1 di,,
AS2011_Ratio H/L RNAi_2,,
FSO2012_Ratio -/+ 3-MB-PP1 exp. as3,,
VOI2024_Veh3 mono,,
HS2024_5_I_T2,0.436209862576154,
NJH2025_Sub7_HIIT_Mid,,
MV2014_Ratio H/L normalized B1___1 (30 min),,
RM2009_Ratio H/L (H:60 min timepoint;L:0 min. timepoint),,
RB2022_6_PostSprint,,
KTGR2014_Ratio H L Normalized Rep2_Rapamycin_0_15,,
AS2011_Ratio H/L Inhi_1,,
AS2011_Ratio H/L Normalized RNAi_1_2,,
AH2018_TMTMS3_2_C,0.4252235844621094,0.5374380931186286
SR2019_Hs578T_Biol_repl_4,,
RB2022_8_PreStrength,,
KS2014_Intensity C5,,0.5238103494542323
RM2024_Intensity D0-1,,
CW2012_10 µM Gef/control Experiment 3 Replicate A,,
YP2020_Intensity P30_R1_mult_log2,,
NJH2025_Sub2_HIIT_Pre,,
RB2022_3_RecoveryEndurance,0.4290754874507373,
RNJ2017_Log2_ratio_Tstim:Trest_D2,,
GF2025_P9_Adh,0.42859466573855715,0.5377704422236668
RB2022_3_PostStrength,0.4292736236957147,
TM2022_S2.8h.A,,
AS2011_Ratio H/L RNAi_1_1,,
AS2011_Ratio H/L Normalized by Proteins RNAi_2,,
FSO2012_Ratio -/+ 3-MB-PP1 exp. wt1,,
AS2011_Ratio H/L Normalized by Protein Inhi_1,,
NJH2025_Sub2_MICT_Pre,,
MV2014_Ratio L/M normalized A2___3 (10 min),,
MV2014_Ratio H/M normalized A2___3 (2 min),,
HS2024_4_B_T2,0.43402770084340025,
SR2019_BT549_Biol_repl_1,,
AH2018_LFQ_M_4_N,,
NJH2024_Sub8_HIIT_Mid,,
PG2020_Intensity 8h_B,,
AH2018_LFQ_2_X,,0.5324917402714037
PG2020_Intensity 2h_B,,
AS2011_Ratio H/L Proteins RNAi_1,,
RB2022_4_PostSprint,,
KS2014_Intensity E15_3,,0.5373853219289786
GF2025_P3_Sph,,0.5388390251419792
DB2022_LFQ intensity L2,,
MV2014_Ratio H/L normalized A1___1 (10 min),,
AH2018_SILAC_1_C,0.4229939520015376,
NJH2024_Sub1_HIIT_Pre,,
FSO2013_Ratio M/L normalized Rep2___2,0.43284494144667335,
NJH2015_TMT Subject 4 130_N/129_C (Exercise/Basal) (normalized),,0.5376831404688436
AS2011_Ratio H/L RNAi_2_3,,
AH2018_SILAC_IT_1_N,0.4211342605628813,
KTGR2014_Ratio H M Normalized Rep2_AA_starvation_0_15,,
RB2022_4_PreEndurance,,
JJ2018_Ratio M/L normalized pP1,,
CR2017_Ratio Replicate 2.4,,
ZQ2022_N1,,
LY2019_P6-,0.4314203231925208,0.5354738729245199
RM2024_Intensity D2-3,,
UK2020_HCM_1,,0.5367495921620393
JW2015_Intensity pre2,,
KTGR2014_Ratio M L Normalized Rep1_AA_starvation_0_15,,
RM2024_Intensity D2-1,,
NJH2025_Sub12_MICT_Post,,
MV2014_Ratio H/M normalized B2___2 (5 min),,
RN2012_L14,0.4329327399675522,
AH2018_LFQ_3_N,,0.5319372680649912
RKK2015_TNF-α/IKKb,,
SFR2015_HL_log2_ratio_std_b,,0.5315702580842518
UK2020_UA_1,,0.5365771416603881
KBE2022_Log2_Ex_13_U,0.422823136348525,
AS2011_Ratio H/L Normalized Inhi_1,,
RNJ2017_Log2_ratio_Tsup:Trest_D2,,
RB2022_1_RecoverySprint,0.43365135443788316,
CKC2017_log2 normalized phosphoproteomics_120min_rep#1,,
JJ2018_Ratio H/L normalized pP3,,
CK2022_7 40-1,,
AS2011_Ratio H/L Inhi_1_3,,
NJH2025_Sub10_HIIT_Mid,,
KTGR2014_Ratio H L Normalized Rep2_AA_starvation_0_15,,
JAW2011_Ratio H/L LS1b_1,,
PG2020_Intensity 4h_B,,
SR2019_BT549_Biol_repl_2,,
RM2024_Intensity D4-2,,
DB2022_LFQ intensity R2.2,,
JJ2018_Ratio H/L normalized,,
RB2022_5_PostEndurance,,
HS2024_5_PD_T2,0.4323771359158195,
WZ2023_Su_025_20min,0.40980819676572633,0.5384598707751524
RM2024_Intensity D2-2___1,,
IMM2018_normalised rep. int. CDK5L-2,,
LY2019_P8-,0.4241194354164845,0.5354466088079977
JVO2010_Ratio H/M Normalized by Protein ThymON - Log2 G2,,
CKC2017_log2 normalized phosphoproteomics_15min_rep#3,,
FSO2013_Ratio H/L normalized Rep1,0.43331266375036925,0.5351530591223754
NJH2024_Sub2_HIIT_Pre,,
CKC2017_log2 normalized phosphoproteomics_60min_rep#2,,
CK2022_13 40-1,,
FSO2012_Ratio -/+ 3-MB-PP1 exp. wt4a,,
RN2012_H02,0.4289790126623807,
PG2020_Intensity 10h_D,,
RB2022_8_PreEndurance,,
HS2024_3_B_N2,,
EJN2021_4_Ex_Ins,0.4310958112855754,0.535614542437404
AS2011_Ratio H/L Normalized by Protein,,
EJN2021_1_Ex_Ins,0.4371363504757603,0.5365077409944268
EP2017_Pervanadate R#3 log2 ratio,0.4490815120085353,0.5368472200636347
FSO2013_Ratio M/L normalized Rep1___3,,
NJH2025_Sub4_HIIT_Mid,,
RCJD2014_5min_2,,
RB2022_6_PostStrength,0.42703132593177173,
AH2018_SILAC_MR_3_C,,0.5383621709779142
AH2018_LFQ_M_4_C,,
NJH2024_Sub4_MICT_Pre,,
AS2011_Ratio H/L Normalized Inhi_1_1,,
DL2023_12h-1,,
MV2014_Ratio L/M normalized B2___1 (30 min),,
DB2022_LFQ intensity L1.1,,
NJH2025_Sub6_MICT_Pre,,
NJH2025_Sub6_MICT_Post,,
CKC2017_log2 normalized phosphoproteomics_60min_rep#3,,
RN2012_H04,0.4324965713752029,
CK2022_6 40-1,,
DB2022_LFQ intensity R2.1,,
KBE2022_Log2_Ex_42_U,0.43219332351771966,
LY2019_P3-,0.4329289956693939,0.534125722551645
FR2021_Intensity.A,,
EJN2021_3_Ex_Ins,0.4306515448346921,0.5352204821645699
MV2014_Ratio M/L normalized A1___1 (2 min),,
WZ2023_Pe_005_30min,0.42199621165655565,0.534526504145966
HS2024_8_PD_T3,0.4316138619987656,
EJN2021_3_Ex_Basal,0.4306133244902563,0.5375165013960685
AST2020_Control.1,,0.5363871583946266
JW2015_Intensity cap1,,
PG2020_Intensity CT_A,,
FS2019_Ctr3,,
WZ2023_Pu_025_20min,0.4185620450330733,0.5392920681930425
NJH2025_Sub4_MICT_Post,,
JVO2010_Ratio H/M Normalized by Protein Noco3h - Log2 Late S,,
GF2025_P10_Adh,0.4260122388528611,0.5387284074675694
RB2022_1_RecoveryStrength,,
SR2019_HCC1954_Biol_repl_4,,
FR2021_Norm.Intensity.N,,
HS2024_5_B_N1,0.4250365936496872,
FSO2013_Ratio H/M normalized Rep3___3,,
AH2018_TMTMS2_2_C,0.430515892276371,0.5359425552202759
RB2022_4_PreSprint,,
DB2022_Intensity R2,,
AH2018_TMTMS2_Pool,0.4230123366731768,0.5381033033562896
HS2024_8_I_N2,0.43211043986403824,
RB2022_3_RecoveryStrength,0.4300932624735792,
NJH2024_Sub6_HIIT_Mid,,
AH2018_SILAC_M_1_C,0.4255322327030623,
LY2019_P8+,0.42995720771869445,0.5405469744180412
RB2022_2_RecoveryEndurance,,
JJ2018_Ratio H/M normalized pP2___1,,
JAW2011_Ratio H/L HS_1,,
RB2022_3_PostEndurance,0.4293491854871004,
KS2014_Intensity pY_PV1,,
JAW2011_Ratio H/L LS1b_2,,
SR2019_MCF7_Biol_repl_2,,
NJH2015_TMT Subject 2 128_N/127_C (Exercise/Basal) (normalized),,0.5348137295044972
AS2011_Ratio H/L Normalized RNAi_1_1,,
AH2018_LFQ_M_4_X,,
NJH2024_Sub6_MICT_Pre,,
JJ2018_Ratio M/L normalized pP1___2,,
YP2020_Intensity C30_R2_mult_log2,,
NJH2024_Sub9_HIIT_Pre,,
AS2011_Ratio H/L Normalized Inhi_2_3,,
RM2024_Intensity D0-1___3,,
FSO2012_Ratio -/+ 3-MB-PP1 exp. wt3,,
KBE2022_Log2_Ex_28_U,0.43384728225936525,
GRW2016_Ratio H/L normalized SILAC 1___1,,
CF2017_FTE 17,0.42952080909237994,
LY2019_P2-,0.43074279164548473,0.5378153885527728
AH2018_LFQ_IT_1_X,0.42793563436607723,
JJ2018_Ratio H/L normalized pP3___1,,
RB2022_8_RecoveryStrength,0.4281826488995674,
WZ2023_Pe_005_20min,0.4216310775294289,0.5343480272992979
AST2020_Control.2,,0.5374765121909107
NJH2025_Sub6_MICT_Mid,,
RCJD2014_10min_1,,
FSO2013_Ratio H/L normalized Rep2___3,,
JVO2010_Ratio M/L Normalized by Protein Noco3h - Log2 G1,,
HS2024_3_I_T1,0.42435605618794586,
FSO2012_Ratio -/+ 3-MB-PP1 exp. as2a,,
CK2022_4 40-1,,
SR2019_MCF10A_Biol_repl_4,,
KS2014_Intensity pY_C5,,
NJH2025_Sub4_MICT_Pre,,
NJH2024_Sub9_MICT_Post,,
CF2017_OSE 28,0.43406038854444345,
HS2024_5_B_T2,0.4381487455282799,
HS2024_6_I_T1,0.43711672043068184,
HS2024_5_B_T3,0.4361595752483346,
JJ2018_Ratio H/M normalized pP1___1,,
KBE2022_Log2_Ex_36_U,0.42276425486616565,
AH2018_TMTMS3_3_N,0.423024990946225,0.5371682654780696
SR2019_HCC1419_Biol_repl_2,,
FR2021_Intensity.N,,
AS2011_Ratio H/L Inhi_2_1,,
AH2018_SILAC_MR_1_C,,0.5380667953381733
NJH2024_Sub1_HIIT_Mid,,
NJH2025_Sub8_HIIT_Mid,,
EP2017_Mitotic R#3 log2 ratio,0.4336125983440173,0.5566676121545585
KBE2022_Log2_Ex_36_T,0.4246011708322571,
NJH2025_Sub6_HIIT_Mid,,
WZ2023_Pu_005_30min,0.4153641825485168,0.5375688382792283
KS2014_Intensity C2,,0.5243879131801154
FSO2013_Ratio H/L normalized Rep1___2,0.4304546923437655,
RM2024_Intensity D2-2,,
KBE2022_Log2_Ex_42_T,0.43317936336620044,
CK2022_9 200-1,0.43211826806237075,
GRW2016_Ratio H/L normalized SILAC 2___1,,
JJ2018_Ratio H/M normalized pP3___2,,
DB2022_LFQ intensity R1.1,,
CK2022_10 200-1,0.4310735962274958,
NJH2024_Sub9_MICT_Mid,,
JAW2011_Ratio H/L_2,,
HS2024_7_I_N2,0.4326134981038179,
RBK2021_1332T Late,,
LY2019_P1-,0.43199809815960977,0.5358007253450526
RKK2015_TNF-α/basal.1,0.4261807060433871,
RKK2015_TNF-α/TNF-α+SC-514,0.4258451055346928,
CR2017_Ratio Replicate 2.5,,
HS2024_3_I_T3,0.43442441989604635,
CKC2017_log2 normalized phosphoproteomics_90min_rep#2,,
AS2011_Ratio H/L Normalized RNAi_1,,
KS2014_Intensity E15_4,0.42908974602021865,0.5315429509646027
ZQ2022_C3,,
EJN2021_3_Rest_Ins,0.427707420114775,0.5355490940847976
YP2020_Intensity P10_R2_mult_log2,,
MV2014_Ratio H/L normalized A1___3 (10 min),,
NJH2025_Sub1_MICT_Pre,,
KBE2022_Log2_Ex_39_T,0.4301208736551281,
FSO2013_Ratio H/M normalized Rep3___2,0.4335161998084928,
RM2024_Intensity D6-2,,
EP2017_Untreated R#1 log2 ratio,0.42839701102492833,0.540930058882705
RKK2015_SC-514/basal,0.43902582313896815,
RM2024_Intensity D6-1___3,,
WZ2023_Pu_010_10min,0.4175592005409351,0.539398596003161
NJH2025_Sub9_HIIT_Mid,,
SR2019_SKBR3_Biol_repl_4,,
HS2024_5_I_T3,0.43743709398257286,
KS2014_Intensity N1,0.42687756466788457,0.5389072889786913
NJH2024_Sub12_MICT_Post,,
TM2022_S2.8h.C,,
CR2017_Ratio Replicate 1,,
AS2011_RNAi 1_Ratio H/L normalized by corresponding protein level (H: shPlk1; L: shEg5),,
CKC2017_log2 normalized phosphoproteomics_30min_rep#3,,
JJ2018_Ratio H/M normalized pP3,,
AH2018_SILAC_MR_2_C,,
LATM2013_Log2 Ratio (Medium/Light) Forward,,
PG2020_Intensity 2h_A,,
NJH2024_Sub6_MICT_Mid,,
NJH2025_Sub13_HIIT_Post,,
AH2018_SILAC_MR_3_X,,0.5316423625972881
JJ2018_Ratio H/M normalized___1,,
RCJD2014_15min_2,,
AS2011_Ratio H/L_2,,
AS2011_Ratio H/L Normalized,,
RN2012_H03,0.42518770899705766,
HS2024_5_B_N2,0.43509635327685187,
HS2024_5_I_N1,0.43385098217626034,
HS2024_6_I_N1,,
AR2021_KD 48h,,0.5399826924201505
FR2021_Intensity.B,,
RB2022_3_PreEndurance,0.4251594181748418,
HS2024_5_I_T1,0.4296238027240003,
NJH2024_Sub10_MICT_Pre,,
SR2019_LM2_Biol_repl_2,,
AST2020_anti-CD3,,0.537710307830431
SR2019_MDAMB231_Biol_repl_1,,
RM2024_Intensity D2-3___3,,
WZ2023_Pe_005_10min,0.4161003212031929,0.5363625213829584
KBE2022_Log2_Ex_29_U,0.42918419695306476,
HS2024_7_B_T1,0.4312695486816915,
AH2018_LFQ_M_2_X,,0.5342287529625022
AH2018_LFQ_IT_4_N,0.4288762531369036,
CK2022_15 200-1,0.43348251413627653,
RM2024_Intensity D4-1___2,,
JJ2018_Ratio H/M normalized,,
JJ2018_Ratio M/L normalized pP3___1,,
KBE2022_Log2_Ex_34_T,0.42687790201653947,
CKC2017_log2 normalized phosphoproteomics_0min_rep#2,,
LY2019_P2+,0.42812584421856115,0.5352523769179479
LATM2013_Log2 Ratio (Light/Medium) Reverse,,
CK2022_2 200-1,0.42679522327833985,
AS2011_Ratio H/L Protein RNAi_2,,
MV2014_Ratio L/H normalized A3___1 (2 min),,
WZ2023_Su_010_30min,0.41348399234515676,0.5387537976968669
RN2012_H01,0.439205138209892,
KTGR2014_Ratio-Rapa 2 mins,,
EJN2021_2_Rest_Basal,0.43062804691673107,0.5390130223886742
KS2014_Intensity pY_E5_3,,
MM2018_Ratio H/L replicate 3,,
EP2017_Pervanadate R#1 normalized log2 ratio,0.4479824415529911,0.5324649361215236
HS2024_8_B_T3,0.4312448583820708,
YA2020_Reporter_intensity_Cancer_No.3,,
KBE2022_Log2_Ex_44_U,0.42566252736924903,
WZ2023_Pe_010_20min,0.41993078000492373,0.5344314615312294
KS2014_Intensity pY_C6,,
AS2011_Ratio H/L Normalized_3,,
RCJD2014_15min_mean,,
RB2022_3_PreStrength,0.430268862795026,
NJH2015_iTRAQ Subject 3 116/117 (Exercise/Basal) (normalized),,
RCJD2014_10min_mean,,
KS2014_Intensity C1,,0.527150211800846
FSO2013_Ratio H/M normalized Rep3___1,0.44295598377302314,
AH2018_SILAC_M_3_C,0.42888513997756433,
RKK2015_TNF-α+IKKb/TNF-α,,
RM2024_Intensity D0-3___2,,
FSO2012_Ratio -/+ 3-MB-PP1 exp. wt2a,,
AH2018_SILAC_M_2_C,0.4214204266897403,
AH2018_SILAC_M_2_X,0.42233614919767687,
KTGR2014_Ratio-Rapa 15 mins,,
RM2024_Intensity D4-2___1,,
KBE2022_Log2_Ex_15_T,0.4281905581760288,
VOI2024_0.1uM 24 h_1 di,,
WZ2023_Su_010_10min,0.4211835683607587,0.5372912461875841
PG2020_Intensity 6h_C,,0.5270257048804166
JVO2010_Ratio M/L Normalized by Protein Noco45 - Log2 mitosis,,
JJ2018_Ratio M/L normalized pP1___1,,
AH2018_LFQ_M_3_N,,0.5335429614182441
VOI2024_0.1uM 24 h_2 mono,,
AH2018_TMTMS2_3_C,0.4314213821536613,0.5361760309954552
CK2022_15 16-1,,
CK2022_3 16-1,,
LY2019_P4-,0.4317602393576072,0.5396479994475567
FSO2013_Ratio H/L normalized Rep3___2,0.4364813954786913,
KS2014_Intensity pY_PV2,,
HS2024_3_I_N2,,
GF2025_P8_Adh,0.4314036082486917,0.538462873368435
YC2018_Log2(SKBR3-LR/SKBR3)_Rep.2-2,,
GF2025_P5_Sph,,0.5381968278562812
CK2022_10 16-1,,
KTGR2014_Ratio H L Normalized Rep1_AA_starvation_0_15,,
VOI2024_0.1uM 2 h_2 di,,
NJH2015_TMT Pool 131/130_C (Exercise/Basal) (normalized),,0.5398022242631452
NJH2024_Sub2_HIIT_Mid,,
AMK2021_45I_p3,,
NJH2024_Sub13_HIIT_Mid,,
DB2022_LFQ intensity R1.2,,
DB2022_Intensity R1,,
NJH2024_Sub12_MICT_Mid,,
KTGR2014_Ratio M L Normalized Rep1_Rapamycin_0_15,,
UK2020_HCM_4,,0.536832229509749
SAS2015_AZD/DMSO_Exp2,0.444553098007823,
IMM2018_normalised rep. int. CDK5L-1,,
DB2022_LFQ intensity L2.2,,
KTGR2014_Ratio H M Normalized Rep1_AA_starvation_0_15,,
EP2017_Mitotic R#1 log2 ratio,0.43810685290256346,0.5558626786715501
EJN2021_2_Ex_Basal,0.4331990874914089,0.5332708824988449
RM2009_Ratio H/L Normalized by Corresponding Protein Level (H:60 min timepoint;L:0 min. timepoint),,
KTGR2014_Ratio-Rapa 30 mins,,
CKC2017_log2 normalized phosphoproteomics_90min_rep#1,,
CF2017_FTE 16,,
AR2021_L41 10 μM,,
CF2017_EOC 2,0.4199108476634962,
RB2022_6_PostEndurance,,
AH2018_SILAC_1_N,0.42647438342694594,
NJH2024_Sub10_HIIT_Pre,,
AS2011_Ratio H/L Inhi_1_2,,
UK2020_HCM_6,,0.5368411216374164
RB2022_7_PreSprint,0.429364023505285,
NJH2024_Sub2_MICT_Pre,,
HS2024_3_PD_T2,,
CK2022_6 16-1,,
ZX2022_CB treated Replicate 1,0.4278896482888733,
BS2014_Log2(Ratio H/L normalized Rep_3),,
TM2022_mock.12h.C,,
GRW2016_Ratio M/L normalized SILAC 5a___1,,
HH2022_Reporter intensity 0,0.42935782239075776,0.5356256568961864
RM2024_Intensity D2-2___2,,
JC2019_Normalised_intensity_B_TiOx_Testis_sample_URO0126,,
RB2022_1_PreStrength,0.42790473728762546,
JJ2018_Ratio H/M normalized pP2___2,,
AH2018_TMTMS2_2_X,0.4303826847841672,0.5364879752595075
AR2021_L41 1 μM,,
JJ2018_Ratio H/M normalized pP1___2,,
AH2018_TMTMS2_1_N,0.4306033886470202,0.5367481076309819
NJH2025_Sub10_MICT_Pre,,
JVO2010_Ratio H/M Normalized by Protein Noco45 - Log2 early S,,
ZX2022_Control Replicate 3,0.4290308025524813,
KS2014_Intensity C4,,0.5223328145571221
AS2011_Ratio H/L Inhi_2,,
KBE2022_Log2_Ex_18_T,0.4272658241924164,
NJH2025_Sub9_MICT_Pre,,
RCJD2014_20min_1,,
MV2014_Ratio H/M normalized B2___1 (5 min),,
FSO2013_Ratio M/L normalized Rep2___3,,
JC2019_Normalised_intensity_C_TiOx_Testis_sample_URO0158,,
SR2019_MCF10A_Biol_repl_3,,
HS2024_7_B_T2,0.42495783626199474,
SAS2015_PLX/DMSO_Exp3,,
AMK2021_Ctrl_p5,,
NJH2025_Sub2_HIIT_Mid,,
AH2018_LFQ_M_3_C,,0.5333513672801512
CKC2017_log2 normalized phosphoproteomics_15min_rep#2,,
YA2020_Reporter_intensity_Cancer_No.2,,
FSO2013_Ratio H/M normalized Rep2___3,,
RB2022_8_PreSprint,,
AH2018_SILAC_IT_3_C,0.42673000107289627,
WZ2023_Pu_025_10min,0.41743955228263957,0.5373708738829753
RM2024_Intensity D2-2___3,,
AS2011_Ratio H/L_1,,
RCJD2014_10min_3,,
FSO2013_Ratio M/L normalized Rep3___1,0.44359406306954896,0.5353163633892923
SR2019_JIMT1_Biol_repl_4,,
YP2020_Intensity C10_R2_mult_log2,,
ZCP2016_Ratio H/L Rep 2,0.436157558189426,
CF2017_EOC 4,0.4298759626229303,
JJ2018_Ratio H/L normalized pP1___1,,
WZ2023_Pe_010_30min,0.417141965518569,0.5355780736196152
MV2014_Ratio L/M normalized B2___3 (30 min),,
AH2018_LFQ_IT_3_N,0.4244424059369996,
KS2014_Intensity C6,,0.5237084511404824
ZQ2022_N3,,
HW2015_Ratio H/L normalized Exp1,,
CK2022_12 40-1,,
NJH2024_Sub7_MICT_Pre,,
ZX2022_Control Replicate 1,0.4304885348547408,
JJ2018_Ratio H/M normalized pP1,,
CK2022_16 40-1,,
AH2018_SILAC_IT_2_C,0.427278037098473,
CK2022_5 40-1,,
AH2018_LFQ_3_X,,
UK2020_UA_3,,0.5368816217733979
LY2019_P7-,0.4354164291236216,0.5377807058064952
GF2025_P5_Adh,,0.5342680948694373
RB2022_1_PostStrength,0.4336131619153635,
JAW2011_Ratio H/L LS1b,,
FSO2013_Ratio H/L normalized Rep3___1,0.4331569853245179,0.53309204949982
SR2019_HCC1954_Biol_repl_3,,
CR2017_Ratio Replicate 2.2,,
VOI2024_0.1uM 2 h_1 mono,,
MV2014_Ratio L/M normalized A2___1 (10 min),,
RNJ2017_Log2_ratio_Tsup:Tstim_D3,,
CK2022_11 16-1,,
ZQ2022_C1,,
CR2017_Ratio Replicate 2.1,,0.5473452063462851
PG2020_Intensity CT_B,,
JJ2018_Ratio M/L normalized___2,,
AH2018_SILAC_MR_1_N,,0.5382936568213653
KS2014_Intensity pY_E5_1,,
JW2021_Before_3,,
NJH2015_iTRAQ Subject 2 117/116 (Exercise/Basal) (normalized),,
MV2014_Ratio M/H normalized B3___3 (30 min),,
FS2019_db/db1,,
NJH2025_Sub9_HIIT_Pre,,
JAW2011_Ratio H/L_1,,
RCJD2014_20min_3,,
AH2018_LFQ_3_C,,
JJ2018_Ratio M/L normalized pP3___2,,
AMK2021_45I_p1,,
NJH2025_Sub8_HIIT_Post,,
AH2018_LFQ_M_3_X,,0.5332414931724344
YA2020_Reporter_intensity_Cancer_No.4,,
KS2014_Intensity pY_E5_2,,
FSO2013_Ratio H/L normalized Rep1___3,,
GF2025_P4_Sph,,0.5364714538127899
RB2022_2_PreEndurance,,
JW2021_Before_1,,
KBE2022_Log2_Ex_25_T,0.4276442102677683,
AS2011_Ratio H/L Normalized by Proteins Inhi_2,,
MV2014_Ratio L/M normalized A2___2 (10 min),,
JJ2018_Ratio M/L normalized___1,,
FR2021_Intensity.H,,
CK2022_14 16-1,,
AST2020_anti-CD3+PDL2,,0.5371153982954316
MV2014_Ratio M/L normalized B1___1 (5 min),,
KBE2022_Log2_Ex_19_T,0.4265027840382054,
KS2014_Intensity pY_N1,,
RB2022_1_RecoveryEndurance,,
FSO2013_Ratio H/M normalized Rep1___2,0.4282628234306898,
HS2024_8_I_T1,0.4292067070151635,
NJH2015_iTRAQ Subject 1 115/114 (Exercise/Basal) (normalized),,
EP2017_Mitotic R#2 log2 ratio,0.435642866030436,0.5567211788900207
AH2018_TMTMS2_1_X,0.43142591507660216,0.5360620658077695
KTGR2014_Ratio M L Normalized Rep2_AA_starvation_0_15,,
ZCP2016_Ratio H/L Rep 3,0.43748310351764386,
AS2011_Ratio H/L Normalized RNAi_1_3,,
SR2019_MCF10A_Biol_repl_1,,
NJH2025_Sub8_MICT_Mid,,
EJN2021_5_Ex_Ins,0.43174173866759885,0.5364944705098509
HS2024_6_I_N2,,
HH2022_Reporter intensity 4,,0.5345289932121836
RBK2021_1326T Late,,
TM2022_mock.12h.B,,
NJH2024_Sub12_MICT_Pre,,
RCJD2014_15min_3,,
MV2014_Ratio L/H normalized B3___2 (5 min),,
LG2023_Control-3_intensity,,
JJ2018_Ratio H/L normalized pP3___2,,
CF2017_FTE 15,0.4317192216176172,
HS2024_4_I_T3,,
AH2018_SILAC_1_X,0.42796233050037474,
PG2020_Intensity 10h_B,,
AH2018_TMTMS3_1_X,0.42674611476986307,0.5372390440012841
CF2017_FTE 14,,
NJH2024_Sub13_HIIT_Post,,
RM2024_Intensity D6-3___3,,
NJH2025_Sub7_HIIT_Pre,,
RBK2021_1259T Early,,
RKK2015_IKK+TNF-α/IKKb,,
FSO2012_Ratio -/+ 3-MB-PP1 exp. as1b,,
PG2020_Intensity 6h_A,,
SR2019_HCC1419_Biol_repl_3,,
KBE2022_Log2_Ex_14_T,0.42988495420083606,
EP2017_Untreated R#2 normalized log2 ratio,0.43576243668800685,0.5624727014776189
RM2024_Intensity D0-2___1,,
DB2022_Intensity L1,,
LY2019_P5+,0.4377819855538279,0.5410262078025964
HS2024_5_I_N2,0.4406160500933801,
SAS2015_PLX/AZD_Exp3,,
EP2017_Pervanadate R#2 log2 ratio,0.44974673697377443,0.539829427814392
AS2011_Ratio H/L Normalized RNAi_2_1,,
