DatasetName,PDCD6IP_S(718) PDCD6IP_S(729) PDCD6IP_S(730) PDCD6IP_S(735) PDCD6IP_T(484) PDCD6IP_T(724) PDCD6IP_T(738) PDCD6IP_T(741) PDCD6IP_T(743) PDCD6IP_T(746) PDCD6IP_Y(319) PDCD6IP_Y(727),PDCD6IP_S(103) PDCD6IP_S(108) PDCD6IP_S(423) PDCD6IP_S(481) PDCD6IP_S(486) PDCD6IP_S(557) PDCD6IP_S(580) PDCD6IP_S(712) PDCD6IP_T(336) PDCD6IP_T(479) PDCD6IP_Y(294)
RM2024_Intensity D4-1___3,,
RB2022_4_PostEndurance,,
FSO2013_Ratio M/L normalized Rep3,,
SR2019_MCF7_Biol_repl_3,,0.4967872039388927
RKK2015_IKKb(K44M)+TNF-α/IKKb(K44M),,
SR2019_LM2_Biol_repl_1,0.6373464121546558,0.5031658335300594
RCJD2014_15min_1,,
AS2011_Ratio H/L Normalized by Proteins Inhi_1,,
CK2022_7 16-1,,
NJH2025_Sub12_HIIT_Mid,,
AH2018_LFQ_IT_1_C,,
RKK2015_TNF-α/basal,,
JJ2018_Ratio H/M normalized pP2,,
NJH2025_Sub12_MICT_Pre,,
NJH2025_Sub7_MICT_Post,,
DL2023_control-3,,
ZX2022_Control Replicate 2,,
HS2024_6_B_T3,,
JW2015_Intensity pre1,,
IMM2018_normalised rep. int. Empty-3,,
AMK2021_30R_p5,,
FSO2013_Ratio M/L normalized Rep1,,
SR2019_MDAMB231_Biol_repl_4,0.6364826013726911,0.520752524267552
GF2025_P2_Sph,,
FSO2012_Ratio -/+ 3-MB-PP1 exp. wt2b,,
NJH2025_Sub13_HIIT_Mid,,
CP2009_Ratio M/L,,
NJH2025_Sub7_HIIT_Post,,
KBE2022_Log2_Ex_44_T,,
DB2022_Intensity L2,,
TM2022_mock.4h.C,,
AST2020_anti-CD3.2,,
CW2012_10 µM Erl/control Experiment 1 Replicate B,,
HS2024_7_B_N1,,
FSO2013_Ratio M/L normalized Rep1___1,,
SAS2015_AZD/DMSO_Exp3,,
RM2024_Intensity D0-2___3,,
RM2024_Intensity D6-1,,
RB2022_8_RecoverySprint,,
RB2022_5_PreEndurance,,
CKC2017_log2 normalized phosphoproteomics_30min_rep#2,,
EP2017_Untreated R#4 normalized log2 ratio,0.6113730589260638,0.4927159236684034
WZ2023_Pu_010_30min,0.6297565217920059,0.4641599353302254
AS2011_Ratio H/L Proteins RNAi_2,,
RB2022_4_PreStrength,,
NJH2024_Sub4_MICT_Post,,
AH2018_LFQ_M_1_X,,
RB2022_8_RecoveryEndurance,,
KBE2022_Log2_Ex_14_U,,
FSO2013_Ratio M/L normalized Rep3___3,,
AH2018_TMTMS3_1_C,,0.4834363180885861
JJ2018_Ratio H/L normalized___1,,
ZQ2022_C2,,0.4920556079830505
RB2022_5_PreSprint,,
PG2020_Intensity 8h_C,,
AH2018_SILAC_MR_2_N,,
MV2014_Ratio M/L normalized A1___2 (2 min),,
TM2022_S2.8h.B,,
MV2014_Ratio M/H normalized B3___1 (30 min),,
FSO2012_Ratio -/+ 3-MB-PP1 exp. as4a,,
RNJ2017_Log2_ratio_Tsup:Tstim_D2,,
RM2024_Intensity D6-1___2,,
NJH2025_Sub7_MICT_Mid,,
LY2019_P1+,,
AS2011_Ratio H/L Proteins Inhi_2,,
BS2014_Log2(Ratio H/L normalized),,
UK2020_HCM_2,,
FSO2013_Ratio H/L normalized Rep2___2,,
EP2017_Pervanadate R#3 normalized log2 ratio,0.6396984214597852,0.4947821096473135
RM2024_Intensity D4-3___3,,
RB2022_5_PreStrength,,
NJH2024_Sub4_MICT_Mid,,
TM2022_S2.4h.A,,
RB2022_5_PostStrength,,
GF2025_P6_Sph,,
RB2022_2_PreSprint,,
ZX2022_CB treated Replicate 3,,
RM2024_Intensity D6-2___3,,
WZ2023_Pe_025_10min,0.6424226747195466,0.48467122413995956
AS2011_Ratio H/L Normalized by Proteins RNAi_1,,
AST2020_anti-CD3+PDL2.1,,
KBE2022_Log2_Ex_34_U,,
WZ2023_Pu_005_10min,0.635483487319871,0.4721441118207048
AS2011_Ratio H/L RNAi_2_1,,
NJH2024_Sub9_HIIT_Mid,,
CK2022_9 40-1,,
KTGR2014_Ratio H L Normalized Rep1_Rapamycin_0_15,,
LG2023_GSK3α-1_intensity,,
WZ2023_Pu_025_30min,0.6250833501535501,0.4702417099654823
AH2018_SILAC_MR_2_X,,
HS2024_4_PD_T2,,
NJH2024_Sub4_HIIT_Pre,,
RB2022_2_RecoverySprint,,
AS2011_Ratio H/L Protein RNAi_1,,
RM2024_Intensity D2-1___2,,
CR2017_Ratio Replicate 1.4,,
FR2021_Norm.Intensity.B,,
RM2024_Intensity D6-2___1,,
YC2018_Log2(SKBR3-LR/SKBR3)_Rep.2-1,,
RB2022_5_PostSprint,,
EJN2021_3_Rest_Basal,,
CR2017_Ratio Replicate 1.3,0.6301227057994635,0.4835697507620107
AS2011_Ratio H/L Normalized by Protein RNAi_2,,
KTGR2014_Ratio-Rapa 7 mins,,
AMK2021_120R_p1,,
AH2018_SILAC_3_X,,
JJ2018_Ratio M/L normalized pP3,,
AH2018_SILAC_M_2_N,,
HS2024_7_PD_T2,,
FSO2013_Ratio H/L normalized Rep1___1,,0.5027909946958282
AH2018_LFQ_1_C,,
AS2011_Ratio H/L Normalized Inhi_1_3,,
KBE2022_Log2_Ex_28_T,,
HS2024_3_B_N1,,
RM2024_Intensity D4-2___3,,
WZ2023_Pe_025_30min,0.641333864620885,0.4823978458557203
CK2022_11 40-1,,
CW2012_10 µM Erl/control Experiment 3 Replicate B,,
AH2018_SILAC_2_X,,
MV2014_Ratio H/M normalized A2___2 (2 min),,
AS2011_Ratio H/L RNAi_1_2,,
KS2014_Intensity E15_1,0.5952960669576594,
FSO2013_Ratio H/L normalized Rep2,,0.5040660359174357
WZ2023_Pu_005_20min,0.6359171108267317,0.4667418541647966
NJH2024_Sub10_MICT_Post,,
RM2024_Intensity D2-3___1,,
CR2017_Ratio Replicate 1.5,,
CW2012_10 µM Gef/control Experiment 2 Replicate B,,
HS2024_7_B_T3,,
CKC2017_log2 normalized phosphoproteomics_60min_rep#1,,
AS2011_Ratio H/L RNAi_1,,
JC2019_Normalised_intensity_A_TiOx_Testis_sample_URO0059,,
AH2018_LFQ_M_1_C,,
NJH2025_Sub7_MICT_Pre,,
SR2019_SKBR3_Biol_repl_2,,0.4942077194655365
HS2024_9_B_T2,,
KTGR2014_Ratio-AA 7 mins,,
MV2014_Ratio L/H normalized B3___3 (5 min),,
HS2024_3_PD_T1,,
FSO2013_Ratio M/L normalized Rep3___2,,
SR2019_BT549_Biol_repl_3,0.6284387896283605,0.48543449913738895
RCJD2014_20min_mean,,
FR2021_Norm.Intensity.H,,
RB2022_2_PreStrength,,
DB2022_LFQ intensity L1.2,,
HS2024_4_B_N1,,
KTGR2014_Ratio H M Normalized Rep2_Rapamycin_0_15,,
CK2022_1 16-1,,
CK2022_1 200-1,,
PG2020_Intensity Mock_10h_D,,
SR2019_MCF10A_Biol_repl_2,,0.48624754657618346
JJ2018_Ratio M/L normalized pP2___2,,
HS2024_6_PD_T1,,
JVO2010_Ratio M/L Normalized by Protein ThymON - Log2 G1/S,,
RB2022_6_RecoveryEndurance,,
FSO2012_Ratio -/+ 3-MB-PP1 exp. wt3b,,
EP2017_Mitotic R#2 normalized log2 ratio,0.612245486890504,0.5017669650878192
RCJD2014_5min_1,,
RM2024_Intensity D4-1___1,,
DL2023_24h-1,,
YC2018_Log2(SKBR3-LR/SKBR3)_Rep.1-1,,
FSO2012_Ratio -/+ 3-MB-PP1 exp. as2b,,
TM2022_S2.4h.C,,
SAS2015_PLX/AZD_Exp2,,
CR2017_Ratio Replicate 3.3,0.6295957909015623,0.48270156922125285
PG2020_Intensity 2h_C,,
VOI2024_Veh2 di,,
ZX2022_CB treated Replicate 2,,
KBE2022_Log2_Ex_8_T,,
NJH2025_Sub10_MICT_Post,,
HS2024_6_I_T3,,
RN2012_L11,,
AS2011_Ratio H/L Normalized Inhi_2_2,,
IMM2018_normalised rep. int. Empty-1,,
HS2024_5_PD_T1,,
AH2018_LFQ_M_2_C,,
CK2022_3 40-1,,
RBK2021_1260T Early,,
NJH2024_Sub4_HIIT_Post,,
HS2024_4_I_T1,,
YA2020_Reporter_intensity_Cancer_No.5,,
HH2022_Reporter intensity 8,,
ZQ2022_N2,,0.48786899151267915
FSO2012_Ratio -/+ 3-MB-PP1 exp. wt1b,,
FSO2013_Ratio H/L normalized Rep3___3,,
AH2018_TMTMS3_2_N,,0.49601809920367296
EJN2021_5_Rest_Basal,,
NJH2025_Sub2_HIIT_Post,,
NJH2025_Sub1_MICT_Post,,
HS2024_9_B_T1,,
FSO2012_Ratio -/+ 3-MB-PP1 exp. wt1a,,
JAW2011_Ratio H/L LS2_1,,
JVO2010_Log2 Ratio H/M Normalized aphidicolin,,
NJH2024_Sub6_HIIT_Pre,,
AH2018_SILAC_3_N,,
YA2020_Reporter_intensity_Normal_No.1,,
HS2024_3_B_T1,,
JJ2018_Ratio H/L normalized___2,,
RM2024_Intensity D0-2,,
MV2014_Ratio M/L normalized B1___2 (5 min),,
RB2022_7_PostStrength,,
RB2022_1_PostEndurance,,
CR2017_Ratio Replicate 3,0.6218968711271685,0.5127770968336214
SR2019_Hs578T_Biol_repl_3,0.6216742926530435,0.48952612754933483
MV2014_Ratio L/H normalized B3___1 (5 min),,
RBK2021_1244T Early,,
RB2022_3_PostSprint,,
NJH2024_Sub13_MICT_Mid,,
KTGR2014_Ratio-AA 2 mins,,
GF2025_P7_Sph,,
HS2024_8_I_T3,,
CF2017_EOC 3,,
LATM2013_Normalized Log2 Ratio (Medium/Light) Forward,,
HS2024_6_PD_T3,,
DL2023_12h-2,,
RM2024_Intensity D6-3___1,,
FS2019_Ctr1,,
WZ2023_Pu_010_20min,0.6310752520713592,0.47181925590308543
AS2011_Ratio H/L_3,,
CK2022_1 40-1,,
RNJ2017_Log2_ratio_Tsup:Trest_D1,,
CK2022_8 16-1,,
KS2014_Intensity N3,0.6626369505346846,
RB2022_4_RecoveryEndurance,,
RB2022_5_RecoveryEndurance,,
JAW2011_Ratio H/L LS1a_2,,
NJH2024_Sub12_HIIT_Mid,,
AH2018_LFQ_IT_1_N,,
FSO2013_Ratio H/M normalized Rep2,,0.4949326877596011
RAM2015_Log2 A,0.5782947153344145,
HS2024_8_PD_T1,,
JJ2018_Ratio H/L normalized pP2,,
CF2017_OSE 27,,
KS2014_Intensity E15_2,,
BS2014_Log2(Ratio H/L protein),,
PG2020_Intensity 8h_A,,
HS2024_7_I_T1,,
VOI2024_Veh3 di,,
RKK2015_TNF-α+SC-514/basal,,
SR2019_JIMT1_Biol_repl_1,,0.49882144373153703
HW2015_Ratio H/L normalized Exp2,,
HS2024_3_I_N1,,
AH2018_SILAC_M_3_X,,
NJH2024_Sub9_HIIT_Post,,
AS2011_Ratio H/L RNAi_1_3,,
GRW2016_Ratio H/L normalized SILAC 1___2,,
NJH2025_Sub1_HIIT_Pre,,
YC2018_Log2(SKBR3-LR/SKBR3)_Rep.1-2,,
NJH2024_Sub4_HIIT_Mid,,
VOI2024_0.1uM 2 h_1 di,,
KBE2022_Log2_Ex_6_T,,
RM2024_Intensity D4-3___1,,
AH2018_LFQ_4_X,,
AS2011_Inhi 2_Ratio H/L normalized by corresponding protein level (H:TAL treatment; L: MA treatment),,
RB2022_8_PostEndurance,,
NJH2025_Sub4_MICT_Mid,,
YP2020_Intensity C30_R1_mult_log2,,
AST2020_anti-CD3.1,,
NJH2025_Sub4_HIIT_Post,,
EP2017_Untreated R#4 log2 ratio,0.6114882057767917,0.49298715237820745
HS2024_6_B_N1,,
KBE2022_Log2_Ex_27_T,,
CW2012_10 µM Gef/control Experiment 1 Replicate A,,
VOI2024_0.1uM 24 h_1 mono,,
AMK2021_120R_p5,,
AS2011_Ratio H/L Proteins,,
NJH2024_Sub7_HIIT_Post,,
NJH2015_TMT Subject 1 127_N/126 (Exercise/Basal) (normalized),,
AS2011_Ratio H/L RNAi_2_2,,
RB2022_7_RecoveryStrength,,
AH2018_SILAC_IT_3_X,,
JAW2011_Ratio H/L,,
PG2020_Intensity 10h_C,,
FSO2013_Ratio M/L normalized Rep2,,
CP2009_Ratio H/M Normalized (50 nM dasatinib vs 5 nM dasatinib),,
HH2022_Reporter intensity 5,,
SR2019_HCC1954_Biol_repl_2,0.6237739894616864,0.5134069089725333
CK2022_14 40-1,,
RB2022_6_PreSprint,,
NJH2025_Sub12_MICT_Mid,,
PG2020_Intensity 4h_D,,
NJH2025_Sub2_MICT_Post,,
AH2018_LFQ_4_C,,
DL2023_control-1,,
AR2021_ALG 10 μM,0.6402032179925669,
JAW2011_Ratio H/L LS2_2,,
AH2018_SILAC_IT_3_N,,
EJN2021_4_Rest_Ins,,
RN2012_H05,,
NJH2024_Sub7_HIIT_Mid,,
GF2025_P2_Adh,,
FSO2012_Ratio -/+ 3-MB-PP1 exp. as4b,,
RB2022_8_PostSprint,,
EJN2021_1_Rest_Ins,,
HH2022_Reporter intensity 3,,
FSO2012_Ratio -/+ 3-MB-PP1 exp. wt4b,,
AH2018_SILAC_IT_1_C,,
JW2021_After_3,,
GF2025_P8_Sph,,
FSO2012_Ratio -/+ 3-MB-PP1 exp. wt4,,
JJ2018_Ratio M/L normalized pP2___1,,
AH2018_SILAC_2_N,,
CK2022_11 200-1,,
CK2022_12 200-1,,
AS2011_Ratio H/L Normalized by Protein RNAi_1,,
RM2024_Intensity D2-1___3,,
NJH2024_Sub1_MICT_Pre,,
HH2022_Reporter intensity 9,,
WZ2023_Su_010_20min,0.6341676642483706,0.47140960314965247
AH2018_TMTMS2_2_N,,0.48378589208411854
NJH2024_Sub13_MICT_Pre,,
KBE2022_Log2_Ex_41_U,,
NJH2015_TMT Subject 3 129_N/128_C (Exercise/Basal) (normalized),,
AH2018_TMTMS3_Pool,,0.4911335888412434
KS2014_Intensity N4,0.6610038473952795,
NJH2024_Sub1_HIIT_Post,,
MM2018_Ratio H/L replicate2,,
RM2024_Intensity D4-2___2,,
NJH2024_Sub13_HIIT_Pre,,
CF2017_OSE 26,,
CK2022_14 200-1,,
SR2019_Hs578T_Biol_repl_1,0.6193204341575612,0.4906387130198859
RB2022_7_PostSprint,,
TM2022_mock.4h.A,,
NJH2025_Sub12_HIIT_Pre,,
AH2018_TMTMS3_1_N,,0.501706755567072
AST2020_anti-CD3+PDL2.2,,
PG2020_Intensity Mock_10h_A,,
JW2021_After_2,,
NJH2024_Sub2_MICT_Post,,
EJN2021_2_Rest_Ins,,
SR2019_LM2_Biol_repl_4,0.6436774195596084,0.5056254416275386
CP2009_Ratio H/M,,
JAW2011_Ratio H/L HS,,
CK2022_13 16-1,,
GF2025_P1_Adh,,
GF2025_P1_Sph,,
EJN2021_5_Ex_Basal,,
HS2024_7_I_T3,,
JJ2018_Ratio H/L normalized pP2___2,,
WZ2023_Pe_010_10min,0.6435902802941852,0.4805585396449311
CF2017_EOC 1,,
CK2022_3 200-1,,
AH2018_LFQ_IT_3_C,,
SR2019_Hs578T_Biol_repl_2,0.6202744580833414,0.4920071104372385
NJH2024_Sub12_HIIT_Post,,
JJ2018_Ratio H/L normalized pP1___2,,
MV2014_Ratio H/L normalized A1___2 (10 min),,
NJH2024_Sub10_MICT_Mid,,
NJH2024_Sub13_MICT_Post,,
BS2014_Log2(Ratio H/L normalized Rep_1),,
RB2022_3_RecoverySprint,,
NJH2025_Sub1_HIIT_Mid,,
RCJD2014_20min_2,,
FSO2012_Ratio -/+ 3-MB-PP1 exp. wt2,,
HS2024_6_PD_T2,,
HS2024_5_B_T1,,
CW2012_10 µM Gef/control Experiment 2 Replicate A,,
DL2023_12h-3,,
SR2019_MDAMB231_Biol_repl_2,0.6383856050834742,0.5225447300002256
HS2024_3_B_T2,,
RB2022_6_PreStrength,,
CK2022_2 40-1,,
RB2022_1_PostSprint,,
CK2022_4 200-1,,
JW2021_Before_2,,
TM2022_S2.12h.A,,
MV2014_Ratio L/M normalized B2___2 (30 min),,
CK2022_5 16-1,,
AR2021_ALG 1 μM,0.6011223273868712,
HS2024_4_B_T1,,
MV2014_Ratio M/H normalized A3___1 (10 min),,
SR2019_BT549_Biol_repl_4,0.6305227300045965,0.49234318169932806
EJN2021_1_Rest_Basal,,
NJH2025_Sub8_MICT_Post,,
RCJD2014_5min_3,,
CR2017_Ratio Replicate 3.2,0.614839293495333,0.49789790780033444
FSO2012_Ratio -/+ 3-MB-PP1 exp. as3a,,
GF2025_P7_Adh,,
CK2022_9 16-1,,
NJH2024_Sub6_HIIT_Post,,
AMK2021_30R_p3,,
AS2011_Ratio H/L Normalized RNAi_2,,
RM2024_Intensity D0-2___2,,
KS2014_Intensity pY_N4,,
CK2022_13 200-1,,
AS2011_Ratio H/L Normalized_2,,
PG2020_Intensity 6h_D,,
CK2022_16 16-1,,
FS2019_db/db3,,
CK2022_15 40-1,,
NJH2024_Sub9_MICT_Pre,,
BS2014_Log2(Ratio H/L unmodified peptide),,
WZ2023_Su_005_10min,0.6300569168779392,0.4639822900568167
RM2009_Ratio M/L (M:15 min timepoint;L:0 min. timepoint),,
KBE2022_Log2_Ex_41_T,,
AMK2021_Ctrl_p1,,
AH2018_LFQ_IT_3_X,,
HS2024_5_PD_T3,,
AH2018_TMTMS3_3_X,,0.4914546939750592
FSO2012_Ratio -/+ 3-MB-PP1 exp. as2,,
KBE2022_Log2_Ex_40_U,,
AH2018_LFQ_M_1_N,,
KBE2022_Log2_Ex_27_U,,
HW2015_Ratio M/L normalized Exp3,,
RKK2015_TNF-α/IKKb(K44M),,
AH2018_SILAC_M_1_N,,
HW2015_Ratio M/L normalized Exp1,,
RB2022_5_RecoveryStrength,,
YP2020_Intensity P10_R1_mult_log2,,
RB2022_7_PreStrength,,
YA2020_Reporter_intensity_Normal_No.4,,
NJH2025_Sub13_HIIT_Pre,,
PG2020_Intensity CT_D,,
NJH2025_Sub9_MICT_Post,,
VOI2024_Veh1 mono,,
CK2022_12 16-1,,
RN2012_L13,,
LG2023_Control-1_intensity,,0.48920000429562654
RM2024_Intensity D6-3___2,,
KBE2022_Log2_Ex_8_U,,
SR2019_SKBR3_Biol_repl_3,0.6282561622350971,0.49911886254363397
NJH2024_Sub1_MICT_Post,,
HS2024_3_I_T2,,
KTGR2014_Ratio M L Normalized Rep2_Rapamycin_0_15,,
RM2024_Intensity D0-3___3,,
HS2024_6_I_T2,,
CW2012_10 µM Erl/control Experiment 2 Replicate B,,
AS2011_Ratio H/L Protein Inhi_1,,
FSO2013_Ratio H/M normalized Rep2___1,,0.49597764104341824
GRW2016_Ratio M/L normalized SILAC 5a___2,,
CK2022_10 40-1,,
NJH2024_Sub12_HIIT_Pre,,
NJH2024_Sub8_MICT_Pre,,
RM2024_Intensity D0-1___1,,
LY2019_P3+,,
HH2022_Reporter intensity 6,,
RB2022_2_RecoveryStrength,,
KTGR2014_Ratio-AA 15 mins,,
AS2011_Ratio H/L Normalized RNAi_2_2,,
KS2014_Intensity pY_N3,,
MV2014_Ratio H/L normalized B1___2 (30 min),,
LY2019_P5-,,
HW2015_Ratio M/L normalized Exp2,,
SR2019_HCC1419_Biol_repl_1,0.6282884904330518,0.49010049345617523
AH2018_TMTMS2_3_X,,0.480647772499012
GF2025_P3_Adh,,
SR2019_JIMT1_Biol_repl_2,0.623202514561781,0.4995058592280069
AH2018_TMTMS2_1_C,,0.4876342965414791
RM2024_Intensity D0-1___2,,
LY2019_P4+,,
KBE2022_Log2_Ex_19_U,,
CKC2017_log2 normalized phosphoproteomics_0min_rep#1,,
RB2022_4_PostStrength,,
LG2023_GSK3α-3_intensity,,
YA2020_Reporter_intensity_Cancer_No.1,,
AST2020_Control,,
JAW2011_Ratio H/L LS1a,,
RCJD2014_5min_mean,,
NJH2015_iTRAQ Subject 4 114/115 (Exercise/Basal) (normalized),,
NJH2025_Sub1_MICT_Mid,,
TM2022_S2.12h.C,,
NJH2025_Sub9_MICT_Mid,,
CKC2017_log2 normalized phosphoproteomics_120min_rep#2,,
AS2011_Ratio H/L Normalized Inhi_1_2,,
FSO2013_Ratio M/L normalized Rep2___1,,
LG2023_Control-2_intensity,,0.4940764343197446
NJH2024_Sub8_HIIT_Pre,,
KS2014_Intensity pY_N2,,
RB2022_5_RecoverySprint,,
RB2022_7_RecoverySprint,,
YA2020_Reporter_intensity_Normal_No.3,,
HS2024_8_B_T2,,
AH2018_LFQ_1_X,,
RM2024_Intensity D6-1___1,,
RCJD2014_10min_2,,
FR2021_Norm.Intensity.M,,
RM2024_Intensity D0-3___1,,
KS2014_Intensity N2,0.6675794599959168,0.4954246203690395
HH2022_Reporter intensity 1,,
HH2022_Reporter intensity 2,,
RM2024_Intensity D6-2___2,,
FSO2012_Ratio -/+ 3-MB-PP1 exp. as1,,
RM2024_Intensity D2-3___2,,
YA2020_Reporter_intensity_Normal_No.5,,
SR2019_MCF7_Biol_repl_1,0.6040095112353686,
FSO2012_Ratio -/+ 3-MB-PP1 exp. as1a,,
HS2024_8_B_T1,,
NJH2025_Sub6_HIIT_Pre,,
RNJ2017_Log2_ratio_Tsup:Tstim_D1,,
EP2017_Untreated R#2 log2 ratio,0.6160444922751288,0.4882049849791304
SR2019_LM2_Biol_repl_3,0.6415674151946954,0.5062869214986541
RB2022_4_RecoveryStrength,,
CR2017_Ratio Replicate 2,0.5709950570374768,0.4706453481271558
CW2012_10 µM Erl/control Experiment 2 Replicate A,,
FSO2013_Ratio H/M normalized Rep3,,0.4961222192107655
AR2021_KD 72h,0.6092819950620716,
MV2014_Ratio H/M normalized B2___3 (5 min),,
KBE2022_Log2_Ex_18_U,,
AS2011_Ratio H/L Inhi_1_1,,
NJH2024_Sub8_MICT_Post,,
AH2018_TMTMS3_3_C,,0.4958251341861954
KBE2022_Log2_Ex_9_U,,
AH2018_SILAC_M_3_N,,
KBE2022_Log2_Ex_13_T,,
RM2024_Intensity D0-3,,
SR2019_SKBR3_Biol_repl_1,0.6224427677751424,0.4871448816752595
PG2020_Intensity Mock_10h_C,,
CF2017_OSE 29,,
YB2013_Ratio_H_L_Normalized_in_experiment_1,,
NJH2025_Sub1_HIIT_Post,,
DL2023_24h-2,,
HS2024_7_B_N2,,
PG2020_Intensity 10h_A,,
RN2012_L12,,
MV2014_Ratio M/L normalized B1___3 (5 min),,
NJH2024_Sub8_MICT_Mid,,
AH2018_LFQ_IT_4_C,,
SAS2015_PLX/AZD_Exp1,,
FR2021_Norm.Intensity.A,,
FSO2013_Ratio H/M normalized Rep1___1,,0.48593302670982613
JW2015_Intensity cap2,,
BS2014_Log2(Ratio H/L normalized Rep_2),,
NJH2024_Sub6_MICT_Post,,
CK2022_8 40-1,,
RB2022_7_RecoveryEndurance,,
NJH2025_Sub12_HIIT_Post,,
EJN2021_4_Ex_Basal,,
TM2022_S2.12h.B,,
RN2012_L15,,
KS2014_Intensity pY_PV3,,
TM2022_S2.4h.B,,
PG2020_Intensity 4h_A,,
FSO2013_Ratio H/M normalized Rep2___2,,
TM2022_mock.4h.B,,
KBE2022_Log2_Ex_24_U,,
NJH2025_Sub13_MICT_Mid,,
KS2014_Intensity C3,,
RB2022_1_PreSprint,,
HS2024_4_I_N1,,
CK2022_7 200-1,,
CK2022_5 200-1,,
CKC2017_log2 normalized phosphoproteomics_120min_rep#3,,
FSO2013_Ratio H/L normalized Rep2___1,,0.5042456179326895
NJH2024_Sub10_HIIT_Mid,,
RB2022_2_PostEndurance,,
AH2018_LFQ_2_C,,
AH2018_SILAC_MR_1_X,,
KTGR2014_Ratio H M Normalized Rep1_Rapamycin_0_15,,
IMM2018_normalised rep. int. Empty-2,,
RM2024_Intensity D4-1,,
KBE2022_Log2_Ex_25_U,,
AH2018_SILAC_3_C,,
EJN2021_5_Rest_Ins,,
VOI2024_0.1uM 24 h_3 di,,
RNJ2017_Log2_ratio_Tstim:Trest_D3,,
DB2022_LFQ intensity L2.1,,
FSO2013_Ratio H/M normalized Rep1,,0.4847382714770459
CK2022_4 16-1,,
AS2011_Ratio H/L,,
SR2019_MCF7_Biol_repl_4,,0.4812393485096776
EJN2021_2_Ex_Ins,,
AS2011_Ratio H/L Inhi_2_3,,
JAW2011_Ratio H/L LS1a_1,,
AH2018_LFQ_1_N,,
SAS2015_PLX/DMSO_Exp1,,
SFR2015_HL_log2_ratio_avg_c,,
JJ2018_Ratio M/L normalized pP2,,
NJH2024_Sub7_MICT_Mid,,
PG2020_Intensity 6h_B,,
FSO2013_Ratio H/L normalized Rep3,,0.49291308414417484
GRW2016_Ratio H/L normalized SILAC 2___2,,
RKK2015_IKKb(K44M)+TNF-α/TNF-α,,
JJ2018_Ratio M/L normalized,,
KTGR2014_Ratio-AA 30 mins,,
JW2021_After_1,,
NJH2025_Sub2_MICT_Mid,,
HS2024_6_B_N2,,
KBE2022_Log2_Ex_9_T,,
AH2018_SILAC_IT_2_N,,
AH2018_SILAC_IT_1_X,,
HW2015_Ratio H/L normalized Exp3,,
HS2024_7_PD_T1,,
UK2020_UA_2,,
RM2024_Intensity D2-1___1,,
GF2025_P10_Sph,,
WZ2023_Pe_025_20min,0.6425351687889259,0.4823482622084904
JVO2010_Log2 Ratio M/L Normalized aphidicolin,,
AH2018_LFQ_2_N,,
HS2024_4_I_N2,,
AH2018_TMTMS2_3_N,,0.4799943692062982
RN2012_H06,,
AS2011_Inhi 1_Ratio H/L normalized by corresponding protein level (H:TAL treatment; L: MA treatment),,
HS2024_4_PD_T3,,
WZ2023_Su_005_30min,0.6298445151810496,0.4687889222845905
SR2019_HCC1419_Biol_repl_4,0.6318490891554583,0.5015715588422527
JJ2018_Ratio H/M normalized___2,,
SR2019_JIMT1_Biol_repl_3,,0.49909568065619286
AS2011_Ratio H/L Protein,,
UK2020_HCM_3,,
NJH2024_Sub10_HIIT_Post,,
CR2017_Ratio Replicate 3.1,0.6009584751844596,0.5096832094773084
WZ2023_Su_025_10min,0.635056172324885,0.47500558705298235
AH2018_LFQ_IT_4_X,,
CP2009_Ratio H/L,,
VOI2024_0.1uM 24 h_3 mono,,
RB2022_4_RecoverySprint,,
RM2024_Intensity D6-3,,
WZ2023_Su_005_20min,0.6326243641444022,0.46524467471252945
CW2012_10 µM Gef/control Experiment 1 Replicate B,,
SFR2015_HL_log2_ratio_avg_a,,
CW2012_10 µM Erl/control Experiment 3 Replicate A,,
RB2022_1_PreEndurance,,
FSO2012_Ratio -/+ 3-MB-PP1 exp. wt3a,,
LG2023_GSK3α-2_intensity,,
EP2017_Pervanadate R#1 log2 ratio,0.6393406920230281,0.49471136500436363
NJH2025_Sub6_HIIT_Post,,
RB2022_6_RecoverySprint,,
KS2014_Intensity,0.6586055247934949,0.485827257654195
MV2014_Ratio H/M normalized A2___1 (2 min),,
PG2020_Intensity 8h_D,,
LY2019_P7+,,
EP2017_Untreated R#1 normalized log2 ratio,0.6246972902235877,0.49864683168344553
RN2012_L10,,
PG2020_Intensity 4h_C,,
EP2017_Mitotic R#3 normalized log2 ratio,0.6086814813114436,0.5016223768650889
FSO2012_Ratio -/+ 3-MB-PP1 exp. as4,,
DB2022_LFQ intensity L1,,
KBE2022_Log2_Ex_24_T,,
RB2022_8_PostStrength,,
AH2018_SILAC_IT_2_X,,
HS2024_4_B_T3,,
NJH2024_Sub2_HIIT_Post,,
HS2024_8_B_N2,,
NJH2025_Sub8_HIIT_Pre,,
JJ2018_Ratio H/L normalized pP2___1,,
HS2024_8_I_T2,,
KBE2022_Log2_Ex_6_U,,
LATM2013_Normalized Log2 Ratio (Light/Medium) Reverse,,
CR2017_Ratio Replicate 1.1,0.5614176348907791,
CKC2017_log2 normalized phosphoproteomics_30min_rep#1,,
MV2014_Ratio M/H normalized B3___2 (30 min),,
CK2022_16 200-1,,
VOI2024_0.1uM 2 h_3 di,,
EP2017_Mitotic R#1 normalized log2 ratio,0.6171272254252426,0.4992066073683332
GF2025_P9_Sph,,
CK2022_6 200-1,,
NJH2024_Sub7_MICT_Post,,
AH2018_TMTMS3_2_X,,0.5005682700734133
NJH2024_Sub8_HIIT_Post,,
DB2022_LFQ intensity R1,,
JW2015_Intensity cap3,,
SR2019_HCC1954_Biol_repl_1,0.6276404319530522,0.5045505437619616
HS2024_4_I_T2,,
NJH2024_Sub2_MICT_Mid,,
VOI2024_0.1uM 2 h_2 mono,,
CP2009_Ratio M/L Normalized (5 nM dasatinib vs Ctrl),,
FSO2012_Ratio -/+ 3-MB-PP1 exp. as3b,,
HS2024_4_PD_T1,,
SAS2015_AZD/DMSO_Exp1,,
NJH2024_Sub1_MICT_Mid,,
IMM2018_normalised rep. int. CDK5L-3,,
HS2024_3_B_T3,,
MV2014_Ratio L/H normalized A3___2 (2 min),,
NJH2025_Sub13_MICT_Pre,,
SR2019_MDAMB231_Biol_repl_3,0.6363692465462449,0.5206437003213744
GRW2016_Ratio H/L normalized SILAC 4___1,,
MM2018_Ratio H/L replicate1,,
PG2020_Intensity 2h_D,,
EP2017_Untreated R#3 normalized log2 ratio,0.626960582528551,0.47664739535565626
MV2014_Ratio M/H normalized A3___3 (10 min),,
NJH2024_Sub7_HIIT_Pre,,
JAW2011_Ratio H/L LS2,,
CK2022_8 200-1,,
KS2014_Intensity pY_C4,,
CR2017_Ratio Replicate 3.5,,
RB2022_7_PostEndurance,,
NJH2025_Sub4_HIIT_Pre,,
CKC2017_log2 normalized phosphoproteomics_90min_rep#3,,
TM2022_mock.12h.A,,
JJ2018_Ratio H/L normalized pP1,,
EP2017_Pervanadate R#2 normalized log2 ratio,0.6419966333088546,0.49407761524479654
AS2011_Ratio H/L Normalized by Protein (Unnormalized),,
KS2014_Intensity pY_E5_4,,
RM2024_Intensity D4-3___2,,
CKC2017_log2 normalized phosphoproteomics_15min_rep#1,,
AH2018_SILAC_2_C,,
AS2011_RNAi 2_Ratio H/L normalized by corresponding protein level (H: shPlk1; L: shEg5),,
HS2024_7_I_N1,,
KBE2022_Log2_Ex_29_T,,
HS2024_7_I_T2,,
AS2011_Ratio H/L Normalized RNAi_2_3,,
CW2012_10 µM Gef/control Experiment 3 Replicate B,,
HS2024_6_B_T2,,
AMK2021_45I_p5,,
CW2012_10 µM Erl/control Experiment 1 Replicate A,,
SAS2015_PLX/DMSO_Exp2,,
EJN2021_1_Ex_Basal,,
FR2021_Intensity.M,,
RB2022_2_PostSprint,,
AH2018_SILAC_MR_3_N,,
MV2014_Ratio H/L normalized B1___3 (30 min),,
CF2017_FTE 13,,
PG2020_Intensity CT_C,,
ZCP2016_Ratio H/L Rep 1,,
FS2019_db/db2,,
KS2014_Intensity pY_PV4,,
KBE2022_Log2_Ex_39_U,,
EP2017_Untreated R#3 log2 ratio,0.6272468515600105,0.4768512237200316
RB2022_2_PostStrength,,
AS2011_Ratio H/L Normalized_1,,
MV2014_Ratio M/H normalized A3___2 (10 min),,
CR2017_Ratio Replicate 3.4,,
HS2024_8_PD_T2,,
FS2019_Ctr2,,
RB2022_6_PreEndurance,,
FR2021_Norm.Intensity.G,,
NJH2025_Sub9_HIIT_Post,,
CKC2017_log2 normalized phosphoproteomics_0min_rep#3,,
RM2024_Intensity D4-3,,
HS2024_8_B_N1,,
NJH2025_Sub10_MICT_Mid,,
KBE2022_Log2_Ex_15_U,,
AS2011_Ratio H/L Normalized Inhi_2,,
RKK2015_TNF-α/SC-514,,
RB2022_3_PreSprint,,
CR2017_Ratio Replicate 2.3,0.628980339516917,0.4992106186861005
RM2009_Ratio M/L Normalized by Corresponding Protein Level (M:15 min timepoint;L:0 min. timepoint),,
CP2009_Ratio H/L Normalized (50 nM dasatinib vs Ctrl),,
GF2025_P4_Adh,,
YA2020_Reporter_intensity_Normal_No.2,,
YP2020_Intensity P30_R2_mult_log2,,
NJH2025_Sub13_MICT_Post,,
HS2024_4_B_N2,,
HS2024_3_PD_T3,,
AMK2021_120R_p3,,
MV2014_Ratio L/H normalized A3___3 (2 min),,
NJH2025_Sub10_HIIT_Pre,,
FR2021_Intensity.G,,
RAM2015_Log2 C,0.5832267389055177,
AS2011_Ratio H/L Proteins Inhi_1,,
FSO2013_Ratio H/M normalized Rep1___3,,
AH2018_LFQ_M_2_N,,
MV2014_Ratio M/L normalized A1___3 (2 min),,
KBE2022_Log2_Ex_40_T,,
CK2022_2 16-1,,
RAM2015_Log2 B,0.5887677060891472,
YP2020_Intensity C10_R1_mult_log2,,
FSO2013_Ratio M/L normalized Rep1___2,,
NJH2025_Sub8_MICT_Pre,,
EJN2021_4_Rest_Basal,,
YB2013_Ratio_H_L_Normalized_in_experiment_2,,
JJ2018_Ratio H/M normalized pP3___1,,
VOI2024_Veh2 mono,,
HS2024_6_B_T1,,
UK2020_HCM_5,,
NJH2025_Sub10_HIIT_Post,,
VOI2024_0.1uM 2 h_3 mono,,
JW2015_Intensity pre3,,
AS2011_Ratio H/L Normalized Inhi_2_1,,
DL2023_24h-3,,
HS2024_7_PD_T3,,
PG2020_Intensity Mock_10h_B,,
WZ2023_Su_025_30min,0.6346810346417525,0.4736500543708724
AH2018_LFQ_4_N,,
CR2017_Ratio Replicate 1.2,0.6109119491542835,0.47689254729892716
AS2011_Ratio H/L Normalized by Proteins,,
RB2022_6_RecoveryStrength,,
HS2024_8_I_N1,,
AMK2021_Ctrl_p3,,
AS2011_Ratio H/L Protein Inhi_2,,
HH2022_Reporter intensity 7,,
AH2018_SILAC_M_1_X,,
RB2022_7_PreEndurance,,
VOI2024_0.1uM 24 h_2 di,,
DL2023_control-2,,
LY2019_P6+,,
DB2022_LFQ intensity R2,,
GF2025_P6_Adh,,
VOI2024_Veh1 di,,
AS2011_Ratio H/L RNAi_2,,
FSO2012_Ratio -/+ 3-MB-PP1 exp. as3,,
VOI2024_Veh3 mono,,
HS2024_5_I_T2,,
NJH2025_Sub7_HIIT_Mid,,
MV2014_Ratio H/L normalized B1___1 (30 min),,
RM2009_Ratio H/L (H:60 min timepoint;L:0 min. timepoint),,
RB2022_6_PostSprint,,
KTGR2014_Ratio H L Normalized Rep2_Rapamycin_0_15,,
AS2011_Ratio H/L Inhi_1,,
AS2011_Ratio H/L Normalized RNAi_1_2,,
AH2018_TMTMS3_2_C,,0.4993116897256271
SR2019_Hs578T_Biol_repl_4,0.6200235275081881,0.48858948726533563
RB2022_8_PreStrength,,
KS2014_Intensity C5,,0.49224784050110326
RM2024_Intensity D0-1,,
CW2012_10 µM Gef/control Experiment 3 Replicate A,,
YP2020_Intensity P30_R1_mult_log2,,
NJH2025_Sub2_HIIT_Pre,,
RB2022_3_RecoveryEndurance,,
RNJ2017_Log2_ratio_Tstim:Trest_D2,,
GF2025_P9_Adh,,
RB2022_3_PostStrength,,
TM2022_S2.8h.A,,
AS2011_Ratio H/L RNAi_1_1,,
AS2011_Ratio H/L Normalized by Proteins RNAi_2,,
FSO2012_Ratio -/+ 3-MB-PP1 exp. wt1,,
AS2011_Ratio H/L Normalized by Protein Inhi_1,,
NJH2025_Sub2_MICT_Pre,,
MV2014_Ratio L/M normalized A2___3 (10 min),,
MV2014_Ratio H/M normalized A2___3 (2 min),,
HS2024_4_B_T2,,
SR2019_BT549_Biol_repl_1,0.6312418296488355,0.4912846463767533
AH2018_LFQ_M_4_N,,
NJH2024_Sub8_HIIT_Mid,,
PG2020_Intensity 8h_B,,
AH2018_LFQ_2_X,,
PG2020_Intensity 2h_B,,
AS2011_Ratio H/L Proteins RNAi_1,,
RB2022_4_PostSprint,,
KS2014_Intensity E15_3,0.6129821628288572,
GF2025_P3_Sph,,
DB2022_LFQ intensity L2,,
MV2014_Ratio H/L normalized A1___1 (10 min),,
AH2018_SILAC_1_C,,
NJH2024_Sub1_HIIT_Pre,,
FSO2013_Ratio M/L normalized Rep2___2,,
NJH2015_TMT Subject 4 130_N/129_C (Exercise/Basal) (normalized),,
AS2011_Ratio H/L RNAi_2_3,,
AH2018_SILAC_IT_1_N,,
KTGR2014_Ratio H M Normalized Rep2_AA_starvation_0_15,,
RB2022_4_PreEndurance,,
JJ2018_Ratio M/L normalized pP1,,
CR2017_Ratio Replicate 2.4,,
ZQ2022_N1,,0.4902535243957674
LY2019_P6-,,
RM2024_Intensity D2-3,,
UK2020_HCM_1,,
JW2015_Intensity pre2,,
KTGR2014_Ratio M L Normalized Rep1_AA_starvation_0_15,,
RM2024_Intensity D2-1,,
NJH2025_Sub12_MICT_Post,,
MV2014_Ratio H/M normalized B2___2 (5 min),,
RN2012_L14,,
AH2018_LFQ_3_N,,
RKK2015_TNF-α/IKKb,,
SFR2015_HL_log2_ratio_std_b,,
UK2020_UA_1,,
KBE2022_Log2_Ex_13_U,,
AS2011_Ratio H/L Normalized Inhi_1,,
RNJ2017_Log2_ratio_Tsup:Trest_D2,,
RB2022_1_RecoverySprint,,
CKC2017_log2 normalized phosphoproteomics_120min_rep#1,,
JJ2018_Ratio H/L normalized pP3,,
CK2022_7 40-1,,
AS2011_Ratio H/L Inhi_1_3,,
NJH2025_Sub10_HIIT_Mid,,
KTGR2014_Ratio H L Normalized Rep2_AA_starvation_0_15,,
JAW2011_Ratio H/L LS1b_1,,
PG2020_Intensity 4h_B,,
SR2019_BT549_Biol_repl_2,0.6358198847717053,0.49445065401570526
RM2024_Intensity D4-2,,
DB2022_LFQ intensity R2.2,,
JJ2018_Ratio H/L normalized,,
RB2022_5_PostEndurance,,
HS2024_5_PD_T2,,
WZ2023_Su_025_20min,0.6350530958150922,0.47408721777055446
RM2024_Intensity D2-2___1,,
IMM2018_normalised rep. int. CDK5L-2,,
LY2019_P8-,,
JVO2010_Ratio H/M Normalized by Protein ThymON - Log2 G2,,
CKC2017_log2 normalized phosphoproteomics_15min_rep#3,,
FSO2013_Ratio H/L normalized Rep1,,0.5018662083553396
NJH2024_Sub2_HIIT_Pre,,
CKC2017_log2 normalized phosphoproteomics_60min_rep#2,,
CK2022_13 40-1,,
FSO2012_Ratio -/+ 3-MB-PP1 exp. wt4a,,
RN2012_H02,,
PG2020_Intensity 10h_D,,
RB2022_8_PreEndurance,,
HS2024_3_B_N2,,
EJN2021_4_Ex_Ins,,
AS2011_Ratio H/L Normalized by Protein,,
EJN2021_1_Ex_Ins,,
EP2017_Pervanadate R#3 log2 ratio,0.6398226492796741,0.4947226401009432
FSO2013_Ratio M/L normalized Rep1___3,,
NJH2025_Sub4_HIIT_Mid,,
RCJD2014_5min_2,,
RB2022_6_PostStrength,,
AH2018_SILAC_MR_3_C,,
AH2018_LFQ_M_4_C,,
NJH2024_Sub4_MICT_Pre,,
AS2011_Ratio H/L Normalized Inhi_1_1,,
DL2023_12h-1,,
MV2014_Ratio L/M normalized B2___1 (30 min),,
DB2022_LFQ intensity L1.1,,
NJH2025_Sub6_MICT_Pre,,
NJH2025_Sub6_MICT_Post,,
CKC2017_log2 normalized phosphoproteomics_60min_rep#3,,
RN2012_H04,,
CK2022_6 40-1,,
DB2022_LFQ intensity R2.1,,
KBE2022_Log2_Ex_42_U,,
LY2019_P3-,,
FR2021_Intensity.A,,
EJN2021_3_Ex_Ins,,
MV2014_Ratio M/L normalized A1___1 (2 min),,
WZ2023_Pe_005_30min,0.636710903943069,0.4809322451219842
HS2024_8_PD_T3,,
EJN2021_3_Ex_Basal,,
AST2020_Control.1,,
JW2015_Intensity cap1,,
PG2020_Intensity CT_A,,
FS2019_Ctr3,,
WZ2023_Pu_025_20min,0.6307921933124826,0.4664154972280841
NJH2025_Sub4_MICT_Post,,
JVO2010_Ratio H/M Normalized by Protein Noco3h - Log2 Late S,,
GF2025_P10_Adh,,
RB2022_1_RecoveryStrength,,
SR2019_HCC1954_Biol_repl_4,0.6269683203122829,0.5072045356855927
FR2021_Norm.Intensity.N,,
HS2024_5_B_N1,,
FSO2013_Ratio H/M normalized Rep3___3,,
AH2018_TMTMS2_2_C,,0.48409287980228544
RB2022_4_PreSprint,,
DB2022_Intensity R2,,
AH2018_TMTMS2_Pool,,0.49265527712899265
HS2024_8_I_N2,,
RB2022_3_RecoveryStrength,,
NJH2024_Sub6_HIIT_Mid,,
AH2018_SILAC_M_1_C,,
LY2019_P8+,,
RB2022_2_RecoveryEndurance,,
JJ2018_Ratio H/M normalized pP2___1,,
JAW2011_Ratio H/L HS_1,,
RB2022_3_PostEndurance,,
KS2014_Intensity pY_PV1,,
JAW2011_Ratio H/L LS1b_2,,
SR2019_MCF7_Biol_repl_2,,
NJH2015_TMT Subject 2 128_N/127_C (Exercise/Basal) (normalized),,
AS2011_Ratio H/L Normalized RNAi_1_1,,
AH2018_LFQ_M_4_X,,
NJH2024_Sub6_MICT_Pre,,
JJ2018_Ratio M/L normalized pP1___2,,
YP2020_Intensity C30_R2_mult_log2,,
NJH2024_Sub9_HIIT_Pre,,
AS2011_Ratio H/L Normalized Inhi_2_3,,
RM2024_Intensity D0-1___3,,
FSO2012_Ratio -/+ 3-MB-PP1 exp. wt3,,
KBE2022_Log2_Ex_28_U,,
GRW2016_Ratio H/L normalized SILAC 1___1,,
CF2017_FTE 17,,
LY2019_P2-,,
AH2018_LFQ_IT_1_X,,
JJ2018_Ratio H/L normalized pP3___1,,
RB2022_8_RecoveryStrength,,
WZ2023_Pe_005_20min,0.6365119930873654,0.47954948325828756
AST2020_Control.2,,
NJH2025_Sub6_MICT_Mid,,
RCJD2014_10min_1,,
FSO2013_Ratio H/L normalized Rep2___3,,
JVO2010_Ratio M/L Normalized by Protein Noco3h - Log2 G1,,
HS2024_3_I_T1,,
FSO2012_Ratio -/+ 3-MB-PP1 exp. as2a,,
CK2022_4 40-1,,
SR2019_MCF10A_Biol_repl_4,,0.49231545621381545
KS2014_Intensity pY_C5,,
NJH2025_Sub4_MICT_Pre,,
NJH2024_Sub9_MICT_Post,,
CF2017_OSE 28,,
HS2024_5_B_T2,,
HS2024_6_I_T1,,
HS2024_5_B_T3,,
JJ2018_Ratio H/M normalized pP1___1,,
KBE2022_Log2_Ex_36_U,,
AH2018_TMTMS3_3_N,,0.49422694998117433
SR2019_HCC1419_Biol_repl_2,0.6296091481298405,0.4992181087805348
FR2021_Intensity.N,,
AS2011_Ratio H/L Inhi_2_1,,
AH2018_SILAC_MR_1_C,,
NJH2024_Sub1_HIIT_Mid,,
NJH2025_Sub8_HIIT_Mid,,
EP2017_Mitotic R#3 log2 ratio,0.6094632044223524,0.5018342305133952
KBE2022_Log2_Ex_36_T,,
NJH2025_Sub6_HIIT_Mid,,
WZ2023_Pu_005_30min,0.632686951808981,0.4643119488250665
KS2014_Intensity C2,,0.48948976919794823
FSO2013_Ratio H/L normalized Rep1___2,,
RM2024_Intensity D2-2,,
KBE2022_Log2_Ex_42_T,,
CK2022_9 200-1,,
GRW2016_Ratio H/L normalized SILAC 2___1,,
JJ2018_Ratio H/M normalized pP3___2,,
DB2022_LFQ intensity R1.1,,
CK2022_10 200-1,,
NJH2024_Sub9_MICT_Mid,,
JAW2011_Ratio H/L_2,,
HS2024_7_I_N2,,
RBK2021_1332T Late,,
LY2019_P1-,,
RKK2015_TNF-α/basal.1,,
RKK2015_TNF-α/TNF-α+SC-514,,
CR2017_Ratio Replicate 2.5,,
HS2024_3_I_T3,,
CKC2017_log2 normalized phosphoproteomics_90min_rep#2,,
AS2011_Ratio H/L Normalized RNAi_1,,
KS2014_Intensity E15_4,,
ZQ2022_C3,,0.4901523669437305
EJN2021_3_Rest_Ins,,
YP2020_Intensity P10_R2_mult_log2,,
MV2014_Ratio H/L normalized A1___3 (10 min),,
NJH2025_Sub1_MICT_Pre,,
KBE2022_Log2_Ex_39_T,,
FSO2013_Ratio H/M normalized Rep3___2,,
RM2024_Intensity D6-2,,
EP2017_Untreated R#1 log2 ratio,0.6249503863980872,0.49894869926266916
RKK2015_SC-514/basal,,
RM2024_Intensity D6-1___3,,
WZ2023_Pu_010_10min,0.6304457776119471,0.4650081751026212
NJH2025_Sub9_HIIT_Mid,,
SR2019_SKBR3_Biol_repl_4,0.6260798735664469,0.492217974509715
HS2024_5_I_T3,,
KS2014_Intensity N1,0.659054661491787,
NJH2024_Sub12_MICT_Post,,
TM2022_S2.8h.C,,
CR2017_Ratio Replicate 1,0.5584884309294638,
AS2011_RNAi 1_Ratio H/L normalized by corresponding protein level (H: shPlk1; L: shEg5),,
CKC2017_log2 normalized phosphoproteomics_30min_rep#3,,
JJ2018_Ratio H/M normalized pP3,,
AH2018_SILAC_MR_2_C,,
LATM2013_Log2 Ratio (Medium/Light) Forward,,
PG2020_Intensity 2h_A,,
NJH2024_Sub6_MICT_Mid,,
NJH2025_Sub13_HIIT_Post,,
AH2018_SILAC_MR_3_X,,
JJ2018_Ratio H/M normalized___1,,
RCJD2014_15min_2,,
AS2011_Ratio H/L_2,,
AS2011_Ratio H/L Normalized,,
RN2012_H03,,
HS2024_5_B_N2,,
HS2024_5_I_N1,,
HS2024_6_I_N1,,
AR2021_KD 48h,0.6311914257307693,
FR2021_Intensity.B,,
RB2022_3_PreEndurance,,
HS2024_5_I_T1,,
NJH2024_Sub10_MICT_Pre,,
SR2019_LM2_Biol_repl_2,0.639065093412406,0.5093974949805311
AST2020_anti-CD3,,
SR2019_MDAMB231_Biol_repl_1,0.650446302870774,0.521127366656857
RM2024_Intensity D2-3___3,,
WZ2023_Pe_005_10min,0.6329713326734886,0.4799555969648486
KBE2022_Log2_Ex_29_U,,
HS2024_7_B_T1,,
AH2018_LFQ_M_2_X,,
AH2018_LFQ_IT_4_N,,
CK2022_15 200-1,,
RM2024_Intensity D4-1___2,,
JJ2018_Ratio H/M normalized,,
JJ2018_Ratio M/L normalized pP3___1,,
KBE2022_Log2_Ex_34_T,,
CKC2017_log2 normalized phosphoproteomics_0min_rep#2,,
LY2019_P2+,,
LATM2013_Log2 Ratio (Light/Medium) Reverse,,
CK2022_2 200-1,,
AS2011_Ratio H/L Protein RNAi_2,,
MV2014_Ratio L/H normalized A3___1 (2 min),,
WZ2023_Su_010_30min,0.6338199041016649,0.4739391293992409
RN2012_H01,,
KTGR2014_Ratio-Rapa 2 mins,,
EJN2021_2_Rest_Basal,,
KS2014_Intensity pY_E5_3,,
MM2018_Ratio H/L replicate 3,,
EP2017_Pervanadate R#1 normalized log2 ratio,0.6392331607266966,0.4947474598509847
HS2024_8_B_T3,,
YA2020_Reporter_intensity_Cancer_No.3,,
KBE2022_Log2_Ex_44_U,,
WZ2023_Pe_010_20min,0.6372566128680196,0.48106467320639285
KS2014_Intensity pY_C6,,
AS2011_Ratio H/L Normalized_3,,
RCJD2014_15min_mean,,
RB2022_3_PreStrength,,
NJH2015_iTRAQ Subject 3 116/117 (Exercise/Basal) (normalized),,
RCJD2014_10min_mean,,
KS2014_Intensity C1,,0.49154730735448404
FSO2013_Ratio H/M normalized Rep3___1,,0.49615214303555216
AH2018_SILAC_M_3_C,,
RKK2015_TNF-α+IKKb/TNF-α,,
RM2024_Intensity D0-3___2,,
FSO2012_Ratio -/+ 3-MB-PP1 exp. wt2a,,
AH2018_SILAC_M_2_C,,
AH2018_SILAC_M_2_X,,
KTGR2014_Ratio-Rapa 15 mins,,
RM2024_Intensity D4-2___1,,
KBE2022_Log2_Ex_15_T,,
VOI2024_0.1uM 24 h_1 di,,
WZ2023_Su_010_10min,0.6323683438839772,0.47483849661771027
PG2020_Intensity 6h_C,,
JVO2010_Ratio M/L Normalized by Protein Noco45 - Log2 mitosis,,
JJ2018_Ratio M/L normalized pP1___1,,
AH2018_LFQ_M_3_N,,
VOI2024_0.1uM 24 h_2 mono,,
AH2018_TMTMS2_3_C,,0.48374960380603915
CK2022_15 16-1,,
CK2022_3 16-1,,
LY2019_P4-,,
FSO2013_Ratio H/L normalized Rep3___2,,
KS2014_Intensity pY_PV2,,
HS2024_3_I_N2,,
GF2025_P8_Adh,,
YC2018_Log2(SKBR3-LR/SKBR3)_Rep.2-2,,
GF2025_P5_Sph,,
CK2022_10 16-1,,
KTGR2014_Ratio H L Normalized Rep1_AA_starvation_0_15,,
VOI2024_0.1uM 2 h_2 di,,
NJH2015_TMT Pool 131/130_C (Exercise/Basal) (normalized),,
NJH2024_Sub2_HIIT_Mid,,
AMK2021_45I_p3,,
NJH2024_Sub13_HIIT_Mid,,
DB2022_LFQ intensity R1.2,,
DB2022_Intensity R1,,
NJH2024_Sub12_MICT_Mid,,
KTGR2014_Ratio M L Normalized Rep1_Rapamycin_0_15,,
UK2020_HCM_4,,
SAS2015_AZD/DMSO_Exp2,,
IMM2018_normalised rep. int. CDK5L-1,,
DB2022_LFQ intensity L2.2,,
KTGR2014_Ratio H M Normalized Rep1_AA_starvation_0_15,,
EP2017_Mitotic R#1 log2 ratio,0.6172823123346424,0.4991028290838097
EJN2021_2_Ex_Basal,,
RM2009_Ratio H/L Normalized by Corresponding Protein Level (H:60 min timepoint;L:0 min. timepoint),,
KTGR2014_Ratio-Rapa 30 mins,,
CKC2017_log2 normalized phosphoproteomics_90min_rep#1,,
CF2017_FTE 16,,
AR2021_L41 10 μM,0.5937724221634201,
CF2017_EOC 2,,
RB2022_6_PostEndurance,,
AH2018_SILAC_1_N,,
NJH2024_Sub10_HIIT_Pre,,
AS2011_Ratio H/L Inhi_1_2,,
UK2020_HCM_6,,
RB2022_7_PreSprint,,
NJH2024_Sub2_MICT_Pre,,
HS2024_3_PD_T2,,
CK2022_6 16-1,,
ZX2022_CB treated Replicate 1,,
BS2014_Log2(Ratio H/L normalized Rep_3),,
TM2022_mock.12h.C,,
GRW2016_Ratio M/L normalized SILAC 5a___1,,
HH2022_Reporter intensity 0,,
RM2024_Intensity D2-2___2,,
JC2019_Normalised_intensity_B_TiOx_Testis_sample_URO0126,,
RB2022_1_PreStrength,,
JJ2018_Ratio H/M normalized pP2___2,,
AH2018_TMTMS2_2_X,,0.48827396280140783
AR2021_L41 1 μM,0.611043581605177,
JJ2018_Ratio H/M normalized pP1___2,,
AH2018_TMTMS2_1_N,,0.48914566124260195
NJH2025_Sub10_MICT_Pre,,
JVO2010_Ratio H/M Normalized by Protein Noco45 - Log2 early S,,
ZX2022_Control Replicate 3,,
KS2014_Intensity C4,0.6145588578361362,0.4892188389929334
AS2011_Ratio H/L Inhi_2,,
KBE2022_Log2_Ex_18_T,,
NJH2025_Sub9_MICT_Pre,,
RCJD2014_20min_1,,
MV2014_Ratio H/M normalized B2___1 (5 min),,
FSO2013_Ratio M/L normalized Rep2___3,,
JC2019_Normalised_intensity_C_TiOx_Testis_sample_URO0158,,
SR2019_MCF10A_Biol_repl_3,0.615630794235077,
HS2024_7_B_T2,,
SAS2015_PLX/DMSO_Exp3,,
AMK2021_Ctrl_p5,,
NJH2025_Sub2_HIIT_Mid,,
AH2018_LFQ_M_3_C,,
CKC2017_log2 normalized phosphoproteomics_15min_rep#2,,
YA2020_Reporter_intensity_Cancer_No.2,,
FSO2013_Ratio H/M normalized Rep2___3,,
RB2022_8_PreSprint,,
AH2018_SILAC_IT_3_C,,
WZ2023_Pu_025_10min,0.6270350043302738,0.4715504826294886
RM2024_Intensity D2-2___3,,
AS2011_Ratio H/L_1,,
RCJD2014_10min_3,,
FSO2013_Ratio M/L normalized Rep3___1,,
SR2019_JIMT1_Biol_repl_4,0.6211901823876728,0.4961658897996209
YP2020_Intensity C10_R2_mult_log2,,
ZCP2016_Ratio H/L Rep 2,,
CF2017_EOC 4,,
JJ2018_Ratio H/L normalized pP1___1,,
WZ2023_Pe_010_30min,0.6387218968946909,0.48049100748072443
MV2014_Ratio L/M normalized B2___3 (30 min),,
AH2018_LFQ_IT_3_N,,
KS2014_Intensity C6,,
ZQ2022_N3,,0.4897044869851028
HW2015_Ratio H/L normalized Exp1,,
CK2022_12 40-1,,
NJH2024_Sub7_MICT_Pre,,
ZX2022_Control Replicate 1,,
JJ2018_Ratio H/M normalized pP1,,
CK2022_16 40-1,,
AH2018_SILAC_IT_2_C,,
CK2022_5 40-1,,
AH2018_LFQ_3_X,,
UK2020_UA_3,,
LY2019_P7-,,
GF2025_P5_Adh,,
RB2022_1_PostStrength,,
JAW2011_Ratio H/L LS1b,,
FSO2013_Ratio H/L normalized Rep3___1,,0.4929691515796772
SR2019_HCC1954_Biol_repl_3,0.6306695239617846,0.5110369679807137
CR2017_Ratio Replicate 2.2,0.6260977674902148,0.47694603155296506
VOI2024_0.1uM 2 h_1 mono,,
MV2014_Ratio L/M normalized A2___1 (10 min),,
RNJ2017_Log2_ratio_Tsup:Tstim_D3,,
CK2022_11 16-1,,
ZQ2022_C1,,0.4895373749261275
CR2017_Ratio Replicate 2.1,0.6115091577158042,0.4959353103564961
PG2020_Intensity CT_B,,
JJ2018_Ratio M/L normalized___2,,
AH2018_SILAC_MR_1_N,,
KS2014_Intensity pY_E5_1,,
JW2021_Before_3,,
NJH2015_iTRAQ Subject 2 117/116 (Exercise/Basal) (normalized),,
MV2014_Ratio M/H normalized B3___3 (30 min),,
FS2019_db/db1,,
NJH2025_Sub9_HIIT_Pre,,
JAW2011_Ratio H/L_1,,
RCJD2014_20min_3,,
AH2018_LFQ_3_C,,
JJ2018_Ratio M/L normalized pP3___2,,
AMK2021_45I_p1,,
NJH2025_Sub8_HIIT_Post,,
AH2018_LFQ_M_3_X,,
YA2020_Reporter_intensity_Cancer_No.4,,
KS2014_Intensity pY_E5_2,,
FSO2013_Ratio H/L normalized Rep1___3,,
GF2025_P4_Sph,,
RB2022_2_PreEndurance,,
JW2021_Before_1,,
KBE2022_Log2_Ex_25_T,,
AS2011_Ratio H/L Normalized by Proteins Inhi_2,,
MV2014_Ratio L/M normalized A2___2 (10 min),,
JJ2018_Ratio M/L normalized___1,,
FR2021_Intensity.H,,
CK2022_14 16-1,,
AST2020_anti-CD3+PDL2,,
MV2014_Ratio M/L normalized B1___1 (5 min),,
KBE2022_Log2_Ex_19_T,,
KS2014_Intensity pY_N1,,
RB2022_1_RecoveryEndurance,,
FSO2013_Ratio H/M normalized Rep1___2,,
HS2024_8_I_T1,,
NJH2015_iTRAQ Subject 1 115/114 (Exercise/Basal) (normalized),,
EP2017_Mitotic R#2 log2 ratio,0.6125469573505858,0.5016181171294117
AH2018_TMTMS2_1_X,,0.4891656222945548
KTGR2014_Ratio M L Normalized Rep2_AA_starvation_0_15,,
ZCP2016_Ratio H/L Rep 3,,
AS2011_Ratio H/L Normalized RNAi_1_3,,
SR2019_MCF10A_Biol_repl_1,,
NJH2025_Sub8_MICT_Mid,,
EJN2021_5_Ex_Ins,,
HS2024_6_I_N2,,
HH2022_Reporter intensity 4,,
RBK2021_1326T Late,,
TM2022_mock.12h.B,,
NJH2024_Sub12_MICT_Pre,,
RCJD2014_15min_3,,
MV2014_Ratio L/H normalized B3___2 (5 min),,
LG2023_Control-3_intensity,,0.48860137841948065
JJ2018_Ratio H/L normalized pP3___2,,
CF2017_FTE 15,,
HS2024_4_I_T3,,
AH2018_SILAC_1_X,,
PG2020_Intensity 10h_B,,
AH2018_TMTMS3_1_X,,0.5038752245067569
CF2017_FTE 14,,
NJH2024_Sub13_HIIT_Post,,
RM2024_Intensity D6-3___3,,
NJH2025_Sub7_HIIT_Pre,,
RBK2021_1259T Early,,
RKK2015_IKK+TNF-α/IKKb,,
FSO2012_Ratio -/+ 3-MB-PP1 exp. as1b,,
PG2020_Intensity 6h_A,,
SR2019_HCC1419_Biol_repl_3,0.6323636469416759,0.5024951756845071
KBE2022_Log2_Ex_14_T,,
EP2017_Untreated R#2 normalized log2 ratio,0.6158911627929271,0.4880273144662961
RM2024_Intensity D0-2___1,,
DB2022_Intensity L1,,
LY2019_P5+,,
HS2024_5_I_N2,,
SAS2015_PLX/AZD_Exp3,,
EP2017_Pervanadate R#2 log2 ratio,0.6419977378917581,0.49395686617023443
AS2011_Ratio H/L Normalized RNAi_2_1,,
